image_id,species,camera_id,datetime,bbox_x,bbox_y,bbox_w,bbox_h
GUYRA-SYN-000000,capybara,CAM-008,2024-01-24,563,501,214,171
GUYRA-SYN-000001,capybara,CAM-007,2024-11-24,1827,178,402,316
GUYRA-SYN-000002,jaguar,CAM-002,2024-02-07,476,1034,408,113
GUYRA-SYN-000003,anteater,CAM-013,2024-12-21,1436,859,212,329
GUYRA-SYN-000004,anteater,CAM-018,2024-01-25,1650,326,457,316
GUYRA-SYN-000005,tapir,CAM-018,2024-03-07,1563,689,152,147
GUYRA-SYN-000006,brocket_deer,CAM-007,2024-06-28,704,541,122,473
GUYRA-SYN-000007,brocket_deer,CAM-035,2024-02-13,161,600,421,416
GUYRA-SYN-000008,tapir,CAM-037,2024-04-23,142,93,438,216
GUYRA-SYN-000009,tapir,CAM-006,2024-04-28,206,778,242,332
GUYRA-SYN-000010,capybara,CAM-024,2024-03-12,727,429,443,236
GUYRA-SYN-000011,capybara,CAM-044,2024-11-03,1247,350,373,473
GUYRA-SYN-000012,puma,CAM-011,2024-08-13,552,449,450,266
GUYRA-SYN-000013,jaguar,CAM-015,2024-01-26,646,821,237,133
GUYRA-SYN-000014,puma,CAM-037,2024-12-11,435,1022,302,429
GUYRA-SYN-000015,brocket_deer,CAM-010,2024-05-05,505,538,482,399
GUYRA-SYN-000016,brocket_deer,CAM-038,2024-07-12,449,283,360,352
GUYRA-SYN-000017,jaguar,CAM-049,2024-01-28,224,313,421,181
GUYRA-SYN-000018,capybara,CAM-028,2024-10-03,788,781,405,339
GUYRA-SYN-000019,anteater,CAM-017,2024-09-28,23,234,449,374
GUYRA-SYN-000020,tapir,CAM-050,2024-11-11,228,601,322,180
GUYRA-SYN-000021,brocket_deer,CAM-001,2024-12-24,539,1025,490,191
GUYRA-SYN-000022,anteater,CAM-007,2024-11-10,1723,1039,411,201
GUYRA-SYN-000023,puma,CAM-024,2024-03-18,1594,1,406,265
GUYRA-SYN-000024,brocket_deer,CAM-002,2024-02-12,1799,629,222,129
GUYRA-SYN-000025,puma,CAM-037,2024-02-03,1498,995,135,489
GUYRA-SYN-000026,anteater,CAM-050,2024-03-05,1351,973,381,184
GUYRA-SYN-000027,tapir,CAM-034,2024-10-14,433,411,465,259
GUYRA-SYN-000028,brocket_deer,CAM-043,2024-11-12,897,1059,331,161
GUYRA-SYN-000029,puma,CAM-015,2024-02-11,43,471,401,212
GUYRA-SYN-000030,jaguar,CAM-005,2024-12-21,120,468,134,116
GUYRA-SYN-000031,tapir,CAM-005,2024-09-08,570,994,209,376
GUYRA-SYN-000032,puma,CAM-047,2024-10-19,968,497,342,308
GUYRA-SYN-000033,puma,CAM-007,2024-02-22,882,725,316,310
GUYRA-SYN-000034,brocket_deer,CAM-047,2024-01-22,1338,201,131,306
GUYRA-SYN-000035,capybara,CAM-022,2024-02-08,392,389,374,329
GUYRA-SYN-000036,puma,CAM-028,2024-03-09,947,511,138,326
GUYRA-SYN-000037,anteater,CAM-007,2024-01-21,1107,30,147,485
GUYRA-SYN-000038,puma,CAM-011,2024-07-16,985,437,305,130
GUYRA-SYN-000039,puma,CAM-025,2024-01-13,543,931,246,316
GUYRA-SYN-000040,capybara,CAM-047,2024-09-22,1471,996,179,197
GUYRA-SYN-000041,tapir,CAM-014,2024-01-19,1506,124,482,260
GUYRA-SYN-000042,jaguar,CAM-004,2024-10-16,1029,322,129,360
GUYRA-SYN-000043,jaguar,CAM-012,2024-02-20,139,481,306,161
GUYRA-SYN-000044,anteater,CAM-016,2024-10-20,81,167,314,436
GUYRA-SYN-000045,anteater,CAM-037,2024-09-11,1914,534,204,442
GUYRA-SYN-000046,capybara,CAM-021,2024-04-09,810,268,443,430
GUYRA-SYN-000047,tapir,CAM-030,2024-06-25,1916,148,104,334
GUYRA-SYN-000048,anteater,CAM-037,2024-02-03,1101,436,359,235
GUYRA-SYN-000049,puma,CAM-023,2024-02-08,756,583,180,324
GUYRA-SYN-000050,anteater,CAM-046,2024-05-20,1652,16,441,383
GUYRA-SYN-000051,tapir,CAM-043,2024-02-05,541,236,154,480
GUYRA-SYN-000052,anteater,CAM-010,2024-05-10,1238,431,467,275
GUYRA-SYN-000053,puma,CAM-044,2024-11-28,540,1035,350,228
GUYRA-SYN-000054,jaguar,CAM-006,2024-11-14,1698,566,122,101
GUYRA-SYN-000055,tapir,CAM-050,2024-03-21,536,330,479,326
GUYRA-SYN-000056,anteater,CAM-046,2024-07-18,19,229,138,453
GUYRA-SYN-000057,puma,CAM-035,2024-01-27,756,303,320,165
GUYRA-SYN-000058,jaguar,CAM-020,2024-06-26,1762,81,283,207
GUYRA-SYN-000059,capybara,CAM-016,2024-11-04,724,832,417,483
GUYRA-SYN-000060,puma,CAM-016,2024-03-26,1660,362,311,112
GUYRA-SYN-000061,puma,CAM-048,2024-06-26,1906,843,442,476
GUYRA-SYN-000062,puma,CAM-018,2024-03-26,1436,221,295,119
GUYRA-SYN-000063,brocket_deer,CAM-015,2024-04-27,1880,942,279,256
GUYRA-SYN-000064,puma,CAM-015,2024-01-22,395,816,268,242
GUYRA-SYN-000065,jaguar,CAM-050,2024-05-12,1313,1043,304,447
GUYRA-SYN-000066,anteater,CAM-022,2024-01-04,1796,534,191,397
GUYRA-SYN-000067,tapir,CAM-003,2024-02-20,889,707,473,260
GUYRA-SYN-000068,brocket_deer,CAM-039,2024-09-04,788,389,230,122
GUYRA-SYN-000069,capybara,CAM-028,2024-01-17,1895,403,286,320
GUYRA-SYN-000070,jaguar,CAM-043,2024-06-20,642,255,468,253
GUYRA-SYN-000071,anteater,CAM-020,2024-11-14,668,824,456,251
GUYRA-SYN-000072,anteater,CAM-009,2024-04-14,1361,776,446,483
GUYRA-SYN-000073,puma,CAM-040,2024-10-10,831,0,255,246
GUYRA-SYN-000074,puma,CAM-028,2024-10-20,1340,659,338,326
GUYRA-SYN-000075,brocket_deer,CAM-044,2024-04-17,969,347,437,143
GUYRA-SYN-000076,tapir,CAM-033,2024-11-21,1268,686,147,484
GUYRA-SYN-000077,puma,CAM-044,2024-05-08,1651,407,175,112
GUYRA-SYN-000078,jaguar,CAM-016,2024-08-20,1740,149,333,312
GUYRA-SYN-000079,capybara,CAM-037,2024-04-23,1426,786,353,304
GUYRA-SYN-000080,puma,CAM-010,2024-11-23,11,218,498,317
GUYRA-SYN-000081,puma,CAM-012,2024-12-17,951,102,385,227
GUYRA-SYN-000082,jaguar,CAM-030,2024-03-26,951,649,486,326
GUYRA-SYN-000083,anteater,CAM-047,2024-09-14,1701,913,181,480
GUYRA-SYN-000084,brocket_deer,CAM-029,2024-05-25,506,567,492,498
GUYRA-SYN-000085,anteater,CAM-032,2024-11-08,562,900,139,465
GUYRA-SYN-000086,tapir,CAM-016,2024-05-11,654,165,170,177
GUYRA-SYN-000087,puma,CAM-025,2024-12-05,1446,438,132,312
GUYRA-SYN-000088,brocket_deer,CAM-022,2024-09-15,851,127,205,315
GUYRA-SYN-000089,brocket_deer,CAM-050,2024-10-23,40,779,344,103
GUYRA-SYN-000090,tapir,CAM-020,2024-07-28,1826,858,375,482
GUYRA-SYN-000091,capybara,CAM-035,2024-10-08,999,449,239,323
GUYRA-SYN-000092,brocket_deer,CAM-002,2024-07-11,1369,828,470,184
GUYRA-SYN-000093,brocket_deer,CAM-009,2024-10-18,55,806,403,388
GUYRA-SYN-000094,capybara,CAM-002,2024-02-21,877,277,336,193
GUYRA-SYN-000095,jaguar,CAM-017,2024-07-11,433,931,267,272
GUYRA-SYN-000096,brocket_deer,CAM-018,2024-07-09,1709,167,340,109
GUYRA-SYN-000097,capybara,CAM-035,2024-01-12,459,140,499,433
GUYRA-SYN-000098,jaguar,CAM-049,2024-01-08,408,41,418,178
GUYRA-SYN-000099,puma,CAM-009,2024-08-22,234,446,338,458
GUYRA-SYN-000100,tapir,CAM-050,2024-06-06,1240,234,498,183
GUYRA-SYN-000101,tapir,CAM-007,2024-10-01,1902,638,394,446
GUYRA-SYN-000102,brocket_deer,CAM-026,2024-12-07,155,497,152,456
GUYRA-SYN-000103,tapir,CAM-044,2024-10-26,247,84,277,372
GUYRA-SYN-000104,brocket_deer,CAM-043,2024-06-03,1036,698,106,315
GUYRA-SYN-000105,brocket_deer,CAM-007,2024-07-12,1301,941,462,178
GUYRA-SYN-000106,brocket_deer,CAM-012,2024-12-17,1332,553,415,375
GUYRA-SYN-000107,brocket_deer,CAM-030,2024-07-27,1497,549,265,225
GUYRA-SYN-000108,jaguar,CAM-018,2024-08-08,1536,951,391,412
GUYRA-SYN-000109,capybara,CAM-025,2024-06-01,1012,665,193,349
GUYRA-SYN-000110,puma,CAM-023,2024-05-11,572,565,384,105
GUYRA-SYN-000111,anteater,CAM-013,2024-02-08,1474,832,350,384
GUYRA-SYN-000112,puma,CAM-045,2024-08-21,1457,1005,329,108
GUYRA-SYN-000113,jaguar,CAM-019,2024-04-13,1416,498,256,439
GUYRA-SYN-000114,anteater,CAM-024,2024-08-18,1087,704,317,481
GUYRA-SYN-000115,anteater,CAM-022,2024-06-23,929,554,256,228
GUYRA-SYN-000116,puma,CAM-008,2024-12-07,646,244,480,374
GUYRA-SYN-000117,capybara,CAM-012,2024-04-07,1512,991,241,470
GUYRA-SYN-000118,anteater,CAM-049,2024-09-20,579,205,199,251
GUYRA-SYN-000119,puma,CAM-024,2024-03-10,28,259,240,123
GUYRA-SYN-000120,jaguar,CAM-036,2024-05-23,258,1005,152,106
GUYRA-SYN-000121,anteater,CAM-019,2024-08-16,902,697,194,126
GUYRA-SYN-000122,tapir,CAM-031,2024-02-27,133,820,351,137
GUYRA-SYN-000123,anteater,CAM-041,2024-11-02,310,305,388,255
GUYRA-SYN-000124,jaguar,CAM-016,2024-02-18,1565,852,410,405
GUYRA-SYN-000125,anteater,CAM-015,2024-09-13,922,906,252,401
GUYRA-SYN-000126,brocket_deer,CAM-020,2024-10-20,123,203,490,206
GUYRA-SYN-000127,capybara,CAM-014,2024-05-22,166,321,222,188
GUYRA-SYN-000128,anteater,CAM-005,2024-03-01,836,922,452,404
GUYRA-SYN-000129,brocket_deer,CAM-019,2024-01-08,590,579,459,332
GUYRA-SYN-000130,jaguar,CAM-044,2024-04-09,1613,405,317,158
GUYRA-SYN-000131,anteater,CAM-015,2024-11-05,1860,544,172,136
GUYRA-SYN-000132,jaguar,CAM-011,2024-05-20,1533,591,324,163
GUYRA-SYN-000133,brocket_deer,CAM-045,2024-05-23,824,557,356,376
GUYRA-SYN-000134,brocket_deer,CAM-029,2024-02-20,81,884,476,265
GUYRA-SYN-000135,anteater,CAM-017,2024-01-03,468,42,491,444
GUYRA-SYN-000136,tapir,CAM-037,2024-01-25,1548,358,340,365
GUYRA-SYN-000137,capybara,CAM-029,2024-05-06,1198,892,425,351
GUYRA-SYN-000138,jaguar,CAM-031,2024-06-14,682,657,443,153
GUYRA-SYN-000139,puma,CAM-022,2024-07-23,1014,590,439,305
GUYRA-SYN-000140,anteater,CAM-003,2024-08-03,644,516,265,159
GUYRA-SYN-000141,brocket_deer,CAM-033,2024-01-22,1780,946,311,127
GUYRA-SYN-000142,puma,CAM-034,2024-06-20,1549,1020,420,326
GUYRA-SYN-000143,jaguar,CAM-014,2024-05-18,268,589,324,457
GUYRA-SYN-000144,brocket_deer,CAM-008,2024-01-21,1246,490,463,181
GUYRA-SYN-000145,tapir,CAM-036,2024-01-18,835,190,215,158
GUYRA-SYN-000146,brocket_deer,CAM-008,2024-11-27,315,1020,466,249
GUYRA-SYN-000147,anteater,CAM-046,2024-05-14,1709,988,341,224
GUYRA-SYN-000148,brocket_deer,CAM-036,2024-03-13,390,1040,482,169
GUYRA-SYN-000149,jaguar,CAM-018,2024-07-11,1913,1039,236,101
GUYRA-SYN-000150,tapir,CAM-047,2024-05-27,1202,1002,176,328
GUYRA-SYN-000151,anteater,CAM-031,2024-06-11,1130,772,333,264
GUYRA-SYN-000152,puma,CAM-045,2024-04-19,784,478,497,310
GUYRA-SYN-000153,jaguar,CAM-021,2024-12-16,1444,780,297,439
GUYRA-SYN-000154,capybara,CAM-010,2024-08-02,258,1028,402,269
GUYRA-SYN-000155,jaguar,CAM-029,2024-02-17,1864,935,107,469
GUYRA-SYN-000156,puma,CAM-027,2024-11-05,153,961,500,235
GUYRA-SYN-000157,tapir,CAM-040,2024-12-13,1330,164,268,445
GUYRA-SYN-000158,anteater,CAM-025,2024-06-21,1471,999,377,118
GUYRA-SYN-000159,anteater,CAM-005,2024-04-21,1401,588,216,482
GUYRA-SYN-000160,jaguar,CAM-028,2024-02-25,1297,205,327,185
GUYRA-SYN-000161,capybara,CAM-020,2024-01-02,664,114,250,283
GUYRA-SYN-000162,tapir,CAM-028,2024-03-08,1087,843,389,449
GUYRA-SYN-000163,puma,CAM-011,2024-03-03,1248,783,417,449
GUYRA-SYN-000164,puma,CAM-032,2024-10-05,475,944,426,230
GUYRA-SYN-000165,brocket_deer,CAM-017,2024-11-01,1840,952,247,446
GUYRA-SYN-000166,anteater,CAM-011,2024-02-15,707,612,427,317
GUYRA-SYN-000167,capybara,CAM-017,2024-08-28,618,407,296,347
GUYRA-SYN-000168,jaguar,CAM-016,2024-07-19,735,605,458,251
GUYRA-SYN-000169,jaguar,CAM-043,2024-07-09,16,100,410,481
GUYRA-SYN-000170,brocket_deer,CAM-019,2024-04-20,1642,721,212,425
GUYRA-SYN-000171,puma,CAM-040,2024-05-22,1547,280,421,149
GUYRA-SYN-000172,capybara,CAM-042,2024-01-10,1615,902,117,396
GUYRA-SYN-000173,tapir,CAM-047,2024-03-03,1862,604,267,482
GUYRA-SYN-000174,brocket_deer,CAM-012,2024-04-05,1610,749,371,356
GUYRA-SYN-000175,tapir,CAM-011,2024-05-27,986,604,482,273
GUYRA-SYN-000176,jaguar,CAM-030,2024-02-05,1544,462,446,470
GUYRA-SYN-000177,capybara,CAM-026,2024-09-12,184,808,107,235
GUYRA-SYN-000178,anteater,CAM-008,2024-08-12,1377,536,399,295
GUYRA-SYN-000179,capybara,CAM-024,2024-02-22,478,965,112,417
GUYRA-SYN-000180,anteater,CAM-021,2024-10-08,1326,129,425,337
GUYRA-SYN-000181,capybara,CAM-020,2024-11-14,238,286,123,119
GUYRA-SYN-000182,tapir,CAM-032,2024-02-04,480,277,298,332
GUYRA-SYN-000183,tapir,CAM-043,2024-12-23,1106,858,400,480
GUYRA-SYN-000184,capybara,CAM-010,2024-07-21,202,1002,415,308
GUYRA-SYN-000185,tapir,CAM-003,2024-12-12,444,908,327,220
GUYRA-SYN-000186,tapir,CAM-007,2024-11-12,1115,734,131,303
GUYRA-SYN-000187,tapir,CAM-013,2024-02-28,1687,931,146,439
GUYRA-SYN-000188,puma,CAM-042,2024-11-20,43,103,270,224
GUYRA-SYN-000189,puma,CAM-037,2024-04-03,1699,424,400,210
GUYRA-SYN-000190,puma,CAM-022,2024-03-26,1844,5,241,174
GUYRA-SYN-000191,puma,CAM-035,2024-05-26,357,225,438,113
GUYRA-SYN-000192,puma,CAM-001,2024-06-26,1614,487,401,265
GUYRA-SYN-000193,jaguar,CAM-012,2024-05-02,259,862,369,158
GUYRA-SYN-000194,capybara,CAM-005,2024-08-15,1593,741,362,403
GUYRA-SYN-000195,jaguar,CAM-029,2024-09-08,1259,88,472,437
GUYRA-SYN-000196,anteater,CAM-020,2024-08-21,63,124,345,305
GUYRA-SYN-000197,brocket_deer,CAM-044,2024-02-16,1458,908,137,141
GUYRA-SYN-000198,tapir,CAM-039,2024-03-03,258,563,419,424
GUYRA-SYN-000199,anteater,CAM-036,2024-12-11,780,603,332,358
GUYRA-SYN-000200,anteater,CAM-028,2024-02-26,1437,234,435,433
GUYRA-SYN-000201,anteater,CAM-047,2024-04-14,924,467,311,273
GUYRA-SYN-000202,brocket_deer,CAM-026,2024-07-24,194,640,318,260
GUYRA-SYN-000203,capybara,CAM-017,2024-06-05,1406,971,134,146
GUYRA-SYN-000204,jaguar,CAM-006,2024-07-04,1524,763,166,384
GUYRA-SYN-000205,jaguar,CAM-038,2024-09-18,675,250,310,281
GUYRA-SYN-000206,capybara,CAM-049,2024-07-28,1875,105,247,407
GUYRA-SYN-000207,tapir,CAM-023,2024-02-19,1039,435,179,436
GUYRA-SYN-000208,brocket_deer,CAM-015,2024-02-12,1731,752,158,490
GUYRA-SYN-000209,tapir,CAM-037,2024-04-26,878,53,411,436
GUYRA-SYN-000210,capybara,CAM-018,2024-01-06,559,632,273,279
GUYRA-SYN-000211,jaguar,CAM-012,2024-03-19,1346,820,135,172
GUYRA-SYN-000212,capybara,CAM-041,2024-01-03,1528,440,292,314
GUYRA-SYN-000213,brocket_deer,CAM-022,2024-03-12,638,664,497,390
GUYRA-SYN-000214,anteater,CAM-006,2024-01-05,322,101,445,141
GUYRA-SYN-000215,tapir,CAM-029,2024-11-14,994,905,312,239
GUYRA-SYN-000216,puma,CAM-049,2024-09-04,706,880,156,245
GUYRA-SYN-000217,capybara,CAM-044,2024-10-16,1079,631,123,212
GUYRA-SYN-000218,brocket_deer,CAM-039,2024-01-01,418,617,208,492
GUYRA-SYN-000219,puma,CAM-049,2024-05-10,671,245,103,354
GUYRA-SYN-000220,capybara,CAM-028,2024-03-05,778,471,356,386
GUYRA-SYN-000221,capybara,CAM-023,2024-02-13,1764,86,323,109
GUYRA-SYN-000222,brocket_deer,CAM-005,2024-06-19,879,828,463,427
GUYRA-SYN-000223,brocket_deer,CAM-019,2024-02-13,42,665,187,416
GUYRA-SYN-000224,brocket_deer,CAM-045,2024-06-03,894,216,224,323
GUYRA-SYN-000225,anteater,CAM-026,2024-09-03,810,635,481,273
GUYRA-SYN-000226,puma,CAM-022,2024-03-03,1045,233,371,361
GUYRA-SYN-000227,puma,CAM-050,2024-06-12,1489,302,220,152
GUYRA-SYN-000228,puma,CAM-017,2024-04-06,1233,313,489,488
GUYRA-SYN-000229,capybara,CAM-005,2024-03-25,1286,1011,337,486
GUYRA-SYN-000230,anteater,CAM-049,2024-10-15,1394,661,421,261
GUYRA-SYN-000231,puma,CAM-029,2024-02-16,905,620,240,402
GUYRA-SYN-000232,jaguar,CAM-023,2024-09-03,635,945,331,119
GUYRA-SYN-000233,jaguar,CAM-024,2024-05-03,1320,184,414,404
GUYRA-SYN-000234,anteater,CAM-025,2024-08-19,1135,84,330,392
GUYRA-SYN-000235,capybara,CAM-013,2024-06-20,974,1026,177,131
GUYRA-SYN-000236,brocket_deer,CAM-007,2024-06-23,172,1033,430,188
GUYRA-SYN-000237,jaguar,CAM-016,2024-12-15,899,1073,367,412
GUYRA-SYN-000238,puma,CAM-024,2024-06-10,793,837,496,273
GUYRA-SYN-000239,capybara,CAM-039,2024-01-26,1292,685,133,268
GUYRA-SYN-000240,jaguar,CAM-036,2024-11-13,581,516,470,436
GUYRA-SYN-000241,anteater,CAM-010,2024-06-03,1193,289,279,258
GUYRA-SYN-000242,capybara,CAM-045,2024-11-13,264,173,258,386
GUYRA-SYN-000243,brocket_deer,CAM-042,2024-06-27,261,1078,147,430
GUYRA-SYN-000244,capybara,CAM-028,2024-09-12,37,742,258,192
GUYRA-SYN-000245,puma,CAM-022,2024-08-07,463,281,179,139
GUYRA-SYN-000246,tapir,CAM-007,2024-09-25,1105,1078,119,438
GUYRA-SYN-000247,tapir,CAM-050,2024-10-05,1223,771,178,183
GUYRA-SYN-000248,puma,CAM-045,2024-10-26,1848,339,469,324
GUYRA-SYN-000249,jaguar,CAM-027,2024-06-22,1473,486,327,412
GUYRA-SYN-000250,tapir,CAM-049,2024-12-26,919,479,373,222
GUYRA-SYN-000251,tapir,CAM-031,2024-04-12,1389,902,336,493
GUYRA-SYN-000252,tapir,CAM-050,2024-07-17,1080,857,182,202
GUYRA-SYN-000253,anteater,CAM-009,2024-05-02,1313,984,290,383
GUYRA-SYN-000254,jaguar,CAM-046,2024-09-28,255,583,142,490
GUYRA-SYN-000255,puma,CAM-018,2024-08-17,301,895,146,213
GUYRA-SYN-000256,brocket_deer,CAM-023,2024-01-14,109,811,357,291
GUYRA-SYN-000257,puma,CAM-025,2024-02-12,459,57,263,150
GUYRA-SYN-000258,capybara,CAM-042,2024-06-26,299,281,119,246
GUYRA-SYN-000259,brocket_deer,CAM-045,2024-03-25,1444,960,329,415
GUYRA-SYN-000260,jaguar,CAM-006,2024-01-09,441,306,380,472
GUYRA-SYN-000261,anteater,CAM-034,2024-07-04,1589,590,221,254
GUYRA-SYN-000262,jaguar,CAM-004,2024-04-14,1308,936,132,156
GUYRA-SYN-000263,brocket_deer,CAM-039,2024-09-01,1294,1055,394,223
GUYRA-SYN-000264,capybara,CAM-010,2024-05-14,3,722,223,392
GUYRA-SYN-000265,brocket_deer,CAM-012,2024-11-22,175,1072,284,134
GUYRA-SYN-000266,anteater,CAM-035,2024-09-26,1039,41,299,340
GUYRA-SYN-000267,jaguar,CAM-041,2024-07-12,519,33,282,134
GUYRA-SYN-000268,tapir,CAM-016,2024-12-22,1286,212,495,397
GUYRA-SYN-000269,capybara,CAM-049,2024-06-05,90,721,379,273
GUYRA-SYN-000270,capybara,CAM-012,2024-11-15,1424,980,423,193
GUYRA-SYN-000271,puma,CAM-005,2024-12-25,937,75,250,203
GUYRA-SYN-000272,jaguar,CAM-013,2024-01-11,1911,635,363,303
GUYRA-SYN-000273,anteater,CAM-031,2024-05-02,1542,391,246,282
GUYRA-SYN-000274,jaguar,CAM-042,2024-06-09,254,753,323,304
GUYRA-SYN-000275,capybara,CAM-029,2024-07-11,382,1016,454,354
GUYRA-SYN-000276,tapir,CAM-034,2024-05-26,169,869,140,320
GUYRA-SYN-000277,anteater,CAM-012,2024-09-10,657,210,140,267
GUYRA-SYN-000278,capybara,CAM-019,2024-05-15,1234,872,185,453
GUYRA-SYN-000279,brocket_deer,CAM-023,2024-08-02,1488,722,414,322
GUYRA-SYN-000280,tapir,CAM-041,2024-01-03,1374,831,286,362
GUYRA-SYN-000281,capybara,CAM-044,2024-03-01,292,897,117,164
GUYRA-SYN-000282,jaguar,CAM-016,2024-11-12,741,784,390,116
GUYRA-SYN-000283,anteater,CAM-010,2024-11-15,759,761,327,490
GUYRA-SYN-000284,jaguar,CAM-037,2024-03-17,751,815,260,432
GUYRA-SYN-000285,tapir,CAM-016,2024-02-01,1506,381,355,365
GUYRA-SYN-000286,brocket_deer,CAM-036,2024-02-09,1587,533,460,328
GUYRA-SYN-000287,puma,CAM-040,2024-05-23,1876,1005,202,162
GUYRA-SYN-000288,puma,CAM-005,2024-08-06,1840,911,144,449
GUYRA-SYN-000289,tapir,CAM-043,2024-06-23,132,594,253,180
GUYRA-SYN-000290,capybara,CAM-046,2024-12-21,356,740,360,214
GUYRA-SYN-000291,jaguar,CAM-013,2024-03-08,1618,1011,113,284
GUYRA-SYN-000292,anteater,CAM-037,2024-06-15,1645,265,413,144
GUYRA-SYN-000293,jaguar,CAM-020,2024-07-23,1472,980,369,310
GUYRA-SYN-000294,brocket_deer,CAM-037,2024-02-05,649,151,330,338
GUYRA-SYN-000295,capybara,CAM-034,2024-06-05,1798,372,493,166
GUYRA-SYN-000296,brocket_deer,CAM-033,2024-01-27,254,1061,178,255
GUYRA-SYN-000297,puma,CAM-011,2024-06-23,461,708,365,245
GUYRA-SYN-000298,jaguar,CAM-017,2024-04-21,1128,562,164,420
GUYRA-SYN-000299,tapir,CAM-040,2024-09-03,1029,345,403,397
GUYRA-SYN-000300,puma,CAM-011,2024-11-20,1475,691,388,121
GUYRA-SYN-000301,jaguar,CAM-006,2024-01-21,1579,542,433,207
GUYRA-SYN-000302,anteater,CAM-027,2024-10-21,62,1019,421,379
GUYRA-SYN-000303,tapir,CAM-042,2024-05-16,501,831,252,332
GUYRA-SYN-000304,jaguar,CAM-045,2024-01-06,900,851,347,337
GUYRA-SYN-000305,puma,CAM-022,2024-10-05,640,653,475,276
GUYRA-SYN-000306,brocket_deer,CAM-009,2024-06-17,1150,217,263,223
GUYRA-SYN-000307,brocket_deer,CAM-008,2024-05-15,507,288,149,125
GUYRA-SYN-000308,tapir,CAM-025,2024-10-14,508,327,267,395
GUYRA-SYN-000309,capybara,CAM-021,2024-04-25,326,1020,363,339
GUYRA-SYN-000310,brocket_deer,CAM-020,2024-08-01,184,805,358,334
GUYRA-SYN-000311,puma,CAM-014,2024-10-12,99,103,244,353
GUYRA-SYN-000312,anteater,CAM-042,2024-11-16,585,16,155,320
GUYRA-SYN-000313,puma,CAM-017,2024-12-12,1564,825,287,123
GUYRA-SYN-000314,brocket_deer,CAM-004,2024-10-18,398,742,383,247
GUYRA-SYN-000315,jaguar,CAM-025,2024-09-15,1565,572,419,448
GUYRA-SYN-000316,anteater,CAM-008,2024-03-04,806,764,273,385
GUYRA-SYN-000317,tapir,CAM-049,2024-03-07,1233,1042,305,356
GUYRA-SYN-000318,jaguar,CAM-003,2024-01-05,1461,682,342,365
GUYRA-SYN-000319,brocket_deer,CAM-010,2024-10-17,286,671,413,263
GUYRA-SYN-000320,puma,CAM-026,2024-10-24,1725,612,403,272
GUYRA-SYN-000321,anteater,CAM-033,2024-09-16,1451,613,343,108
GUYRA-SYN-000322,tapir,CAM-022,2024-11-04,853,630,471,452
GUYRA-SYN-000323,capybara,CAM-002,2024-10-16,543,466,469,126
GUYRA-SYN-000324,anteater,CAM-031,2024-03-17,1288,778,175,448
GUYRA-SYN-000325,puma,CAM-003,2024-10-23,225,390,109,325
GUYRA-SYN-000326,tapir,CAM-027,2024-03-14,1414,417,310,356
GUYRA-SYN-000327,anteater,CAM-031,2024-12-24,127,282,365,206
GUYRA-SYN-000328,anteater,CAM-021,2024-11-16,1076,771,260,188
GUYRA-SYN-000329,brocket_deer,CAM-035,2024-06-18,725,541,412,347
GUYRA-SYN-000330,puma,CAM-016,2024-05-18,611,460,252,494
GUYRA-SYN-000331,tapir,CAM-046,2024-04-23,1443,1001,262,345
GUYRA-SYN-000332,tapir,CAM-036,2024-12-09,589,249,393,446
GUYRA-SYN-000333,anteater,CAM-025,2024-07-27,706,299,248,121
GUYRA-SYN-000334,tapir,CAM-046,2024-02-12,1892,905,435,231
GUYRA-SYN-000335,capybara,CAM-031,2024-04-07,1695,555,387,456
GUYRA-SYN-000336,tapir,CAM-009,2024-02-20,1517,490,224,125
GUYRA-SYN-000337,capybara,CAM-034,2024-04-21,476,107,151,311
GUYRA-SYN-000338,tapir,CAM-046,2024-08-04,1395,281,102,381
GUYRA-SYN-000339,puma,CAM-027,2024-11-16,977,408,487,247
GUYRA-SYN-000340,tapir,CAM-019,2024-11-02,1859,183,433,393
GUYRA-SYN-000341,puma,CAM-035,2024-12-24,1741,76,189,313
GUYRA-SYN-000342,puma,CAM-003,2024-07-26,1014,381,483,248
GUYRA-SYN-000343,jaguar,CAM-001,2024-05-19,1234,219,271,245
GUYRA-SYN-000344,brocket_deer,CAM-042,2024-09-17,1011,274,358,339
GUYRA-SYN-000345,tapir,CAM-013,2024-02-11,332,939,431,231
GUYRA-SYN-000346,capybara,CAM-012,2024-01-24,690,604,390,445
GUYRA-SYN-000347,puma,CAM-012,2024-10-28,1308,830,318,363
GUYRA-SYN-000348,tapir,CAM-006,2024-07-22,195,378,171,344
GUYRA-SYN-000349,tapir,CAM-016,2024-01-09,785,482,328,485
GUYRA-SYN-000350,tapir,CAM-022,2024-05-19,1480,23,233,434
GUYRA-SYN-000351,tapir,CAM-045,2024-04-02,1367,242,338,257
GUYRA-SYN-000352,puma,CAM-026,2024-11-17,1890,636,453,160
GUYRA-SYN-000353,capybara,CAM-019,2024-06-20,452,448,168,344
GUYRA-SYN-000354,puma,CAM-030,2024-12-20,765,851,459,381
GUYRA-SYN-000355,brocket_deer,CAM-049,2024-09-26,1360,447,490,226
GUYRA-SYN-000356,capybara,CAM-049,2024-10-28,1612,167,369,328
GUYRA-SYN-000357,anteater,CAM-046,2024-06-03,1878,229,131,380
GUYRA-SYN-000358,anteater,CAM-013,2024-10-18,306,336,267,366
GUYRA-SYN-000359,brocket_deer,CAM-008,2024-11-07,1468,1001,146,361
GUYRA-SYN-000360,brocket_deer,CAM-004,2024-08-05,1051,850,333,388
GUYRA-SYN-000361,jaguar,CAM-036,2024-08-22,1652,631,470,111
GUYRA-SYN-000362,brocket_deer,CAM-017,2024-01-24,446,149,123,316
GUYRA-SYN-000363,tapir,CAM-045,2024-02-18,123,141,341,116
GUYRA-SYN-000364,tapir,CAM-027,2024-03-25,277,860,291,295
GUYRA-SYN-000365,brocket_deer,CAM-025,2024-07-03,1398,272,434,278
GUYRA-SYN-000366,jaguar,CAM-012,2024-09-13,1083,260,472,214
GUYRA-SYN-000367,jaguar,CAM-049,2024-01-10,948,868,372,294
GUYRA-SYN-000368,puma,CAM-016,2024-08-12,317,564,196,471
GUYRA-SYN-000369,jaguar,CAM-003,2024-11-14,1259,32,223,205
GUYRA-SYN-000370,jaguar,CAM-007,2024-10-02,914,99,225,479
GUYRA-SYN-000371,jaguar,CAM-026,2024-08-08,1105,444,486,497
GUYRA-SYN-000372,jaguar,CAM-009,2024-09-10,479,653,395,406
GUYRA-SYN-000373,capybara,CAM-021,2024-04-10,1794,293,438,366
GUYRA-SYN-000374,puma,CAM-027,2024-05-09,124,358,420,447
GUYRA-SYN-000375,brocket_deer,CAM-036,2024-08-02,705,780,368,263
GUYRA-SYN-000376,capybara,CAM-027,2024-07-05,614,770,194,486
GUYRA-SYN-000377,anteater,CAM-031,2024-04-28,461,615,462,173
GUYRA-SYN-000378,brocket_deer,CAM-004,2024-09-14,853,274,298,224
GUYRA-SYN-000379,tapir,CAM-014,2024-06-21,161,921,289,147
GUYRA-SYN-000380,anteater,CAM-047,2024-04-02,549,772,444,409
GUYRA-SYN-000381,anteater,CAM-003,2024-02-07,1647,444,345,206
GUYRA-SYN-000382,tapir,CAM-020,2024-01-07,1919,389,479,160
GUYRA-SYN-000383,capybara,CAM-049,2024-08-08,1424,418,303,222
GUYRA-SYN-000384,anteater,CAM-021,2024-05-13,954,735,257,233
GUYRA-SYN-000385,tapir,CAM-033,2024-08-15,201,961,489,263
GUYRA-SYN-000386,puma,CAM-024,2024-06-14,93,453,479,174
GUYRA-SYN-000387,jaguar,CAM-017,2024-09-19,1186,855,251,178
GUYRA-SYN-000388,puma,CAM-022,2024-04-13,1166,503,355,381
GUYRA-SYN-000389,capybara,CAM-044,2024-06-09,1563,1000,470,428
GUYRA-SYN-000390,capybara,CAM-032,2024-08-06,1500,721,186,171
GUYRA-SYN-000391,capybara,CAM-035,2024-08-06,1877,120,368,117
GUYRA-SYN-000392,jaguar,CAM-043,2024-01-25,13,844,170,422
GUYRA-SYN-000393,puma,CAM-005,2024-12-05,18,447,358,333
GUYRA-SYN-000394,tapir,CAM-004,2024-10-21,1365,989,437,349
GUYRA-SYN-000395,jaguar,CAM-001,2024-09-18,842,24,108,371
GUYRA-SYN-000396,capybara,CAM-018,2024-09-10,35,1028,457,445
GUYRA-SYN-000397,brocket_deer,CAM-012,2024-02-04,1073,304,223,198
GUYRA-SYN-000398,anteater,CAM-034,2024-05-27,725,547,303,140
GUYRA-SYN-000399,tapir,CAM-026,2024-08-19,498,462,253,450
GUYRA-SYN-000400,jaguar,CAM-042,2024-11-25,64,191,307,294
GUYRA-SYN-000401,brocket_deer,CAM-036,2024-08-02,1304,19,459,187
GUYRA-SYN-000402,jaguar,CAM-032,2024-07-21,1606,678,389,148
GUYRA-SYN-000403,anteater,CAM-003,2024-04-07,1845,973,238,123
GUYRA-SYN-000404,jaguar,CAM-044,2024-05-18,1154,67,191,261
GUYRA-SYN-000405,jaguar,CAM-014,2024-10-05,1540,815,139,253
GUYRA-SYN-000406,puma,CAM-037,2024-04-19,1709,796,446,376
GUYRA-SYN-000407,tapir,CAM-025,2024-12-05,1618,160,356,481
GUYRA-SYN-000408,tapir,CAM-004,2024-02-14,475,155,274,409
GUYRA-SYN-000409,anteater,CAM-039,2024-07-25,668,60,424,239
GUYRA-SYN-000410,brocket_deer,CAM-032,2024-04-12,1132,768,321,195
GUYRA-SYN-000411,capybara,CAM-038,2024-11-13,175,604,226,465
GUYRA-SYN-000412,jaguar,CAM-006,2024-05-05,778,315,478,299
GUYRA-SYN-000413,tapir,CAM-024,2024-02-03,10,631,327,284
GUYRA-SYN-000414,tapir,CAM-007,2024-03-03,383,882,329,385
GUYRA-SYN-000415,anteater,CAM-033,2024-07-04,53,183,281,383
GUYRA-SYN-000416,jaguar,CAM-039,2024-10-26,664,788,106,249
GUYRA-SYN-000417,brocket_deer,CAM-025,2024-02-24,1845,497,392,366
GUYRA-SYN-000418,puma,CAM-044,2024-07-06,284,550,254,237
GUYRA-SYN-000419,brocket_deer,CAM-010,2024-02-06,890,565,315,253
GUYRA-SYN-000420,brocket_deer,CAM-005,2024-06-09,505,1015,404,415
GUYRA-SYN-000421,puma,CAM-030,2024-02-05,623,13,302,270
GUYRA-SYN-000422,anteater,CAM-025,2024-06-15,685,881,433,404
GUYRA-SYN-000423,puma,CAM-020,2024-06-20,1423,411,345,260
GUYRA-SYN-000424,puma,CAM-026,2024-06-10,1505,1005,394,500
GUYRA-SYN-000425,puma,CAM-021,2024-07-09,1672,804,286,158
GUYRA-SYN-000426,anteater,CAM-013,2024-10-18,368,55,472,336
GUYRA-SYN-000427,capybara,CAM-014,2024-08-26,596,141,309,444
GUYRA-SYN-000428,brocket_deer,CAM-009,2024-11-10,495,517,437,178
GUYRA-SYN-000429,capybara,CAM-028,2024-07-03,919,981,398,305
GUYRA-SYN-000430,anteater,CAM-033,2024-12-14,1113,75,284,459
GUYRA-SYN-000431,anteater,CAM-039,2024-11-03,223,508,436,440
GUYRA-SYN-000432,tapir,CAM-011,2024-11-20,90,818,485,269
GUYRA-SYN-000433,brocket_deer,CAM-007,2024-01-04,529,454,361,482
GUYRA-SYN-000434,anteater,CAM-036,2024-10-23,1178,452,328,291
GUYRA-SYN-000435,brocket_deer,CAM-030,2024-11-19,1414,1024,177,276
GUYRA-SYN-000436,jaguar,CAM-031,2024-02-10,851,175,159,473
GUYRA-SYN-000437,puma,CAM-023,2024-05-11,932,423,366,347
GUYRA-SYN-000438,tapir,CAM-031,2024-02-15,1478,926,263,134
GUYRA-SYN-000439,tapir,CAM-003,2024-12-04,46,702,431,155
GUYRA-SYN-000440,capybara,CAM-011,2024-12-08,1056,357,382,181
GUYRA-SYN-000441,tapir,CAM-036,2024-07-15,474,829,422,194
GUYRA-SYN-000442,puma,CAM-041,2024-11-14,810,59,477,414
GUYRA-SYN-000443,puma,CAM-029,2024-10-14,796,9,460,209
GUYRA-SYN-000444,puma,CAM-018,2024-12-26,1630,128,395,152
GUYRA-SYN-000445,anteater,CAM-012,2024-06-11,403,937,158,234
GUYRA-SYN-000446,capybara,CAM-032,2024-09-21,641,795,412,300
GUYRA-SYN-000447,anteater,CAM-008,2024-06-12,1731,937,416,188
GUYRA-SYN-000448,capybara,CAM-046,2024-05-20,1208,173,444,168
GUYRA-SYN-000449,tapir,CAM-008,2024-04-10,239,374,291,455
GUYRA-SYN-000450,puma,CAM-033,2024-07-14,1221,282,394,296
GUYRA-SYN-000451,brocket_deer,CAM-012,2024-08-21,1100,354,384,185
GUYRA-SYN-000452,brocket_deer,CAM-019,2024-03-06,644,923,417,127
GUYRA-SYN-000453,tapir,CAM-001,2024-08-05,399,786,387,358
GUYRA-SYN-000454,capybara,CAM-032,2024-07-22,1007,851,463,327
GUYRA-SYN-000455,brocket_deer,CAM-011,2024-02-19,63,451,249,116
GUYRA-SYN-000456,tapir,CAM-015,2024-09-10,344,936,389,480
GUYRA-SYN-000457,brocket_deer,CAM-036,2024-09-04,1172,233,237,496
GUYRA-SYN-000458,anteater,CAM-024,2024-09-27,1549,85,489,468
GUYRA-SYN-000459,brocket_deer,CAM-035,2024-04-14,209,506,252,116
GUYRA-SYN-000460,brocket_deer,CAM-017,2024-06-28,1672,178,324,160
GUYRA-SYN-000461,puma,CAM-014,2024-12-19,1411,718,463,412
GUYRA-SYN-000462,capybara,CAM-028,2024-03-20,285,423,205,130
GUYRA-SYN-000463,anteater,CAM-023,2024-09-09,1222,344,265,460
GUYRA-SYN-000464,tapir,CAM-019,2024-10-09,1757,1053,447,148
GUYRA-SYN-000465,puma,CAM-049,2024-07-02,567,259,459,167
GUYRA-SYN-000466,puma,CAM-010,2024-12-11,1696,506,489,446
GUYRA-SYN-000467,brocket_deer,CAM-032,2024-03-19,1295,550,421,312
GUYRA-SYN-000468,brocket_deer,CAM-029,2024-02-21,1627,190,306,363
GUYRA-SYN-000469,capybara,CAM-018,2024-12-12,931,999,267,397
GUYRA-SYN-000470,jaguar,CAM-050,2024-12-03,1496,938,425,440
GUYRA-SYN-000471,capybara,CAM-023,2024-02-26,1094,814,211,319
GUYRA-SYN-000472,puma,CAM-032,2024-05-11,1696,580,272,380
GUYRA-SYN-000473,anteater,CAM-009,2024-10-28,993,703,449,490
GUYRA-SYN-000474,jaguar,CAM-003,2024-02-21,1605,941,108,163
GUYRA-SYN-000475,puma,CAM-029,2024-08-01,876,414,452,167
GUYRA-SYN-000476,capybara,CAM-020,2024-03-28,1910,561,147,435
GUYRA-SYN-000477,tapir,CAM-017,2024-02-12,1360,338,126,302
GUYRA-SYN-000478,capybara,CAM-020,2024-12-23,1546,479,319,435
GUYRA-SYN-000479,jaguar,CAM-046,2024-02-01,437,976,139,167
GUYRA-SYN-000480,anteater,CAM-015,2024-09-22,911,19,104,456
GUYRA-SYN-000481,tapir,CAM-008,2024-07-23,270,978,136,217
GUYRA-SYN-000482,brocket_deer,CAM-006,2024-12-26,209,211,260,288
GUYRA-SYN-000483,tapir,CAM-009,2024-07-25,1665,272,428,446
GUYRA-SYN-000484,puma,CAM-005,2024-09-19,17,336,325,279
GUYRA-SYN-000485,capybara,CAM-014,2024-11-24,310,843,415,451
GUYRA-SYN-000486,brocket_deer,CAM-014,2024-02-04,286,252,401,473
GUYRA-SYN-000487,brocket_deer,CAM-023,2024-07-11,1620,286,226,241
GUYRA-SYN-000488,capybara,CAM-006,2024-04-18,1230,583,498,453
GUYRA-SYN-000489,jaguar,CAM-043,2024-05-07,1060,1043,196,482
GUYRA-SYN-000490,brocket_deer,CAM-019,2024-11-02,1605,490,353,297
GUYRA-SYN-000491,jaguar,CAM-016,2024-08-21,1216,145,370,106
GUYRA-SYN-000492,tapir,CAM-021,2024-03-13,1762,861,287,379
GUYRA-SYN-000493,capybara,CAM-012,2024-08-25,149,34,400,134
GUYRA-SYN-000494,jaguar,CAM-017,2024-04-02,1889,123,303,359
GUYRA-SYN-000495,tapir,CAM-041,2024-12-17,1571,850,316,459
GUYRA-SYN-000496,brocket_deer,CAM-006,2024-11-18,1101,312,242,142
GUYRA-SYN-000497,tapir,CAM-006,2024-09-07,1654,318,374,267
GUYRA-SYN-000498,brocket_deer,CAM-038,2024-11-25,1709,135,258,457
GUYRA-SYN-000499,brocket_deer,CAM-047,2024-04-02,500,176,322,159
GUYRA-SYN-000500,brocket_deer,CAM-040,2024-10-02,633,359,161,106
GUYRA-SYN-000501,capybara,CAM-009,2024-12-01,335,1016,277,367
GUYRA-SYN-000502,anteater,CAM-047,2024-05-06,761,259,483,499
GUYRA-SYN-000503,tapir,CAM-047,2024-02-25,1842,60,271,319
GUYRA-SYN-000504,tapir,CAM-034,2024-02-09,1458,157,354,333
GUYRA-SYN-000505,anteater,CAM-024,2024-01-16,1759,341,288,180
GUYRA-SYN-000506,tapir,CAM-050,2024-02-19,1380,236,216,479
GUYRA-SYN-000507,anteater,CAM-001,2024-01-28,1767,25,225,123
GUYRA-SYN-000508,brocket_deer,CAM-024,2024-07-05,366,72,383,465
GUYRA-SYN-000509,capybara,CAM-042,2024-07-08,659,508,313,468
GUYRA-SYN-000510,tapir,CAM-018,2024-02-19,763,244,357,444
GUYRA-SYN-000511,jaguar,CAM-012,2024-04-26,1056,94,305,135
GUYRA-SYN-000512,brocket_deer,CAM-019,2024-05-11,176,935,104,288
GUYRA-SYN-000513,puma,CAM-019,2024-10-26,622,496,337,288
GUYRA-SYN-000514,anteater,CAM-032,2024-04-24,1844,502,177,103
GUYRA-SYN-000515,brocket_deer,CAM-002,2024-04-18,709,19,271,100
GUYRA-SYN-000516,capybara,CAM-025,2024-12-24,629,212,205,371
GUYRA-SYN-000517,puma,CAM-027,2024-08-02,291,573,147,122
GUYRA-SYN-000518,puma,CAM-034,2024-07-23,1834,762,334,482
GUYRA-SYN-000519,jaguar,CAM-038,2024-02-17,273,807,138,403
GUYRA-SYN-000520,anteater,CAM-004,2024-07-22,267,484,249,233
GUYRA-SYN-000521,tapir,CAM-026,2024-12-27,1506,668,262,331
GUYRA-SYN-000522,tapir,CAM-015,2024-02-07,278,223,179,154
GUYRA-SYN-000523,puma,CAM-029,2024-08-11,832,247,374,283
GUYRA-SYN-000524,puma,CAM-029,2024-05-15,542,245,146,180
GUYRA-SYN-000525,capybara,CAM-020,2024-12-23,1235,82,210,267
GUYRA-SYN-000526,puma,CAM-006,2024-12-08,728,811,362,125
GUYRA-SYN-000527,capybara,CAM-020,2024-05-27,356,63,307,331
GUYRA-SYN-000528,anteater,CAM-048,2024-09-08,193,946,152,171
GUYRA-SYN-000529,jaguar,CAM-001,2024-01-27,1599,455,166,201
GUYRA-SYN-000530,brocket_deer,CAM-024,2024-11-21,1920,172,398,400
GUYRA-SYN-000531,tapir,CAM-005,2024-01-03,404,908,165,147
GUYRA-SYN-000532,tapir,CAM-008,2024-01-15,103,344,393,321
GUYRA-SYN-000533,capybara,CAM-026,2024-08-01,783,873,188,281
GUYRA-SYN-000534,puma,CAM-012,2024-05-09,913,304,117,414
GUYRA-SYN-000535,anteater,CAM-040,2024-04-21,604,1021,310,381
GUYRA-SYN-000536,brocket_deer,CAM-004,2024-02-09,784,281,314,202
GUYRA-SYN-000537,capybara,CAM-034,2024-04-21,1642,39,295,500
GUYRA-SYN-000538,capybara,CAM-023,2024-08-18,1600,992,276,389
GUYRA-SYN-000539,anteater,CAM-021,2024-07-09,368,53,263,405
GUYRA-SYN-000540,puma,CAM-002,2024-05-02,1656,966,371,283
GUYRA-SYN-000541,anteater,CAM-015,2024-03-04,507,493,236,373
GUYRA-SYN-000542,capybara,CAM-004,2024-04-19,1733,795,281,188
GUYRA-SYN-000543,puma,CAM-016,2024-10-11,1651,734,402,114
GUYRA-SYN-000544,capybara,CAM-045,2024-06-19,1154,291,388,196
GUYRA-SYN-000545,brocket_deer,CAM-035,2024-05-06,1004,77,146,128
GUYRA-SYN-000546,puma,CAM-039,2024-04-01,1078,978,100,269
GUYRA-SYN-000547,anteater,CAM-013,2024-03-11,1468,363,265,130
GUYRA-SYN-000548,jaguar,CAM-010,2024-10-23,1878,290,496,156
GUYRA-SYN-000549,anteater,CAM-024,2024-02-12,1442,810,400,151
GUYRA-SYN-000550,tapir,CAM-020,2024-06-05,322,894,427,349
GUYRA-SYN-000551,capybara,CAM-021,2024-03-23,1150,730,214,440
GUYRA-SYN-000552,anteater,CAM-012,2024-07-10,1503,603,165,190
GUYRA-SYN-000553,capybara,CAM-001,2024-12-19,801,66,193,408
GUYRA-SYN-000554,tapir,CAM-040,2024-04-21,1158,213,354,172
GUYRA-SYN-000555,tapir,CAM-048,2024-02-08,710,654,185,425
GUYRA-SYN-000556,jaguar,CAM-046,2024-11-21,1493,687,328,105
GUYRA-SYN-000557,tapir,CAM-014,2024-04-23,138,717,231,155
GUYRA-SYN-000558,capybara,CAM-001,2024-01-13,897,859,185,311
GUYRA-SYN-000559,brocket_deer,CAM-025,2024-06-18,768,207,345,395
GUYRA-SYN-000560,capybara,CAM-049,2024-11-08,333,924,137,117
GUYRA-SYN-000561,tapir,CAM-002,2024-06-09,214,151,275,187
GUYRA-SYN-000562,brocket_deer,CAM-011,2024-12-03,1120,190,273,404
GUYRA-SYN-000563,anteater,CAM-031,2024-12-01,883,337,410,322
GUYRA-SYN-000564,puma,CAM-004,2024-02-11,420,389,309,456
GUYRA-SYN-000565,anteater,CAM-047,2024-12-18,543,576,252,221
GUYRA-SYN-000566,jaguar,CAM-004,2024-07-19,1125,1005,178,127
GUYRA-SYN-000567,tapir,CAM-001,2024-07-03,603,983,202,149
GUYRA-SYN-000568,jaguar,CAM-014,2024-03-21,597,167,342,159
GUYRA-SYN-000569,tapir,CAM-026,2024-08-16,1832,542,146,428
GUYRA-SYN-000570,anteater,CAM-025,2024-03-12,1813,781,289,195
GUYRA-SYN-000571,brocket_deer,CAM-003,2024-05-15,952,539,215,237
GUYRA-SYN-000572,anteater,CAM-004,2024-03-25,1426,198,143,442
GUYRA-SYN-000573,tapir,CAM-035,2024-07-25,1207,465,383,131
GUYRA-SYN-000574,brocket_deer,CAM-034,2024-07-18,1407,972,393,220
GUYRA-SYN-000575,brocket_deer,CAM-020,2024-02-13,1848,71,357,392
GUYRA-SYN-000576,anteater,CAM-037,2024-11-20,301,246,487,329
GUYRA-SYN-000577,puma,CAM-011,2024-04-26,394,258,121,316
GUYRA-SYN-000578,jaguar,CAM-044,2024-07-07,1684,302,404,232
GUYRA-SYN-000579,tapir,CAM-047,2024-02-03,794,813,382,266
GUYRA-SYN-000580,tapir,CAM-034,2024-08-28,25,1070,500,314
GUYRA-SYN-000581,jaguar,CAM-027,2024-03-05,1160,205,154,388
GUYRA-SYN-000582,jaguar,CAM-019,2024-09-12,1797,841,235,296
GUYRA-SYN-000583,capybara,CAM-032,2024-10-20,968,76,188,241
GUYRA-SYN-000584,brocket_deer,CAM-010,2024-10-20,1394,822,119,302
GUYRA-SYN-000585,tapir,CAM-045,2024-04-02,1527,973,237,290
GUYRA-SYN-000586,jaguar,CAM-022,2024-05-10,574,1006,456,450
GUYRA-SYN-000587,jaguar,CAM-015,2024-03-10,1523,907,496,264
GUYRA-SYN-000588,tapir,CAM-047,2024-07-20,1322,182,196,326
GUYRA-SYN-000589,puma,CAM-027,2024-12-16,1555,1057,291,128
GUYRA-SYN-000590,anteater,CAM-011,2024-02-10,1453,1037,306,169
GUYRA-SYN-000591,anteater,CAM-037,2024-01-06,394,411,129,227
GUYRA-SYN-000592,jaguar,CAM-030,2024-01-12,1443,407,240,288
GUYRA-SYN-000593,brocket_deer,CAM-033,2024-07-21,1890,253,448,115
GUYRA-SYN-000594,puma,CAM-024,2024-08-20,913,363,342,400
GUYRA-SYN-000595,anteater,CAM-023,2024-06-06,1715,529,483,452
GUYRA-SYN-000596,jaguar,CAM-019,2024-01-13,101,333,392,499
GUYRA-SYN-000597,puma,CAM-015,2024-11-08,1387,423,237,433
GUYRA-SYN-000598,brocket_deer,CAM-033,2024-01-28,1598,18,342,167
GUYRA-SYN-000599,capybara,CAM-012,2024-10-26,17,458,229,411
GUYRA-SYN-000600,tapir,CAM-046,2024-12-21,563,867,292,278
GUYRA-SYN-000601,brocket_deer,CAM-017,2024-04-15,618,1066,419,303
GUYRA-SYN-000602,anteater,CAM-007,2024-01-17,1356,766,387,431
GUYRA-SYN-000603,anteater,CAM-039,2024-05-10,1401,221,346,132
GUYRA-SYN-000604,tapir,CAM-018,2024-11-11,1764,567,233,435
GUYRA-SYN-000605,capybara,CAM-042,2024-05-07,307,1059,491,223
GUYRA-SYN-000606,jaguar,CAM-039,2024-07-22,654,286,469,113
GUYRA-SYN-000607,capybara,CAM-032,2024-05-09,1857,857,307,298
GUYRA-SYN-000608,capybara,CAM-003,2024-10-23,1171,388,275,471
GUYRA-SYN-000609,capybara,CAM-015,2024-11-18,1307,974,443,283
GUYRA-SYN-000610,anteater,CAM-020,2024-03-27,1346,370,250,149
GUYRA-SYN-000611,brocket_deer,CAM-009,2024-12-09,1485,374,448,271
GUYRA-SYN-000612,capybara,CAM-006,2024-04-12,457,628,315,269
GUYRA-SYN-000613,tapir,CAM-017,2024-10-10,949,241,340,127
GUYRA-SYN-000614,capybara,CAM-038,2024-10-20,145,967,199,356
GUYRA-SYN-000615,jaguar,CAM-044,2024-07-17,611,846,127,177
GUYRA-SYN-000616,puma,CAM-013,2024-06-14,1166,937,173,261
GUYRA-SYN-000617,capybara,CAM-012,2024-02-16,681,362,260,424
GUYRA-SYN-000618,jaguar,CAM-001,2024-08-09,428,345,395,491
GUYRA-SYN-000619,puma,CAM-032,2024-02-05,1258,888,424,319
GUYRA-SYN-000620,brocket_deer,CAM-028,2024-08-13,9,77,373,202
GUYRA-SYN-000621,capybara,CAM-024,2024-01-11,1550,390,109,446
GUYRA-SYN-000622,jaguar,CAM-041,2024-12-08,463,705,259,166
GUYRA-SYN-000623,jaguar,CAM-025,2024-09-19,626,342,133,123
GUYRA-SYN-000624,tapir,CAM-019,2024-08-24,1065,1073,272,322
GUYRA-SYN-000625,capybara,CAM-009,2024-06-16,735,385,184,306
GUYRA-SYN-000626,jaguar,CAM-015,2024-04-24,268,432,475,111
GUYRA-SYN-000627,anteater,CAM-033,2024-03-04,750,76,292,427
GUYRA-SYN-000628,tapir,CAM-050,2024-09-20,99,98,438,155
GUYRA-SYN-000629,capybara,CAM-002,2024-01-23,237,853,327,294
GUYRA-SYN-000630,jaguar,CAM-036,2024-05-16,1437,313,205,455
GUYRA-SYN-000631,capybara,CAM-041,2024-01-10,861,206,439,366
GUYRA-SYN-000632,tapir,CAM-040,2024-10-23,280,857,153,361
GUYRA-SYN-000633,capybara,CAM-040,2024-02-10,233,217,354,201
GUYRA-SYN-000634,anteater,CAM-013,2024-05-27,1071,413,283,460
GUYRA-SYN-000635,brocket_deer,CAM-019,2024-03-02,1122,1016,206,452
GUYRA-SYN-000636,brocket_deer,CAM-022,2024-04-01,26,182,156,393
GUYRA-SYN-000637,capybara,CAM-032,2024-03-03,1596,1047,138,470
GUYRA-SYN-000638,capybara,CAM-007,2024-05-21,473,935,251,235
GUYRA-SYN-000639,brocket_deer,CAM-004,2024-02-27,357,80,248,284
GUYRA-SYN-000640,capybara,CAM-021,2024-07-24,237,194,488,123
GUYRA-SYN-000641,jaguar,CAM-009,2024-11-21,349,673,283,324
GUYRA-SYN-000642,anteater,CAM-018,2024-12-03,763,701,193,158
GUYRA-SYN-000643,brocket_deer,CAM-026,2024-08-09,1711,789,453,344
GUYRA-SYN-000644,brocket_deer,CAM-042,2024-03-04,271,120,181,153
GUYRA-SYN-000645,brocket_deer,CAM-038,2024-08-26,1165,897,192,412
GUYRA-SYN-000646,brocket_deer,CAM-050,2024-06-20,59,267,347,349
GUYRA-SYN-000647,jaguar,CAM-027,2024-08-02,129,535,435,260
GUYRA-SYN-000648,jaguar,CAM-046,2024-11-17,1571,458,442,273
GUYRA-SYN-000649,anteater,CAM-034,2024-12-23,1266,195,321,438
GUYRA-SYN-000650,capybara,CAM-016,2024-08-12,1359,788,176,385
GUYRA-SYN-000651,anteater,CAM-004,2024-01-21,1913,321,358,340
GUYRA-SYN-000652,brocket_deer,CAM-011,2024-02-25,1006,656,223,269
GUYRA-SYN-000653,tapir,CAM-004,2024-09-08,1127,775,306,220
GUYRA-SYN-000654,jaguar,CAM-030,2024-08-26,1173,917,145,355
GUYRA-SYN-000655,brocket_deer,CAM-021,2024-02-16,1526,36,152,306
GUYRA-SYN-000656,brocket_deer,CAM-003,2024-09-18,0,186,409,416
GUYRA-SYN-000657,capybara,CAM-020,2024-09-18,423,934,274,286
GUYRA-SYN-000658,jaguar,CAM-015,2024-08-11,1147,968,466,436
GUYRA-SYN-000659,tapir,CAM-046,2024-08-04,199,454,101,274
GUYRA-SYN-000660,tapir,CAM-041,2024-05-18,1069,765,459,154
GUYRA-SYN-000661,jaguar,CAM-011,2024-08-05,1683,838,154,230
GUYRA-SYN-000662,anteater,CAM-013,2024-04-04,1905,804,210,334
GUYRA-SYN-000663,puma,CAM-046,2024-06-04,1550,848,123,424
GUYRA-SYN-000664,capybara,CAM-038,2024-02-25,1826,922,334,437
GUYRA-SYN-000665,anteater,CAM-033,2024-03-16,8,99,383,321
GUYRA-SYN-000666,anteater,CAM-031,2024-09-25,1886,362,454,396
GUYRA-SYN-000667,puma,CAM-047,2024-03-04,793,659,358,296
GUYRA-SYN-000668,brocket_deer,CAM-039,2024-12-25,508,560,303,275
GUYRA-SYN-000669,tapir,CAM-029,2024-03-05,845,1049,253,459
GUYRA-SYN-000670,anteater,CAM-021,2024-12-24,1915,445,202,207
GUYRA-SYN-000671,anteater,CAM-046,2024-05-22,707,271,463,432
GUYRA-SYN-000672,puma,CAM-033,2024-09-23,1304,660,463,159
GUYRA-SYN-000673,tapir,CAM-036,2024-08-19,1168,854,445,482
GUYRA-SYN-000674,anteater,CAM-019,2024-07-26,26,1070,154,112
GUYRA-SYN-000675,brocket_deer,CAM-010,2024-01-22,115,409,236,484
GUYRA-SYN-000676,puma,CAM-019,2024-11-09,299,127,453,251
GUYRA-SYN-000677,puma,CAM-049,2024-09-02,734,926,152,415
GUYRA-SYN-000678,capybara,CAM-048,2024-09-28,459,796,221,361
GUYRA-SYN-000679,capybara,CAM-019,2024-12-22,96,781,298,313
GUYRA-SYN-000680,capybara,CAM-021,2024-09-02,26,514,203,417
GUYRA-SYN-000681,brocket_deer,CAM-015,2024-11-23,1453,753,486,401
GUYRA-SYN-000682,anteater,CAM-048,2024-10-07,1589,396,250,329
GUYRA-SYN-000683,puma,CAM-044,2024-02-06,355,1052,161,293
GUYRA-SYN-000684,jaguar,CAM-028,2024-05-18,541,266,182,399
GUYRA-SYN-000685,tapir,CAM-001,2024-06-15,1453,317,120,178
GUYRA-SYN-000686,tapir,CAM-039,2024-01-25,1909,616,351,393
GUYRA-SYN-000687,anteater,CAM-023,2024-02-26,1449,650,369,212
GUYRA-SYN-000688,puma,CAM-034,2024-02-26,1034,326,312,378
GUYRA-SYN-000689,anteater,CAM-026,2024-02-12,453,436,439,269
GUYRA-SYN-000690,tapir,CAM-024,2024-05-07,1541,972,387,485
GUYRA-SYN-000691,capybara,CAM-001,2024-02-22,708,912,223,428
GUYRA-SYN-000692,anteater,CAM-040,2024-04-02,1397,657,295,158
GUYRA-SYN-000693,brocket_deer,CAM-017,2024-09-24,579,50,364,494
GUYRA-SYN-000694,tapir,CAM-033,2024-09-15,996,89,251,433
GUYRA-SYN-000695,puma,CAM-021,2024-09-03,196,342,495,375
GUYRA-SYN-000696,anteater,CAM-001,2024-11-03,431,436,450,317
GUYRA-SYN-000697,jaguar,CAM-014,2024-09-27,1439,891,431,136
GUYRA-SYN-000698,capybara,CAM-044,2024-03-01,940,679,119,144
GUYRA-SYN-000699,jaguar,CAM-004,2024-03-26,515,144,394,216
GUYRA-SYN-000700,tapir,CAM-027,2024-07-15,1290,828,321,261
GUYRA-SYN-000701,jaguar,CAM-025,2024-11-04,1095,12,428,468
GUYRA-SYN-000702,anteater,CAM-005,2024-12-19,93,148,283,357
GUYRA-SYN-000703,jaguar,CAM-019,2024-11-10,1242,177,244,491
GUYRA-SYN-000704,brocket_deer,CAM-025,2024-07-27,1353,63,342,180
GUYRA-SYN-000705,anteater,CAM-015,2024-03-24,800,604,424,173
GUYRA-SYN-000706,tapir,CAM-044,2024-12-21,764,22,383,384
GUYRA-SYN-000707,puma,CAM-008,2024-01-01,1172,807,375,380
GUYRA-SYN-000708,jaguar,CAM-020,2024-04-24,1518,704,208,311
GUYRA-SYN-000709,capybara,CAM-033,2024-03-06,376,452,415,229
GUYRA-SYN-000710,puma,CAM-008,2024-03-22,1637,111,484,381
GUYRA-SYN-000711,brocket_deer,CAM-042,2024-09-03,595,137,228,150
GUYRA-SYN-000712,puma,CAM-047,2024-10-16,677,731,165,443
GUYRA-SYN-000713,capybara,CAM-016,2024-02-10,1268,142,199,262
GUYRA-SYN-000714,brocket_deer,CAM-029,2024-06-20,1350,626,455,399
GUYRA-SYN-000715,puma,CAM-037,2024-10-12,1654,647,319,186
GUYRA-SYN-000716,jaguar,CAM-021,2024-04-26,453,893,241,284
GUYRA-SYN-000717,puma,CAM-044,2024-12-11,1797,982,336,328
GUYRA-SYN-000718,tapir,CAM-050,2024-05-16,1129,222,189,430
GUYRA-SYN-000719,anteater,CAM-006,2024-05-28,1692,286,375,200
GUYRA-SYN-000720,tapir,CAM-047,2024-11-03,1489,154,109,359
GUYRA-SYN-000721,capybara,CAM-002,2024-10-19,829,435,118,382
GUYRA-SYN-000722,tapir,CAM-035,2024-09-16,1339,304,287,300
GUYRA-SYN-000723,puma,CAM-050,2024-10-24,1755,595,168,337
GUYRA-SYN-000724,anteater,CAM-033,2024-02-13,745,1028,105,439
GUYRA-SYN-000725,puma,CAM-040,2024-11-06,1550,1052,171,328
GUYRA-SYN-000726,puma,CAM-012,2024-10-19,1350,299,476,474
GUYRA-SYN-000727,brocket_deer,CAM-023,2024-01-08,1559,998,218,132
GUYRA-SYN-000728,tapir,CAM-024,2024-04-02,1369,423,365,284
GUYRA-SYN-000729,brocket_deer,CAM-031,2024-08-02,81,663,152,460
GUYRA-SYN-000730,anteater,CAM-041,2024-05-27,1519,539,396,378
GUYRA-SYN-000731,anteater,CAM-012,2024-07-21,775,748,400,434
GUYRA-SYN-000732,jaguar,CAM-034,2024-05-13,1858,456,364,307
GUYRA-SYN-000733,tapir,CAM-023,2024-08-26,987,13,356,171
GUYRA-SYN-000734,brocket_deer,CAM-011,2024-04-03,1053,575,208,176
GUYRA-SYN-000735,puma,CAM-011,2024-06-20,1469,242,438,217
GUYRA-SYN-000736,brocket_deer,CAM-022,2024-12-04,986,980,345,207
GUYRA-SYN-000737,anteater,CAM-011,2024-11-27,841,45,224,122
GUYRA-SYN-000738,puma,CAM-037,2024-10-06,275,1049,120,393
GUYRA-SYN-000739,puma,CAM-004,2024-03-09,1889,368,364,307
GUYRA-SYN-000740,anteater,CAM-037,2024-11-01,1799,580,143,210
GUYRA-SYN-000741,brocket_deer,CAM-039,2024-08-28,986,349,212,310
GUYRA-SYN-000742,anteater,CAM-010,2024-10-27,1571,372,419,437
GUYRA-SYN-000743,anteater,CAM-017,2024-03-24,1404,701,332,405
GUYRA-SYN-000744,anteater,CAM-005,2024-04-13,789,270,155,108
GUYRA-SYN-000745,puma,CAM-034,2024-09-22,859,306,410,149
GUYRA-SYN-000746,puma,CAM-031,2024-10-20,79,1030,485,160
GUYRA-SYN-000747,jaguar,CAM-031,2024-11-05,1847,2,496,447
GUYRA-SYN-000748,capybara,CAM-028,2024-09-14,758,88,457,371
GUYRA-SYN-000749,brocket_deer,CAM-015,2024-08-26,1574,780,279,401
GUYRA-SYN-000750,capybara,CAM-049,2024-12-19,200,871,168,230
GUYRA-SYN-000751,brocket_deer,CAM-050,2024-04-28,171,580,406,378
GUYRA-SYN-000752,brocket_deer,CAM-017,2024-04-01,1452,14,395,367
GUYRA-SYN-000753,jaguar,CAM-034,2024-01-13,1340,420,452,261
GUYRA-SYN-000754,brocket_deer,CAM-024,2024-02-05,872,519,233,374
GUYRA-SYN-000755,brocket_deer,CAM-037,2024-06-20,564,813,486,204
GUYRA-SYN-000756,brocket_deer,CAM-036,2024-09-16,366,758,386,384
GUYRA-SYN-000757,brocket_deer,CAM-017,2024-05-19,705,815,476,170
GUYRA-SYN-000758,capybara,CAM-008,2024-12-08,914,331,151,209
GUYRA-SYN-000759,anteater,CAM-026,2024-06-26,1127,106,182,299
GUYRA-SYN-000760,capybara,CAM-001,2024-02-27,297,965,407,322
GUYRA-SYN-000761,jaguar,CAM-005,2024-05-08,759,163,411,119
GUYRA-SYN-000762,capybara,CAM-025,2024-07-20,1343,1067,246,464
GUYRA-SYN-000763,anteater,CAM-004,2024-03-21,1012,899,105,203
GUYRA-SYN-000764,capybara,CAM-034,2024-05-07,68,1045,364,457
GUYRA-SYN-000765,puma,CAM-040,2024-03-22,73,736,222,435
GUYRA-SYN-000766,jaguar,CAM-011,2024-02-09,1596,818,280,442
GUYRA-SYN-000767,brocket_deer,CAM-026,2024-10-07,1060,31,477,460
GUYRA-SYN-000768,jaguar,CAM-006,2024-09-10,1487,712,277,241
GUYRA-SYN-000769,puma,CAM-039,2024-04-15,1904,827,394,102
GUYRA-SYN-000770,tapir,CAM-012,2024-07-17,218,148,357,250
GUYRA-SYN-000771,tapir,CAM-008,2024-09-09,1794,512,455,326
GUYRA-SYN-000772,brocket_deer,CAM-037,2024-08-25,498,695,497,334
GUYRA-SYN-000773,capybara,CAM-030,2024-10-28,56,987,159,232
GUYRA-SYN-000774,jaguar,CAM-025,2024-11-26,451,470,261,311
GUYRA-SYN-000775,tapir,CAM-034,2024-09-01,1435,539,227,247
GUYRA-SYN-000776,jaguar,CAM-026,2024-11-24,1681,700,138,383
GUYRA-SYN-000777,puma,CAM-031,2024-06-12,447,551,193,482
GUYRA-SYN-000778,capybara,CAM-013,2024-08-24,408,480,476,223
GUYRA-SYN-000779,tapir,CAM-014,2024-04-07,1709,511,416,282
GUYRA-SYN-000780,puma,CAM-050,2024-02-04,1884,160,446,439
GUYRA-SYN-000781,brocket_deer,CAM-040,2024-01-25,1755,86,346,290
GUYRA-SYN-000782,anteater,CAM-021,2024-08-19,1779,562,351,193
GUYRA-SYN-000783,anteater,CAM-018,2024-07-08,1536,262,127,369
GUYRA-SYN-000784,brocket_deer,CAM-031,2024-09-02,1029,711,301,451
GUYRA-SYN-000785,puma,CAM-030,2024-02-23,1061,942,261,452
GUYRA-SYN-000786,jaguar,CAM-001,2024-11-07,777,206,266,285
GUYRA-SYN-000787,anteater,CAM-017,2024-03-18,538,485,237,341
GUYRA-SYN-000788,anteater,CAM-022,2024-06-06,1021,868,207,314
GUYRA-SYN-000789,capybara,CAM-049,2024-06-12,1749,820,243,330
GUYRA-SYN-000790,puma,CAM-037,2024-03-19,1404,468,151,469
GUYRA-SYN-000791,tapir,CAM-016,2024-09-14,1753,780,200,174
GUYRA-SYN-000792,capybara,CAM-010,2024-08-26,19,361,315,355
GUYRA-SYN-000793,puma,CAM-041,2024-09-18,1475,646,349,253
GUYRA-SYN-000794,tapir,CAM-036,2024-10-02,815,202,453,183
GUYRA-SYN-000795,jaguar,CAM-014,2024-05-16,1718,197,330,481
GUYRA-SYN-000796,tapir,CAM-017,2024-06-12,1147,527,276,110
GUYRA-SYN-000797,brocket_deer,CAM-008,2024-06-28,1391,407,395,394
GUYRA-SYN-000798,capybara,CAM-042,2024-09-06,1598,582,281,266
GUYRA-SYN-000799,capybara,CAM-033,2024-08-25,1508,915,140,295
GUYRA-SYN-000800,anteater,CAM-019,2024-08-21,296,343,427,272
GUYRA-SYN-000801,brocket_deer,CAM-041,2024-10-19,828,146,140,182
GUYRA-SYN-000802,tapir,CAM-015,2024-06-11,1337,596,463,236
GUYRA-SYN-000803,anteater,CAM-042,2024-07-09,1817,911,499,285
GUYRA-SYN-000804,capybara,CAM-038,2024-09-15,847,342,194,111
GUYRA-SYN-000805,puma,CAM-047,2024-04-22,515,163,207,185
GUYRA-SYN-000806,brocket_deer,CAM-007,2024-02-03,1918,969,380,127
GUYRA-SYN-000807,jaguar,CAM-050,2024-07-17,1566,170,153,234
GUYRA-SYN-000808,anteater,CAM-010,2024-02-21,1907,798,258,217
GUYRA-SYN-000809,puma,CAM-048,2024-05-15,1283,258,167,369
GUYRA-SYN-000810,puma,CAM-002,2024-01-22,730,666,343,339
GUYRA-SYN-000811,anteater,CAM-018,2024-09-15,276,362,402,405
GUYRA-SYN-000812,brocket_deer,CAM-041,2024-12-21,1796,890,368,427
GUYRA-SYN-000813,capybara,CAM-035,2024-05-12,986,465,145,326
GUYRA-SYN-000814,tapir,CAM-024,2024-07-09,318,621,105,100
GUYRA-SYN-000815,anteater,CAM-049,2024-03-12,587,960,373,104
GUYRA-SYN-000816,capybara,CAM-032,2024-08-10,18,881,249,405
GUYRA-SYN-000817,puma,CAM-001,2024-09-12,386,843,387,323
GUYRA-SYN-000818,brocket_deer,CAM-016,2024-03-23,1509,798,293,212
GUYRA-SYN-000819,tapir,CAM-006,2024-07-21,490,1058,491,413
GUYRA-SYN-000820,capybara,CAM-044,2024-05-10,1328,550,311,196
GUYRA-SYN-000821,jaguar,CAM-012,2024-03-10,226,932,416,331
GUYRA-SYN-000822,tapir,CAM-045,2024-10-16,384,656,109,177
GUYRA-SYN-000823,jaguar,CAM-035,2024-01-06,209,577,237,164
GUYRA-SYN-000824,capybara,CAM-029,2024-12-01,476,184,177,107
GUYRA-SYN-000825,brocket_deer,CAM-014,2024-06-14,638,1020,290,337
GUYRA-SYN-000826,capybara,CAM-003,2024-06-03,1727,299,128,236
GUYRA-SYN-000827,brocket_deer,CAM-005,2024-09-16,371,393,228,295
GUYRA-SYN-000828,jaguar,CAM-008,2024-12-08,788,907,226,477
GUYRA-SYN-000829,jaguar,CAM-013,2024-08-24,1578,192,366,440
GUYRA-SYN-000830,puma,CAM-031,2024-07-22,639,661,181,422
GUYRA-SYN-000831,capybara,CAM-003,2024-12-18,1066,250,229,346
GUYRA-SYN-000832,capybara,CAM-020,2024-04-12,1817,106,441,211
GUYRA-SYN-000833,jaguar,CAM-016,2024-11-14,664,30,185,241
GUYRA-SYN-000834,anteater,CAM-008,2024-07-26,497,18,121,397
GUYRA-SYN-000835,capybara,CAM-031,2024-12-20,317,760,494,145
GUYRA-SYN-000836,puma,CAM-011,2024-08-03,1404,693,488,420
GUYRA-SYN-000837,jaguar,CAM-004,2024-06-21,315,219,164,349
GUYRA-SYN-000838,puma,CAM-021,2024-09-26,1320,711,324,475
GUYRA-SYN-000839,puma,CAM-002,2024-12-13,733,275,228,120
GUYRA-SYN-000840,brocket_deer,CAM-046,2024-08-18,603,1003,197,390
GUYRA-SYN-000841,puma,CAM-035,2024-06-11,1499,959,240,406
GUYRA-SYN-000842,anteater,CAM-011,2024-02-17,317,920,251,234
GUYRA-SYN-000843,anteater,CAM-024,2024-08-01,1589,1036,294,475
GUYRA-SYN-000844,puma,CAM-002,2024-10-28,745,489,264,469
GUYRA-SYN-000845,jaguar,CAM-043,2024-09-27,793,388,368,449
GUYRA-SYN-000846,brocket_deer,CAM-050,2024-09-05,1255,579,265,309
GUYRA-SYN-000847,capybara,CAM-021,2024-02-04,1071,136,122,166
GUYRA-SYN-000848,puma,CAM-003,2024-04-04,994,392,150,116
GUYRA-SYN-000849,anteater,CAM-042,2024-07-22,1003,1076,419,459
GUYRA-SYN-000850,anteater,CAM-017,2024-01-12,452,145,106,206
GUYRA-SYN-000851,capybara,CAM-032,2024-02-15,1640,124,284,385
GUYRA-SYN-000852,capybara,CAM-027,2024-06-26,1450,119,415,236
GUYRA-SYN-000853,anteater,CAM-003,2024-12-03,1708,622,139,210
GUYRA-SYN-000854,anteater,CAM-007,2024-02-24,473,789,197,198
GUYRA-SYN-000855,anteater,CAM-043,2024-04-19,1280,366,385,483
GUYRA-SYN-000856,anteater,CAM-027,2024-12-04,1569,733,445,334
GUYRA-SYN-000857,capybara,CAM-043,2024-07-04,341,369,381,305
GUYRA-SYN-000858,anteater,CAM-022,2024-11-06,1093,907,280,261
GUYRA-SYN-000859,anteater,CAM-021,2024-06-14,1565,881,471,265
GUYRA-SYN-000860,anteater,CAM-016,2024-10-18,438,768,492,381
GUYRA-SYN-000861,capybara,CAM-017,2024-06-15,916,813,100,471
GUYRA-SYN-000862,jaguar,CAM-019,2024-10-01,1060,276,254,103
GUYRA-SYN-000863,tapir,CAM-015,2024-04-28,644,44,495,453
GUYRA-SYN-000864,tapir,CAM-036,2024-09-18,1168,316,148,119
GUYRA-SYN-000865,brocket_deer,CAM-023,2024-03-05,542,751,398,227
GUYRA-SYN-000866,puma,CAM-017,2024-05-03,1168,818,391,211
GUYRA-SYN-000867,capybara,CAM-005,2024-12-11,1623,988,188,349
GUYRA-SYN-000868,capybara,CAM-045,2024-10-27,1858,195,404,428
GUYRA-SYN-000869,tapir,CAM-003,2024-12-26,1180,781,140,499
GUYRA-SYN-000870,jaguar,CAM-050,2024-06-12,1801,889,313,161
GUYRA-SYN-000871,puma,CAM-048,2024-11-28,1233,23,424,498
GUYRA-SYN-000872,capybara,CAM-025,2024-01-10,1073,84,263,376
GUYRA-SYN-000873,anteater,CAM-010,2024-06-17,1429,452,178,125
GUYRA-SYN-000874,capybara,CAM-047,2024-07-15,1541,1033,146,213
GUYRA-SYN-000875,brocket_deer,CAM-019,2024-07-05,270,688,142,343
GUYRA-SYN-000876,anteater,CAM-048,2024-01-18,817,537,143,304
GUYRA-SYN-000877,anteater,CAM-028,2024-12-05,1560,276,346,386
GUYRA-SYN-000878,puma,CAM-032,2024-07-21,1170,401,387,415
GUYRA-SYN-000879,capybara,CAM-034,2024-04-08,146,545,497,320
GUYRA-SYN-000880,tapir,CAM-044,2024-10-03,230,847,316,287
GUYRA-SYN-000881,tapir,CAM-013,2024-06-12,1216,49,494,256
GUYRA-SYN-000882,puma,CAM-023,2024-10-27,1644,905,419,174
GUYRA-SYN-000883,brocket_deer,CAM-003,2024-04-07,1403,765,179,487
GUYRA-SYN-000884,capybara,CAM-006,2024-02-24,111,497,417,175
GUYRA-SYN-000885,tapir,CAM-001,2024-06-23,1647,227,256,330
GUYRA-SYN-000886,brocket_deer,CAM-002,2024-06-07,1515,433,204,379
GUYRA-SYN-000887,anteater,CAM-049,2024-05-18,989,289,455,457
GUYRA-SYN-000888,capybara,CAM-002,2024-07-19,1855,1078,122,230
GUYRA-SYN-000889,puma,CAM-004,2024-05-07,1616,555,127,338
GUYRA-SYN-000890,capybara,CAM-001,2024-02-13,1352,555,439,437
GUYRA-SYN-000891,tapir,CAM-007,2024-01-10,1776,791,218,294
GUYRA-SYN-000892,anteater,CAM-046,2024-02-11,992,180,195,201
GUYRA-SYN-000893,anteater,CAM-030,2024-09-23,44,81,226,371
GUYRA-SYN-000894,tapir,CAM-022,2024-08-13,1524,321,109,277
GUYRA-SYN-000895,capybara,CAM-023,2024-06-21,619,483,356,241
GUYRA-SYN-000896,jaguar,CAM-041,2024-05-13,1823,60,384,243
GUYRA-SYN-000897,puma,CAM-010,2024-06-13,1345,281,144,473
GUYRA-SYN-000898,brocket_deer,CAM-034,2024-11-20,1787,465,313,223
GUYRA-SYN-000899,anteater,CAM-010,2024-07-10,1863,674,329,377
GUYRA-SYN-000900,puma,CAM-014,2024-11-05,1189,414,170,258
GUYRA-SYN-000901,capybara,CAM-046,2024-09-05,880,297,435,389
GUYRA-SYN-000902,puma,CAM-021,2024-02-18,1091,242,194,262
GUYRA-SYN-000903,puma,CAM-047,2024-01-25,652,847,310,255
GUYRA-SYN-000904,brocket_deer,CAM-048,2024-11-24,560,311,498,196
GUYRA-SYN-000905,jaguar,CAM-009,2024-03-01,1561,546,410,390
GUYRA-SYN-000906,anteater,CAM-015,2024-10-08,472,53,283,140
GUYRA-SYN-000907,capybara,CAM-050,2024-08-05,1028,960,464,432
GUYRA-SYN-000908,tapir,CAM-012,2024-07-16,970,281,183,198
GUYRA-SYN-000909,puma,CAM-003,2024-07-25,30,552,311,213
GUYRA-SYN-000910,capybara,CAM-043,2024-04-25,418,135,190,324
GUYRA-SYN-000911,anteater,CAM-032,2024-12-11,1775,937,226,318
GUYRA-SYN-000912,brocket_deer,CAM-050,2024-01-20,1505,779,468,260
GUYRA-SYN-000913,brocket_deer,CAM-040,2024-12-19,1216,1075,428,460
GUYRA-SYN-000914,jaguar,CAM-034,2024-02-15,935,86,225,365
GUYRA-SYN-000915,anteater,CAM-026,2024-12-02,1142,793,364,491
GUYRA-SYN-000916,capybara,CAM-004,2024-04-10,900,815,255,496
GUYRA-SYN-000917,tapir,CAM-030,2024-03-14,602,111,453,364
GUYRA-SYN-000918,puma,CAM-030,2024-11-15,185,1025,157,192
GUYRA-SYN-000919,anteater,CAM-045,2024-09-05,805,846,265,330
GUYRA-SYN-000920,jaguar,CAM-012,2024-08-19,1836,413,332,146
GUYRA-SYN-000921,tapir,CAM-021,2024-12-21,1857,335,467,475
GUYRA-SYN-000922,jaguar,CAM-006,2024-02-23,920,743,143,368
GUYRA-SYN-000923,capybara,CAM-025,2024-12-26,1047,327,293,381
GUYRA-SYN-000924,brocket_deer,CAM-003,2024-03-11,1158,307,183,174
GUYRA-SYN-000925,puma,CAM-050,2024-12-02,859,630,258,473
GUYRA-SYN-000926,brocket_deer,CAM-019,2024-11-06,240,269,203,101
GUYRA-SYN-000927,anteater,CAM-049,2024-05-01,939,1019,355,378
GUYRA-SYN-000928,jaguar,CAM-039,2024-08-08,444,974,332,309
GUYRA-SYN-000929,brocket_deer,CAM-006,2024-10-20,13,501,380,242
GUYRA-SYN-000930,anteater,CAM-041,2024-09-27,1690,425,125,194
GUYRA-SYN-000931,puma,CAM-004,2024-11-12,75,297,116,441
GUYRA-SYN-000932,anteater,CAM-039,2024-05-11,1884,179,125,155
GUYRA-SYN-000933,brocket_deer,CAM-012,2024-03-22,582,363,333,483
GUYRA-SYN-000934,anteater,CAM-024,2024-01-03,1573,612,265,288
GUYRA-SYN-000935,brocket_deer,CAM-005,2024-07-27,1127,132,249,341
GUYRA-SYN-000936,puma,CAM-008,2024-12-28,562,674,369,311
GUYRA-SYN-000937,anteater,CAM-014,2024-12-07,1253,119,155,392
GUYRA-SYN-000938,capybara,CAM-041,2024-09-03,990,588,318,411
GUYRA-SYN-000939,tapir,CAM-017,2024-09-19,1276,724,166,414
GUYRA-SYN-000940,anteater,CAM-032,2024-09-24,1294,1019,352,192
GUYRA-SYN-000941,anteater,CAM-015,2024-12-10,396,3,160,112
GUYRA-SYN-000942,brocket_deer,CAM-041,2024-02-24,1736,424,415,312
GUYRA-SYN-000943,brocket_deer,CAM-003,2024-06-12,1147,434,105,427
GUYRA-SYN-000944,puma,CAM-045,2024-05-09,1618,138,257,253
GUYRA-SYN-000945,anteater,CAM-036,2024-06-25,12,233,451,270
GUYRA-SYN-000946,tapir,CAM-026,2024-12-19,1261,59,189,199
GUYRA-SYN-000947,tapir,CAM-022,2024-11-16,1876,971,118,430
GUYRA-SYN-000948,puma,CAM-031,2024-03-21,943,686,336,311
GUYRA-SYN-000949,capybara,CAM-004,2024-09-10,1157,646,384,374
GUYRA-SYN-000950,jaguar,CAM-014,2024-10-22,679,724,133,176
GUYRA-SYN-000951,tapir,CAM-002,2024-06-13,1283,339,392,410
GUYRA-SYN-000952,brocket_deer,CAM-012,2024-10-04,1770,631,461,261
GUYRA-SYN-000953,capybara,CAM-003,2024-05-14,177,1017,221,290
GUYRA-SYN-000954,brocket_deer,CAM-020,2024-04-17,619,358,157,291
GUYRA-SYN-000955,jaguar,CAM-050,2024-04-03,908,1036,112,347
GUYRA-SYN-000956,anteater,CAM-010,2024-04-11,1891,990,475,368
GUYRA-SYN-000957,tapir,CAM-050,2024-06-05,1575,201,364,446
GUYRA-SYN-000958,puma,CAM-014,2024-12-02,940,793,465,367
GUYRA-SYN-000959,jaguar,CAM-001,2024-05-02,1407,178,270,339
GUYRA-SYN-000960,jaguar,CAM-007,2024-09-25,1349,639,111,395
GUYRA-SYN-000961,tapir,CAM-041,2024-04-11,410,394,246,241
GUYRA-SYN-000962,anteater,CAM-021,2024-08-22,240,558,176,180
GUYRA-SYN-000963,tapir,CAM-008,2024-01-20,1146,1052,152,205
GUYRA-SYN-000964,anteater,CAM-023,2024-09-11,555,289,460,245
GUYRA-SYN-000965,anteater,CAM-016,2024-03-03,637,693,376,327
GUYRA-SYN-000966,jaguar,CAM-009,2024-01-16,1849,103,154,296
GUYRA-SYN-000967,jaguar,CAM-006,2024-07-13,366,913,415,282
GUYRA-SYN-000968,tapir,CAM-022,2024-04-23,1553,160,486,491
GUYRA-SYN-000969,brocket_deer,CAM-037,2024-03-03,1664,959,149,333
GUYRA-SYN-000970,tapir,CAM-044,2024-11-23,1569,953,340,218
GUYRA-SYN-000971,puma,CAM-010,2024-10-09,1869,744,300,193
GUYRA-SYN-000972,capybara,CAM-043,2024-06-26,1762,665,332,349
GUYRA-SYN-000973,jaguar,CAM-005,2024-08-04,719,980,336,187
GUYRA-SYN-000974,tapir,CAM-050,2024-06-20,1176,260,360,152
GUYRA-SYN-000975,brocket_deer,CAM-046,2024-02-11,1138,145,254,372
GUYRA-SYN-000976,brocket_deer,CAM-026,2024-10-14,488,499,380,181
GUYRA-SYN-000977,brocket_deer,CAM-025,2024-02-11,426,882,322,390
GUYRA-SYN-000978,tapir,CAM-035,2024-12-08,354,159,478,464
GUYRA-SYN-000979,anteater,CAM-032,2024-02-19,1220,948,266,384
GUYRA-SYN-000980,jaguar,CAM-029,2024-03-10,831,142,406,155
GUYRA-SYN-000981,capybara,CAM-039,2024-07-11,1012,125,146,211
GUYRA-SYN-000982,puma,CAM-038,2024-11-26,0,300,438,176
GUYRA-SYN-000983,brocket_deer,CAM-035,2024-05-13,1260,915,200,205
GUYRA-SYN-000984,capybara,CAM-021,2024-05-19,1626,623,322,467
GUYRA-SYN-000985,tapir,CAM-006,2024-10-01,1252,1045,306,165
GUYRA-SYN-000986,tapir,CAM-004,2024-06-18,108,1,460,386
GUYRA-SYN-000987,tapir,CAM-008,2024-05-28,63,481,321,459
GUYRA-SYN-000988,anteater,CAM-026,2024-11-11,1457,783,307,295
GUYRA-SYN-000989,brocket_deer,CAM-035,2024-04-22,355,972,171,196
GUYRA-SYN-000990,anteater,CAM-025,2024-06-27,854,315,247,443
GUYRA-SYN-000991,puma,CAM-009,2024-01-03,1327,32,173,469
GUYRA-SYN-000992,brocket_deer,CAM-043,2024-07-05,173,281,428,312
GUYRA-SYN-000993,brocket_deer,CAM-045,2024-10-14,1276,368,332,360
GUYRA-SYN-000994,brocket_deer,CAM-036,2024-08-13,727,462,195,317
GUYRA-SYN-000995,anteater,CAM-001,2024-10-16,1734,484,464,356
GUYRA-SYN-000996,tapir,CAM-027,2024-09-19,751,68,119,390
GUYRA-SYN-000997,brocket_deer,CAM-046,2024-06-04,1188,986,453,140
GUYRA-SYN-000998,puma,CAM-047,2024-12-17,1759,572,338,364
GUYRA-SYN-000999,jaguar,CAM-034,2024-10-03,502,967,422,479
GUYRA-SYN-001000,capybara,CAM-043,2024-02-22,1297,639,413,127
GUYRA-SYN-001001,tapir,CAM-035,2024-01-16,929,1049,340,393
GUYRA-SYN-001002,capybara,CAM-022,2024-07-12,1634,603,248,185
GUYRA-SYN-001003,jaguar,CAM-045,2024-10-24,622,533,131,422
GUYRA-SYN-001004,brocket_deer,CAM-038,2024-03-19,105,597,477,419
GUYRA-SYN-001005,jaguar,CAM-019,2024-08-03,259,1035,139,242
GUYRA-SYN-001006,tapir,CAM-009,2024-10-09,563,526,107,479
GUYRA-SYN-001007,jaguar,CAM-039,2024-03-19,1513,309,437,328
GUYRA-SYN-001008,tapir,CAM-012,2024-05-26,1435,483,348,192
GUYRA-SYN-001009,anteater,CAM-003,2024-06-03,297,315,353,485
GUYRA-SYN-001010,brocket_deer,CAM-050,2024-07-08,1353,901,471,426
GUYRA-SYN-001011,puma,CAM-014,2024-10-24,1724,706,127,428
GUYRA-SYN-001012,tapir,CAM-049,2024-02-02,343,950,304,343
GUYRA-SYN-001013,tapir,CAM-031,2024-12-25,1889,478,294,449
GUYRA-SYN-001014,capybara,CAM-025,2024-08-09,297,890,106,247
GUYRA-SYN-001015,brocket_deer,CAM-025,2024-11-11,1085,84,149,372
GUYRA-SYN-001016,capybara,CAM-023,2024-07-20,1880,558,271,238
GUYRA-SYN-001017,tapir,CAM-007,2024-05-21,1196,801,336,495
GUYRA-SYN-001018,capybara,CAM-048,2024-04-24,1376,399,366,272
GUYRA-SYN-001019,capybara,CAM-045,2024-03-11,1121,21,444,104
GUYRA-SYN-001020,jaguar,CAM-001,2024-07-04,1075,212,450,328
GUYRA-SYN-001021,tapir,CAM-015,2024-12-10,515,395,117,112
GUYRA-SYN-001022,anteater,CAM-006,2024-01-20,1344,444,406,426
GUYRA-SYN-001023,jaguar,CAM-046,2024-02-03,1753,266,292,436
GUYRA-SYN-001024,capybara,CAM-037,2024-03-04,1424,377,229,250
GUYRA-SYN-001025,brocket_deer,CAM-043,2024-02-21,928,566,493,318
GUYRA-SYN-001026,capybara,CAM-043,2024-06-09,331,151,241,497
GUYRA-SYN-001027,jaguar,CAM-025,2024-07-11,123,528,235,191
GUYRA-SYN-001028,brocket_deer,CAM-005,2024-08-07,1249,804,191,430
GUYRA-SYN-001029,brocket_deer,CAM-007,2024-03-18,1574,883,211,414
GUYRA-SYN-001030,capybara,CAM-007,2024-08-23,530,211,117,137
GUYRA-SYN-001031,jaguar,CAM-037,2024-12-09,1591,913,109,354
GUYRA-SYN-001032,puma,CAM-042,2024-11-01,1910,77,440,299
GUYRA-SYN-001033,tapir,CAM-010,2024-12-11,1852,801,394,101
GUYRA-SYN-001034,anteater,CAM-046,2024-08-16,893,827,472,499
GUYRA-SYN-001035,jaguar,CAM-035,2024-04-01,787,987,162,390
GUYRA-SYN-001036,anteater,CAM-023,2024-06-22,620,820,128,423
GUYRA-SYN-001037,capybara,CAM-006,2024-06-18,1747,696,141,335
GUYRA-SYN-001038,tapir,CAM-042,2024-04-06,1135,80,296,438
GUYRA-SYN-001039,puma,CAM-020,2024-12-13,1835,218,422,452
GUYRA-SYN-001040,tapir,CAM-032,2024-02-21,896,388,171,118
GUYRA-SYN-001041,puma,CAM-002,2024-12-19,488,1001,299,132
GUYRA-SYN-001042,anteater,CAM-042,2024-05-16,1093,920,108,118
GUYRA-SYN-001043,tapir,CAM-004,2024-06-26,1476,87,307,160
GUYRA-SYN-001044,puma,CAM-042,2024-11-17,938,305,479,396
GUYRA-SYN-001045,puma,CAM-005,2024-01-24,289,1001,434,109
GUYRA-SYN-001046,brocket_deer,CAM-040,2024-01-08,1436,267,107,188
GUYRA-SYN-001047,capybara,CAM-004,2024-05-27,1625,199,333,412
GUYRA-SYN-001048,puma,CAM-038,2024-02-27,1674,217,158,354
GUYRA-SYN-001049,anteater,CAM-040,2024-04-03,1647,415,318,272
GUYRA-SYN-001050,capybara,CAM-044,2024-07-11,247,281,264,209
GUYRA-SYN-001051,jaguar,CAM-038,2024-03-11,129,247,240,172
GUYRA-SYN-001052,brocket_deer,CAM-011,2024-12-12,1133,337,324,224
GUYRA-SYN-001053,anteater,CAM-003,2024-03-04,1620,770,498,180
GUYRA-SYN-001054,jaguar,CAM-032,2024-02-01,14,367,145,461
GUYRA-SYN-001055,capybara,CAM-038,2024-05-14,1420,974,454,164
GUYRA-SYN-001056,puma,CAM-010,2024-11-09,1071,922,310,222
GUYRA-SYN-001057,puma,CAM-040,2024-12-02,1221,368,467,355
GUYRA-SYN-001058,anteater,CAM-006,2024-11-27,1602,616,278,314
GUYRA-SYN-001059,jaguar,CAM-036,2024-04-07,240,195,416,285
GUYRA-SYN-001060,anteater,CAM-033,2024-04-15,1577,426,241,127
GUYRA-SYN-001061,puma,CAM-008,2024-03-22,1728,971,354,190
GUYRA-SYN-001062,puma,CAM-043,2024-01-02,1320,745,245,207
GUYRA-SYN-001063,brocket_deer,CAM-017,2024-06-20,1648,928,122,153
GUYRA-SYN-001064,capybara,CAM-004,2024-09-06,323,59,348,363
GUYRA-SYN-001065,jaguar,CAM-005,2024-04-24,910,667,314,201
GUYRA-SYN-001066,capybara,CAM-044,2024-06-08,1595,225,266,216
GUYRA-SYN-001067,jaguar,CAM-016,2024-12-14,1781,409,292,212
GUYRA-SYN-001068,jaguar,CAM-031,2024-10-16,111,892,174,210
GUYRA-SYN-001069,anteater,CAM-030,2024-03-13,764,279,334,468
GUYRA-SYN-001070,puma,CAM-041,2024-06-09,414,687,165,116
GUYRA-SYN-001071,capybara,CAM-037,2024-01-09,279,227,338,334
GUYRA-SYN-001072,brocket_deer,CAM-011,2024-06-08,1815,604,409,180
GUYRA-SYN-001073,capybara,CAM-040,2024-03-19,1132,470,144,310
GUYRA-SYN-001074,anteater,CAM-032,2024-04-19,969,947,242,107
GUYRA-SYN-001075,capybara,CAM-028,2024-12-28,505,507,267,322
GUYRA-SYN-001076,anteater,CAM-015,2024-10-05,1871,10,313,122
GUYRA-SYN-001077,jaguar,CAM-031,2024-12-25,1032,68,317,371
GUYRA-SYN-001078,brocket_deer,CAM-031,2024-12-27,200,926,353,223
GUYRA-SYN-001079,jaguar,CAM-036,2024-01-23,1498,832,211,167
GUYRA-SYN-001080,tapir,CAM-019,2024-04-21,185,32,345,442
GUYRA-SYN-001081,tapir,CAM-011,2024-12-15,1757,49,332,337
GUYRA-SYN-001082,puma,CAM-046,2024-07-06,1617,758,420,337
GUYRA-SYN-001083,capybara,CAM-041,2024-01-28,1284,144,297,453
GUYRA-SYN-001084,tapir,CAM-034,2024-01-10,872,552,457,413
GUYRA-SYN-001085,anteater,CAM-037,2024-04-26,1402,165,417,271
GUYRA-SYN-001086,capybara,CAM-004,2024-09-22,745,105,156,296
GUYRA-SYN-001087,tapir,CAM-030,2024-10-02,748,750,189,431
GUYRA-SYN-001088,anteater,CAM-046,2024-02-18,1452,419,170,271
GUYRA-SYN-001089,puma,CAM-035,2024-02-21,979,429,485,481
GUYRA-SYN-001090,puma,CAM-021,2024-06-09,1031,866,241,127
GUYRA-SYN-001091,jaguar,CAM-024,2024-06-15,995,1026,369,162
GUYRA-SYN-001092,brocket_deer,CAM-046,2024-09-22,1690,598,331,417
GUYRA-SYN-001093,tapir,CAM-044,2024-12-26,1808,134,196,334
GUYRA-SYN-001094,jaguar,CAM-006,2024-07-06,590,157,155,184
GUYRA-SYN-001095,tapir,CAM-008,2024-12-05,1016,308,204,366
GUYRA-SYN-001096,capybara,CAM-002,2024-05-14,1397,270,342,277
GUYRA-SYN-001097,brocket_deer,CAM-029,2024-12-21,43,597,196,132
GUYRA-SYN-001098,jaguar,CAM-015,2024-09-21,687,843,396,275
GUYRA-SYN-001099,capybara,CAM-042,2024-06-16,1215,911,334,255
GUYRA-SYN-001100,anteater,CAM-009,2024-05-06,1616,532,216,347
GUYRA-SYN-001101,tapir,CAM-019,2024-01-05,723,582,333,185
GUYRA-SYN-001102,anteater,CAM-011,2024-12-18,584,373,189,462
GUYRA-SYN-001103,capybara,CAM-043,2024-03-06,487,239,121,262
GUYRA-SYN-001104,anteater,CAM-009,2024-08-09,757,377,205,387
GUYRA-SYN-001105,capybara,CAM-003,2024-11-11,704,302,290,329
GUYRA-SYN-001106,anteater,CAM-011,2024-09-10,248,51,307,355
GUYRA-SYN-001107,puma,CAM-030,2024-06-05,8,1039,269,431
GUYRA-SYN-001108,capybara,CAM-019,2024-08-10,1544,301,389,473
GUYRA-SYN-001109,brocket_deer,CAM-022,2024-12-04,1498,980,120,171
GUYRA-SYN-001110,capybara,CAM-036,2024-02-10,50,822,416,212
GUYRA-SYN-001111,brocket_deer,CAM-023,2024-02-11,112,399,398,369
GUYRA-SYN-001112,puma,CAM-050,2024-05-07,46,171,375,328
GUYRA-SYN-001113,capybara,CAM-043,2024-02-17,807,398,351,262
GUYRA-SYN-001114,anteater,CAM-039,2024-09-02,1860,739,303,175
GUYRA-SYN-001115,capybara,CAM-028,2024-06-13,763,24,245,276
GUYRA-SYN-001116,tapir,CAM-020,2024-08-28,1148,179,210,472
GUYRA-SYN-001117,brocket_deer,CAM-048,2024-07-26,906,591,183,472
GUYRA-SYN-001118,brocket_deer,CAM-047,2024-07-05,1711,176,173,206
GUYRA-SYN-001119,tapir,CAM-031,2024-09-11,135,769,145,103
GUYRA-SYN-001120,brocket_deer,CAM-041,2024-05-14,358,946,463,390
GUYRA-SYN-001121,puma,CAM-013,2024-03-27,781,592,383,351
GUYRA-SYN-001122,jaguar,CAM-020,2024-10-10,1011,949,214,113
GUYRA-SYN-001123,jaguar,CAM-010,2024-05-10,1311,967,163,434
GUYRA-SYN-001124,capybara,CAM-019,2024-07-06,1007,501,114,161
GUYRA-SYN-001125,tapir,CAM-032,2024-02-20,1526,740,397,346
GUYRA-SYN-001126,anteater,CAM-028,2024-05-21,1404,974,455,161
GUYRA-SYN-001127,tapir,CAM-033,2024-12-19,35,531,183,397
GUYRA-SYN-001128,jaguar,CAM-010,2024-06-15,1798,277,282,183
GUYRA-SYN-001129,jaguar,CAM-018,2024-06-14,1303,729,124,248
GUYRA-SYN-001130,tapir,CAM-034,2024-11-03,1052,396,492,421
GUYRA-SYN-001131,puma,CAM-049,2024-02-20,1541,342,378,265
GUYRA-SYN-001132,tapir,CAM-044,2024-05-09,1403,742,149,373
GUYRA-SYN-001133,anteater,CAM-023,2024-03-01,280,1061,244,290
GUYRA-SYN-001134,brocket_deer,CAM-027,2024-06-06,209,446,179,357
GUYRA-SYN-001135,puma,CAM-013,2024-09-20,1412,1076,372,464
GUYRA-SYN-001136,anteater,CAM-045,2024-02-14,943,156,159,167
GUYRA-SYN-001137,jaguar,CAM-031,2024-06-10,1415,742,171,326
GUYRA-SYN-001138,anteater,CAM-034,2024-06-06,1453,623,114,481
GUYRA-SYN-001139,jaguar,CAM-015,2024-03-28,1421,291,452,216
GUYRA-SYN-001140,tapir,CAM-009,2024-04-05,160,870,453,490
GUYRA-SYN-001141,jaguar,CAM-005,2024-01-25,991,883,121,200
GUYRA-SYN-001142,jaguar,CAM-003,2024-11-17,1214,121,340,160
GUYRA-SYN-001143,tapir,CAM-003,2024-02-10,1367,21,486,149
GUYRA-SYN-001144,jaguar,CAM-039,2024-04-19,1845,409,194,443
GUYRA-SYN-001145,tapir,CAM-002,2024-02-05,1732,568,396,278
GUYRA-SYN-001146,tapir,CAM-011,2024-09-25,1492,495,358,391
GUYRA-SYN-001147,jaguar,CAM-007,2024-10-25,28,444,466,198
GUYRA-SYN-001148,tapir,CAM-011,2024-09-01,1485,202,209,358
GUYRA-SYN-001149,capybara,CAM-031,2024-06-23,1207,379,325,444
GUYRA-SYN-001150,jaguar,CAM-012,2024-06-13,868,438,363,216
GUYRA-SYN-001151,brocket_deer,CAM-008,2024-06-04,954,225,366,169
GUYRA-SYN-001152,brocket_deer,CAM-049,2024-06-23,590,83,142,267
GUYRA-SYN-001153,brocket_deer,CAM-008,2024-07-10,935,638,451,327
GUYRA-SYN-001154,puma,CAM-036,2024-07-10,1751,876,196,135
GUYRA-SYN-001155,brocket_deer,CAM-044,2024-06-06,26,1006,444,153
GUYRA-SYN-001156,brocket_deer,CAM-029,2024-09-22,1385,174,161,173
GUYRA-SYN-001157,brocket_deer,CAM-026,2024-12-19,208,345,133,286
GUYRA-SYN-001158,puma,CAM-022,2024-04-20,1728,827,162,219
GUYRA-SYN-001159,brocket_deer,CAM-047,2024-08-09,1566,559,487,429
GUYRA-SYN-001160,brocket_deer,CAM-023,2024-08-22,1235,828,348,361
GUYRA-SYN-001161,tapir,CAM-010,2024-08-04,250,513,350,354
GUYRA-SYN-001162,puma,CAM-041,2024-03-01,203,108,134,355
GUYRA-SYN-001163,capybara,CAM-002,2024-03-13,1238,669,178,255
GUYRA-SYN-001164,anteater,CAM-040,2024-02-25,156,1064,492,352
GUYRA-SYN-001165,brocket_deer,CAM-013,2024-05-22,1019,1004,358,233
GUYRA-SYN-001166,anteater,CAM-022,2024-09-18,36,64,320,160
GUYRA-SYN-001167,brocket_deer,CAM-029,2024-06-28,770,906,335,118
GUYRA-SYN-001168,jaguar,CAM-012,2024-09-22,1762,620,461,184
GUYRA-SYN-001169,brocket_deer,CAM-028,2024-03-10,1465,796,349,491
GUYRA-SYN-001170,jaguar,CAM-037,2024-11-16,1351,962,343,387
GUYRA-SYN-001171,puma,CAM-033,2024-01-13,539,1013,402,293
GUYRA-SYN-001172,anteater,CAM-044,2024-06-25,582,656,131,114
GUYRA-SYN-001173,anteater,CAM-003,2024-03-27,750,714,479,398
GUYRA-SYN-001174,jaguar,CAM-049,2024-11-11,779,199,319,276
GUYRA-SYN-001175,tapir,CAM-027,2024-06-02,1354,500,226,220
GUYRA-SYN-001176,capybara,CAM-020,2024-10-03,1864,134,256,158
GUYRA-SYN-001177,tapir,CAM-011,2024-01-18,667,76,335,436
GUYRA-SYN-001178,brocket_deer,CAM-037,2024-09-14,546,41,456,340
GUYRA-SYN-001179,anteater,CAM-002,2024-06-13,1168,799,265,393
GUYRA-SYN-001180,jaguar,CAM-032,2024-02-23,1382,421,272,354
GUYRA-SYN-001181,anteater,CAM-049,2024-11-11,341,613,286,323
GUYRA-SYN-001182,puma,CAM-032,2024-11-28,1612,154,374,209
GUYRA-SYN-001183,tapir,CAM-017,2024-01-10,1174,823,215,419
GUYRA-SYN-001184,capybara,CAM-006,2024-12-28,1184,194,403,272
GUYRA-SYN-001185,tapir,CAM-005,2024-10-26,1087,973,318,207
GUYRA-SYN-001186,tapir,CAM-005,2024-11-27,618,1033,253,321
GUYRA-SYN-001187,capybara,CAM-035,2024-06-07,848,823,228,419
GUYRA-SYN-001188,anteater,CAM-030,2024-11-25,1121,369,109,421
GUYRA-SYN-001189,capybara,CAM-034,2024-03-19,1022,436,438,480
GUYRA-SYN-001190,brocket_deer,CAM-018,2024-11-18,1656,888,389,472
GUYRA-SYN-001191,capybara,CAM-004,2024-09-07,746,947,175,223
GUYRA-SYN-001192,puma,CAM-048,2024-11-25,614,891,310,263
GUYRA-SYN-001193,jaguar,CAM-041,2024-04-28,844,546,246,430
GUYRA-SYN-001194,puma,CAM-017,2024-11-20,483,831,222,158
GUYRA-SYN-001195,puma,CAM-013,2024-01-08,1632,635,337,348
GUYRA-SYN-001196,anteater,CAM-028,2024-07-21,1854,75,203,181
GUYRA-SYN-001197,tapir,CAM-009,2024-01-09,1617,568,437,381
GUYRA-SYN-001198,puma,CAM-042,2024-01-24,995,40,128,142
GUYRA-SYN-001199,tapir,CAM-039,2024-05-28,130,833,286,443
GUYRA-SYN-001200,capybara,CAM-006,2024-07-27,1483,287,220,157
GUYRA-SYN-001201,anteater,CAM-048,2024-09-04,1068,1075,228,354
GUYRA-SYN-001202,jaguar,CAM-016,2024-10-04,1583,641,268,399
GUYRA-SYN-001203,capybara,CAM-025,2024-12-24,483,866,211,173
GUYRA-SYN-001204,jaguar,CAM-012,2024-04-09,900,836,230,401
GUYRA-SYN-001205,jaguar,CAM-032,2024-09-12,1432,231,262,379
GUYRA-SYN-001206,brocket_deer,CAM-031,2024-11-08,568,296,285,343
GUYRA-SYN-001207,capybara,CAM-024,2024-05-01,1321,71,478,439
GUYRA-SYN-001208,jaguar,CAM-045,2024-11-08,518,787,258,427
GUYRA-SYN-001209,capybara,CAM-024,2024-11-04,1095,484,326,298
GUYRA-SYN-001210,jaguar,CAM-026,2024-05-10,184,482,252,207
GUYRA-SYN-001211,puma,CAM-029,2024-11-11,1801,832,117,240
GUYRA-SYN-001212,jaguar,CAM-050,2024-08-16,1509,845,270,467
GUYRA-SYN-001213,brocket_deer,CAM-007,2024-03-23,534,1036,133,280
GUYRA-SYN-001214,brocket_deer,CAM-039,2024-12-27,1121,669,332,455
GUYRA-SYN-001215,jaguar,CAM-049,2024-01-21,1313,376,422,327
GUYRA-SYN-001216,capybara,CAM-009,2024-01-13,409,625,260,394
GUYRA-SYN-001217,jaguar,CAM-008,2024-03-08,1057,266,404,451
GUYRA-SYN-001218,brocket_deer,CAM-021,2024-08-16,1788,273,233,188
GUYRA-SYN-001219,capybara,CAM-038,2024-06-26,577,406,143,312
GUYRA-SYN-001220,tapir,CAM-012,2024-07-13,1709,459,110,111
GUYRA-SYN-001221,anteater,CAM-042,2024-10-21,468,182,336,201
GUYRA-SYN-001222,tapir,CAM-045,2024-03-02,821,878,407,233
GUYRA-SYN-001223,puma,CAM-006,2024-06-06,1161,240,107,467
GUYRA-SYN-001224,anteater,CAM-028,2024-08-27,1379,1012,160,214
GUYRA-SYN-001225,capybara,CAM-014,2024-04-28,1665,545,247,482
GUYRA-SYN-001226,brocket_deer,CAM-025,2024-03-14,1753,423,407,210
GUYRA-SYN-001227,tapir,CAM-047,2024-11-07,856,369,309,174
GUYRA-SYN-001228,jaguar,CAM-019,2024-05-08,1265,923,227,289
GUYRA-SYN-001229,anteater,CAM-044,2024-11-15,175,21,340,168
GUYRA-SYN-001230,tapir,CAM-045,2024-07-22,434,785,462,316
GUYRA-SYN-001231,capybara,CAM-039,2024-05-03,195,120,126,270
GUYRA-SYN-001232,puma,CAM-031,2024-06-20,1373,93,102,229
GUYRA-SYN-001233,anteater,CAM-040,2024-07-10,808,759,167,386
GUYRA-SYN-001234,jaguar,CAM-038,2024-03-09,347,1031,352,273
GUYRA-SYN-001235,brocket_deer,CAM-009,2024-02-11,1454,886,172,233
GUYRA-SYN-001236,jaguar,CAM-021,2024-01-05,1022,575,482,284
GUYRA-SYN-001237,brocket_deer,CAM-019,2024-05-20,1698,540,364,260
GUYRA-SYN-001238,brocket_deer,CAM-011,2024-06-24,1006,309,384,436
GUYRA-SYN-001239,capybara,CAM-029,2024-01-07,304,111,217,193
GUYRA-SYN-001240,jaguar,CAM-031,2024-05-06,1445,956,323,159
GUYRA-SYN-001241,brocket_deer,CAM-003,2024-08-12,1452,993,334,352
GUYRA-SYN-001242,jaguar,CAM-047,2024-03-04,715,191,204,245
GUYRA-SYN-001243,puma,CAM-011,2024-12-17,1684,558,388,439
GUYRA-SYN-001244,anteater,CAM-014,2024-10-01,1077,369,313,139
GUYRA-SYN-001245,puma,CAM-050,2024-08-22,193,673,113,245
GUYRA-SYN-001246,capybara,CAM-044,2024-02-13,765,217,265,178
GUYRA-SYN-001247,jaguar,CAM-006,2024-08-27,1449,982,332,421
GUYRA-SYN-001248,tapir,CAM-039,2024-11-01,674,89,435,418
GUYRA-SYN-001249,brocket_deer,CAM-021,2024-12-24,1857,264,208,124
GUYRA-SYN-001250,capybara,CAM-019,2024-06-26,113,144,380,408
GUYRA-SYN-001251,brocket_deer,CAM-006,2024-07-09,364,491,494,304
GUYRA-SYN-001252,jaguar,CAM-002,2024-04-06,795,824,245,431
GUYRA-SYN-001253,capybara,CAM-010,2024-02-10,1005,885,476,258
GUYRA-SYN-001254,capybara,CAM-039,2024-03-12,1362,196,288,362
GUYRA-SYN-001255,puma,CAM-032,2024-08-13,975,549,388,407
GUYRA-SYN-001256,brocket_deer,CAM-006,2024-07-26,754,381,322,422
GUYRA-SYN-001257,brocket_deer,CAM-006,2024-01-17,699,949,446,214
GUYRA-SYN-001258,capybara,CAM-044,2024-12-05,1906,1014,369,422
GUYRA-SYN-001259,capybara,CAM-034,2024-02-10,958,895,140,344
GUYRA-SYN-001260,tapir,CAM-010,2024-03-22,1849,615,227,367
GUYRA-SYN-001261,brocket_deer,CAM-019,2024-10-02,1128,156,123,362
GUYRA-SYN-001262,jaguar,CAM-033,2024-07-14,193,951,438,468
GUYRA-SYN-001263,anteater,CAM-017,2024-06-09,1199,167,493,357
GUYRA-SYN-001264,jaguar,CAM-008,2024-12-22,947,367,193,301
GUYRA-SYN-001265,jaguar,CAM-006,2024-07-23,609,642,400,470
GUYRA-SYN-001266,brocket_deer,CAM-049,2024-11-15,1277,542,274,195
GUYRA-SYN-001267,puma,CAM-012,2024-02-24,1237,531,444,154
GUYRA-SYN-001268,brocket_deer,CAM-035,2024-01-01,808,238,106,187
GUYRA-SYN-001269,capybara,CAM-031,2024-08-23,829,996,255,416
GUYRA-SYN-001270,anteater,CAM-024,2024-12-22,1413,808,254,144
GUYRA-SYN-001271,puma,CAM-009,2024-01-07,229,32,456,196
GUYRA-SYN-001272,jaguar,CAM-014,2024-08-21,297,495,323,420
GUYRA-SYN-001273,anteater,CAM-013,2024-02-10,1576,949,175,342
GUYRA-SYN-001274,brocket_deer,CAM-002,2024-02-06,1848,312,478,459
GUYRA-SYN-001275,brocket_deer,CAM-032,2024-08-01,1760,920,399,224
GUYRA-SYN-001276,puma,CAM-019,2024-10-27,1707,802,126,270
GUYRA-SYN-001277,jaguar,CAM-007,2024-11-28,1460,884,312,353
GUYRA-SYN-001278,capybara,CAM-038,2024-10-24,1135,595,118,349
GUYRA-SYN-001279,brocket_deer,CAM-032,2024-09-19,1484,999,218,465
GUYRA-SYN-001280,jaguar,CAM-034,2024-01-14,1180,646,383,132
GUYRA-SYN-001281,tapir,CAM-042,2024-07-16,239,1013,418,430
GUYRA-SYN-001282,tapir,CAM-029,2024-12-14,42,330,247,471
GUYRA-SYN-001283,puma,CAM-031,2024-06-15,475,1039,212,400
GUYRA-SYN-001284,capybara,CAM-022,2024-10-28,1725,959,167,250
GUYRA-SYN-001285,capybara,CAM-046,2024-07-14,1706,737,341,182
GUYRA-SYN-001286,anteater,CAM-014,2024-05-23,1534,176,441,347
GUYRA-SYN-001287,puma,CAM-012,2024-04-06,1240,1007,151,312
GUYRA-SYN-001288,brocket_deer,CAM-020,2024-04-07,1140,96,109,283
GUYRA-SYN-001289,tapir,CAM-023,2024-11-06,357,1031,116,132
GUYRA-SYN-001290,tapir,CAM-028,2024-02-20,464,247,387,214
GUYRA-SYN-001291,brocket_deer,CAM-017,2024-06-26,727,95,494,385
GUYRA-SYN-001292,tapir,CAM-010,2024-12-28,1055,213,461,125
GUYRA-SYN-001293,brocket_deer,CAM-030,2024-02-04,1600,208,387,121
GUYRA-SYN-001294,anteater,CAM-007,2024-03-21,241,420,285,180
GUYRA-SYN-001295,capybara,CAM-019,2024-12-15,1560,1036,355,475
GUYRA-SYN-001296,jaguar,CAM-010,2024-11-12,685,282,162,203
GUYRA-SYN-001297,brocket_deer,CAM-027,2024-01-08,1709,970,274,246
GUYRA-SYN-001298,anteater,CAM-011,2024-02-09,762,849,284,422
GUYRA-SYN-001299,capybara,CAM-016,2024-03-25,1543,863,216,170
GUYRA-SYN-001300,brocket_deer,CAM-027,2024-07-15,1745,1057,449,285
GUYRA-SYN-001301,jaguar,CAM-029,2024-03-25,20,1059,135,143
GUYRA-SYN-001302,tapir,CAM-021,2024-07-25,336,888,131,301
GUYRA-SYN-001303,jaguar,CAM-043,2024-11-05,1848,118,423,465
GUYRA-SYN-001304,capybara,CAM-034,2024-05-14,823,623,469,480
GUYRA-SYN-001305,tapir,CAM-023,2024-01-27,572,1080,412,175
GUYRA-SYN-001306,capybara,CAM-026,2024-08-21,420,905,457,276
GUYRA-SYN-001307,capybara,CAM-026,2024-04-10,172,75,375,271
GUYRA-SYN-001308,brocket_deer,CAM-047,2024-12-24,1801,258,366,376
GUYRA-SYN-001309,tapir,CAM-014,2024-02-17,1130,639,366,274
GUYRA-SYN-001310,capybara,CAM-011,2024-01-01,1823,529,223,496
GUYRA-SYN-001311,tapir,CAM-047,2024-07-17,226,122,290,232
GUYRA-SYN-001312,capybara,CAM-033,2024-06-04,97,255,329,252
GUYRA-SYN-001313,anteater,CAM-048,2024-01-15,694,483,481,397
GUYRA-SYN-001314,anteater,CAM-046,2024-11-22,1092,478,279,253
GUYRA-SYN-001315,tapir,CAM-043,2024-12-19,1377,286,465,293
GUYRA-SYN-001316,anteater,CAM-048,2024-04-04,671,1057,398,198
GUYRA-SYN-001317,tapir,CAM-030,2024-02-05,1457,871,310,141
GUYRA-SYN-001318,jaguar,CAM-004,2024-07-05,975,439,328,139
GUYRA-SYN-001319,tapir,CAM-044,2024-09-13,1204,1062,498,302
GUYRA-SYN-001320,tapir,CAM-038,2024-08-21,867,901,452,350
GUYRA-SYN-001321,capybara,CAM-027,2024-03-05,1035,260,348,464
GUYRA-SYN-001322,brocket_deer,CAM-009,2024-12-17,1767,241,455,208
GUYRA-SYN-001323,brocket_deer,CAM-031,2024-01-24,321,756,160,408
GUYRA-SYN-001324,brocket_deer,CAM-008,2024-02-12,1170,593,120,367
GUYRA-SYN-001325,puma,CAM-008,2024-06-10,766,621,250,348
GUYRA-SYN-001326,jaguar,CAM-010,2024-03-26,1207,863,124,256
GUYRA-SYN-001327,tapir,CAM-014,2024-03-27,1514,1001,101,162
GUYRA-SYN-001328,anteater,CAM-023,2024-02-28,91,855,346,393
GUYRA-SYN-001329,tapir,CAM-037,2024-08-11,1600,772,343,468
GUYRA-SYN-001330,anteater,CAM-009,2024-03-17,1303,943,489,330
GUYRA-SYN-001331,capybara,CAM-029,2024-03-28,1490,666,145,419
GUYRA-SYN-001332,capybara,CAM-040,2024-07-13,476,809,273,376
GUYRA-SYN-001333,jaguar,CAM-043,2024-08-24,568,181,184,462
GUYRA-SYN-001334,jaguar,CAM-037,2024-11-26,1580,632,387,430
GUYRA-SYN-001335,jaguar,CAM-042,2024-09-03,394,108,391,367
GUYRA-SYN-001336,puma,CAM-049,2024-08-17,1836,38,161,437
GUYRA-SYN-001337,anteater,CAM-012,2024-01-09,1611,421,225,461
GUYRA-SYN-001338,anteater,CAM-029,2024-02-26,1092,656,305,401
GUYRA-SYN-001339,jaguar,CAM-032,2024-01-11,895,369,312,112
GUYRA-SYN-001340,anteater,CAM-021,2024-07-09,186,234,150,377
GUYRA-SYN-001341,puma,CAM-019,2024-03-06,523,183,178,257
GUYRA-SYN-001342,brocket_deer,CAM-044,2024-03-02,1258,666,192,113
GUYRA-SYN-001343,capybara,CAM-004,2024-05-13,202,655,172,311
GUYRA-SYN-001344,tapir,CAM-017,2024-07-27,1842,247,126,203
GUYRA-SYN-001345,puma,CAM-049,2024-10-19,484,1009,360,485
GUYRA-SYN-001346,anteater,CAM-025,2024-02-09,124,651,337,383
GUYRA-SYN-001347,brocket_deer,CAM-005,2024-08-01,834,478,109,237
GUYRA-SYN-001348,anteater,CAM-038,2024-11-04,504,257,255,390
GUYRA-SYN-001349,brocket_deer,CAM-029,2024-02-28,1302,1024,204,500
GUYRA-SYN-001350,puma,CAM-024,2024-09-06,1601,502,375,316
GUYRA-SYN-001351,anteater,CAM-029,2024-01-01,1664,951,417,248
GUYRA-SYN-001352,capybara,CAM-011,2024-01-02,1911,987,239,406
GUYRA-SYN-001353,tapir,CAM-044,2024-07-12,1725,435,399,361
GUYRA-SYN-001354,tapir,CAM-003,2024-03-24,1093,143,253,145
GUYRA-SYN-001355,brocket_deer,CAM-045,2024-02-27,286,572,321,207
GUYRA-SYN-001356,anteater,CAM-033,2024-06-22,701,535,485,462
GUYRA-SYN-001357,brocket_deer,CAM-018,2024-04-22,658,699,207,335
GUYRA-SYN-001358,anteater,CAM-022,2024-01-23,273,4,411,343
GUYRA-SYN-001359,jaguar,CAM-001,2024-11-06,846,1001,490,301
GUYRA-SYN-001360,anteater,CAM-006,2024-11-21,158,63,443,327
GUYRA-SYN-001361,capybara,CAM-008,2024-06-27,770,733,298,190
GUYRA-SYN-001362,capybara,CAM-001,2024-02-15,758,395,327,104
GUYRA-SYN-001363,puma,CAM-048,2024-01-25,575,732,198,146
GUYRA-SYN-001364,anteater,CAM-041,2024-05-26,1470,452,219,352
GUYRA-SYN-001365,tapir,CAM-003,2024-05-16,1852,428,103,200
GUYRA-SYN-001366,capybara,CAM-026,2024-02-28,568,1024,352,187
GUYRA-SYN-001367,anteater,CAM-013,2024-11-24,1158,359,133,401
GUYRA-SYN-001368,puma,CAM-048,2024-02-05,531,466,367,473
GUYRA-SYN-001369,tapir,CAM-013,2024-11-01,1419,517,448,386
GUYRA-SYN-001370,brocket_deer,CAM-001,2024-07-21,1378,106,265,321
GUYRA-SYN-001371,brocket_deer,CAM-018,2024-02-22,1061,955,353,285
GUYRA-SYN-001372,anteater,CAM-049,2024-01-24,459,96,242,315
GUYRA-SYN-001373,anteater,CAM-029,2024-06-01,802,398,271,141
GUYRA-SYN-001374,anteater,CAM-002,2024-12-08,1412,867,138,227
GUYRA-SYN-001375,puma,CAM-011,2024-06-10,128,198,114,345
GUYRA-SYN-001376,brocket_deer,CAM-002,2024-10-26,1282,684,228,226
GUYRA-SYN-001377,jaguar,CAM-031,2024-04-11,1704,111,270,366
GUYRA-SYN-001378,puma,CAM-005,2024-10-20,898,195,420,328
GUYRA-SYN-001379,anteater,CAM-008,2024-02-02,1877,68,293,260
GUYRA-SYN-001380,capybara,CAM-005,2024-03-02,1882,905,128,254
GUYRA-SYN-001381,anteater,CAM-041,2024-07-03,208,114,386,126
GUYRA-SYN-001382,tapir,CAM-025,2024-07-04,1264,841,219,406
GUYRA-SYN-001383,capybara,CAM-040,2024-01-15,786,950,319,417
GUYRA-SYN-001384,anteater,CAM-007,2024-06-21,1920,53,332,364
GUYRA-SYN-001385,tapir,CAM-038,2024-04-04,210,25,404,465
GUYRA-SYN-001386,jaguar,CAM-038,2024-04-19,258,1042,231,281
GUYRA-SYN-001387,brocket_deer,CAM-031,2024-12-20,910,380,224,170
GUYRA-SYN-001388,jaguar,CAM-004,2024-03-10,1197,892,362,433
GUYRA-SYN-001389,tapir,CAM-020,2024-10-18,1588,298,175,340
GUYRA-SYN-001390,tapir,CAM-039,2024-06-10,755,16,365,400
GUYRA-SYN-001391,capybara,CAM-044,2024-03-02,486,1038,386,127
GUYRA-SYN-001392,brocket_deer,CAM-023,2024-04-07,1311,412,135,274
GUYRA-SYN-001393,puma,CAM-043,2024-08-23,1416,957,407,454
GUYRA-SYN-001394,tapir,CAM-038,2024-10-11,1261,613,314,268
GUYRA-SYN-001395,puma,CAM-007,2024-08-26,1864,86,353,212
GUYRA-SYN-001396,jaguar,CAM-041,2024-04-23,471,955,419,209
GUYRA-SYN-001397,puma,CAM-031,2024-12-25,1668,678,478,292
GUYRA-SYN-001398,puma,CAM-026,2024-03-27,13,743,105,137
GUYRA-SYN-001399,tapir,CAM-002,2024-09-04,291,595,325,199
GUYRA-SYN-001400,capybara,CAM-038,2024-06-02,60,407,201,245
GUYRA-SYN-001401,puma,CAM-015,2024-05-24,356,695,383,225
GUYRA-SYN-001402,puma,CAM-013,2024-01-06,1726,536,151,110
GUYRA-SYN-001403,capybara,CAM-009,2024-07-21,1612,227,273,207
GUYRA-SYN-001404,tapir,CAM-030,2024-04-12,1657,762,438,187
GUYRA-SYN-001405,anteater,CAM-040,2024-07-23,133,242,173,166
GUYRA-SYN-001406,puma,CAM-013,2024-09-13,1422,766,262,406
GUYRA-SYN-001407,brocket_deer,CAM-041,2024-04-02,1562,387,374,250
GUYRA-SYN-001408,puma,CAM-021,2024-04-02,1289,573,164,360
GUYRA-SYN-001409,anteater,CAM-032,2024-04-24,166,963,439,414
GUYRA-SYN-001410,jaguar,CAM-011,2024-09-13,1538,1042,291,355
GUYRA-SYN-001411,anteater,CAM-030,2024-03-11,1459,765,369,455
GUYRA-SYN-001412,brocket_deer,CAM-046,2024-08-16,549,821,426,398
GUYRA-SYN-001413,capybara,CAM-003,2024-04-08,1832,415,331,220
GUYRA-SYN-001414,brocket_deer,CAM-014,2024-05-14,1820,772,392,180
GUYRA-SYN-001415,tapir,CAM-017,2024-09-03,275,172,251,327
GUYRA-SYN-001416,anteater,CAM-023,2024-04-19,84,952,362,418
GUYRA-SYN-001417,tapir,CAM-028,2024-08-15,885,837,288,354
GUYRA-SYN-001418,tapir,CAM-018,2024-07-01,367,904,219,235
GUYRA-SYN-001419,capybara,CAM-005,2024-06-03,603,1027,362,379
GUYRA-SYN-001420,capybara,CAM-006,2024-05-08,201,242,136,284
GUYRA-SYN-001421,jaguar,CAM-035,2024-04-11,402,674,228,254
GUYRA-SYN-001422,capybara,CAM-050,2024-11-28,562,390,461,409
GUYRA-SYN-001423,puma,CAM-049,2024-12-24,1112,534,104,494
GUYRA-SYN-001424,tapir,CAM-019,2024-06-26,827,830,396,487
GUYRA-SYN-001425,capybara,CAM-001,2024-08-21,1049,305,303,216
GUYRA-SYN-001426,puma,CAM-047,2024-12-07,971,478,364,400
GUYRA-SYN-001427,anteater,CAM-049,2024-08-24,1667,944,274,143
GUYRA-SYN-001428,tapir,CAM-013,2024-07-25,1429,855,207,324
GUYRA-SYN-001429,brocket_deer,CAM-036,2024-01-12,284,262,256,477
GUYRA-SYN-001430,jaguar,CAM-032,2024-11-27,726,695,215,314
GUYRA-SYN-001431,brocket_deer,CAM-044,2024-07-25,1594,613,266,400
GUYRA-SYN-001432,jaguar,CAM-037,2024-01-05,314,676,390,422
GUYRA-SYN-001433,anteater,CAM-039,2024-10-28,800,780,204,300
GUYRA-SYN-001434,jaguar,CAM-035,2024-07-07,972,222,268,391
GUYRA-SYN-001435,brocket_deer,CAM-041,2024-05-03,351,213,445,383
GUYRA-SYN-001436,puma,CAM-003,2024-12-20,1000,54,195,201
GUYRA-SYN-001437,jaguar,CAM-025,2024-05-07,477,596,437,368
GUYRA-SYN-001438,jaguar,CAM-030,2024-01-12,1061,22,187,267
GUYRA-SYN-001439,brocket_deer,CAM-026,2024-03-04,264,856,344,480
GUYRA-SYN-001440,jaguar,CAM-025,2024-04-05,1782,421,258,321
GUYRA-SYN-001441,capybara,CAM-043,2024-08-06,1236,635,400,203
GUYRA-SYN-001442,anteater,CAM-046,2024-11-15,564,413,103,173
GUYRA-SYN-001443,brocket_deer,CAM-005,2024-07-20,1653,505,369,268
GUYRA-SYN-001444,anteater,CAM-032,2024-08-15,1179,80,477,146
GUYRA-SYN-001445,tapir,CAM-042,2024-08-12,1434,609,300,413
GUYRA-SYN-001446,puma,CAM-027,2024-04-06,1843,884,334,296
GUYRA-SYN-001447,capybara,CAM-012,2024-12-19,195,805,457,122
GUYRA-SYN-001448,puma,CAM-011,2024-05-21,1101,597,441,134
GUYRA-SYN-001449,capybara,CAM-047,2024-12-07,1861,1010,310,490
GUYRA-SYN-001450,anteater,CAM-008,2024-06-03,1547,215,358,492
GUYRA-SYN-001451,tapir,CAM-027,2024-08-06,517,424,359,122
GUYRA-SYN-001452,brocket_deer,CAM-002,2024-02-21,1422,945,295,275
GUYRA-SYN-001453,capybara,CAM-026,2024-04-13,77,21,228,158
GUYRA-SYN-001454,capybara,CAM-009,2024-06-22,1533,950,348,336
GUYRA-SYN-001455,jaguar,CAM-006,2024-09-22,496,896,171,341
GUYRA-SYN-001456,tapir,CAM-011,2024-03-27,36,205,190,250
GUYRA-SYN-001457,jaguar,CAM-035,2024-12-13,344,158,443,490
GUYRA-SYN-001458,jaguar,CAM-044,2024-05-05,902,733,191,210
GUYRA-SYN-001459,capybara,CAM-003,2024-11-18,442,905,456,124
GUYRA-SYN-001460,capybara,CAM-034,2024-11-22,1467,210,299,453
GUYRA-SYN-001461,tapir,CAM-029,2024-01-20,9,99,495,293
GUYRA-SYN-001462,puma,CAM-016,2024-06-08,409,187,108,315
GUYRA-SYN-001463,jaguar,CAM-001,2024-06-27,393,129,212,149
GUYRA-SYN-001464,capybara,CAM-011,2024-12-06,90,851,362,155
GUYRA-SYN-001465,tapir,CAM-021,2024-09-21,388,424,377,302
GUYRA-SYN-001466,brocket_deer,CAM-008,2024-04-07,216,730,265,188
GUYRA-SYN-001467,jaguar,CAM-026,2024-11-11,24,797,208,334
GUYRA-SYN-001468,puma,CAM-005,2024-11-27,570,755,122,134
GUYRA-SYN-001469,puma,CAM-027,2024-05-25,1226,1023,152,464
GUYRA-SYN-001470,anteater,CAM-037,2024-03-09,194,664,423,456
GUYRA-SYN-001471,brocket_deer,CAM-044,2024-12-05,680,359,425,489
GUYRA-SYN-001472,capybara,CAM-021,2024-11-16,138,686,109,411
GUYRA-SYN-001473,anteater,CAM-029,2024-07-17,1311,476,357,400
GUYRA-SYN-001474,capybara,CAM-001,2024-04-01,1262,254,258,221
GUYRA-SYN-001475,capybara,CAM-028,2024-04-20,162,122,170,291
GUYRA-SYN-001476,brocket_deer,CAM-019,2024-04-05,769,418,428,119
GUYRA-SYN-001477,puma,CAM-047,2024-10-15,1513,673,168,242
GUYRA-SYN-001478,tapir,CAM-042,2024-01-17,1621,849,431,247
GUYRA-SYN-001479,jaguar,CAM-015,2024-12-11,701,496,205,376
GUYRA-SYN-001480,jaguar,CAM-043,2024-04-26,1407,455,411,295
GUYRA-SYN-001481,anteater,CAM-021,2024-03-15,1289,12,133,351
GUYRA-SYN-001482,jaguar,CAM-013,2024-01-21,289,418,164,146
GUYRA-SYN-001483,puma,CAM-038,2024-09-27,1628,418,220,359
GUYRA-SYN-001484,jaguar,CAM-028,2024-12-15,637,336,469,201
GUYRA-SYN-001485,puma,CAM-028,2024-03-20,509,620,246,395
GUYRA-SYN-001486,brocket_deer,CAM-041,2024-04-09,1766,985,140,284
GUYRA-SYN-001487,brocket_deer,CAM-025,2024-03-16,903,865,358,412
GUYRA-SYN-001488,capybara,CAM-028,2024-03-27,1625,987,110,490
GUYRA-SYN-001489,brocket_deer,CAM-028,2024-02-25,1856,614,404,375
GUYRA-SYN-001490,puma,CAM-036,2024-12-06,526,779,337,256
GUYRA-SYN-001491,brocket_deer,CAM-019,2024-07-18,1241,984,136,270
GUYRA-SYN-001492,puma,CAM-046,2024-08-07,316,388,102,106
GUYRA-SYN-001493,anteater,CAM-047,2024-12-12,1006,828,312,302
GUYRA-SYN-001494,capybara,CAM-024,2024-07-16,630,145,309,119
GUYRA-SYN-001495,jaguar,CAM-025,2024-10-06,397,893,230,494
GUYRA-SYN-001496,capybara,CAM-023,2024-09-23,1000,754,456,129
GUYRA-SYN-001497,capybara,CAM-025,2024-07-24,505,496,344,117
GUYRA-SYN-001498,tapir,CAM-041,2024-12-22,57,302,233,409
GUYRA-SYN-001499,brocket_deer,CAM-044,2024-03-09,506,330,106,159
GUYRA-SYN-001500,jaguar,CAM-042,2024-12-13,814,164,365,196
GUYRA-SYN-001501,brocket_deer,CAM-011,2024-07-09,1416,618,356,372
GUYRA-SYN-001502,capybara,CAM-025,2024-10-10,1503,842,485,472
GUYRA-SYN-001503,jaguar,CAM-007,2024-11-19,1590,705,173,237
GUYRA-SYN-001504,capybara,CAM-014,2024-12-13,1431,630,103,186
GUYRA-SYN-001505,brocket_deer,CAM-001,2024-02-03,1584,855,368,313
GUYRA-SYN-001506,capybara,CAM-019,2024-12-14,349,361,291,195
GUYRA-SYN-001507,capybara,CAM-009,2024-04-16,372,1029,156,330
GUYRA-SYN-001508,anteater,CAM-014,2024-03-07,120,374,488,198
GUYRA-SYN-001509,tapir,CAM-027,2024-08-21,1869,223,425,185
GUYRA-SYN-001510,jaguar,CAM-019,2024-02-13,255,566,132,275
GUYRA-SYN-001511,jaguar,CAM-038,2024-04-16,993,206,104,131
GUYRA-SYN-001512,tapir,CAM-049,2024-01-22,1192,85,149,208
GUYRA-SYN-001513,anteater,CAM-001,2024-07-20,1065,544,348,342
GUYRA-SYN-001514,tapir,CAM-039,2024-07-11,759,702,261,222
GUYRA-SYN-001515,tapir,CAM-043,2024-07-13,1250,117,282,269
GUYRA-SYN-001516,jaguar,CAM-001,2024-08-28,1430,822,471,171
GUYRA-SYN-001517,jaguar,CAM-039,2024-02-28,1086,572,458,484
GUYRA-SYN-001518,puma,CAM-024,2024-08-20,1405,973,363,311
GUYRA-SYN-001519,capybara,CAM-013,2024-01-21,1664,659,108,424
GUYRA-SYN-001520,tapir,CAM-003,2024-12-11,1388,909,219,410
GUYRA-SYN-001521,brocket_deer,CAM-026,2024-12-20,1626,166,278,319
GUYRA-SYN-001522,brocket_deer,CAM-043,2024-12-04,1503,788,250,410
GUYRA-SYN-001523,puma,CAM-046,2024-03-28,1065,1033,116,165
GUYRA-SYN-001524,brocket_deer,CAM-006,2024-05-27,1378,956,186,328
GUYRA-SYN-001525,jaguar,CAM-031,2024-11-18,493,498,208,187
GUYRA-SYN-001526,capybara,CAM-045,2024-02-04,890,59,182,267
GUYRA-SYN-001527,brocket_deer,CAM-050,2024-05-08,1472,527,440,343
GUYRA-SYN-001528,capybara,CAM-008,2024-11-05,1889,1007,146,454
GUYRA-SYN-001529,tapir,CAM-015,2024-10-25,1892,132,429,275
GUYRA-SYN-001530,brocket_deer,CAM-046,2024-12-24,1484,781,434,428
GUYRA-SYN-001531,anteater,CAM-028,2024-04-08,530,236,248,144
GUYRA-SYN-001532,jaguar,CAM-006,2024-06-24,1212,385,481,159
GUYRA-SYN-001533,anteater,CAM-024,2024-03-28,641,778,395,477
GUYRA-SYN-001534,jaguar,CAM-020,2024-01-19,1096,388,298,316
GUYRA-SYN-001535,tapir,CAM-050,2024-06-26,1391,258,366,439
GUYRA-SYN-001536,anteater,CAM-038,2024-04-04,809,18,375,335
GUYRA-SYN-001537,tapir,CAM-010,2024-05-27,448,1023,448,333
GUYRA-SYN-001538,puma,CAM-039,2024-05-05,1529,70,406,263
GUYRA-SYN-001539,tapir,CAM-033,2024-12-04,560,979,423,210
GUYRA-SYN-001540,brocket_deer,CAM-019,2024-12-13,120,682,178,466
GUYRA-SYN-001541,puma,CAM-047,2024-04-23,1506,107,497,191
GUYRA-SYN-001542,brocket_deer,CAM-047,2024-07-10,1669,326,111,380
GUYRA-SYN-001543,brocket_deer,CAM-022,2024-07-22,969,713,487,300
GUYRA-SYN-001544,brocket_deer,CAM-005,2024-09-24,579,578,456,199
GUYRA-SYN-001545,capybara,CAM-036,2024-07-04,268,662,485,397
GUYRA-SYN-001546,jaguar,CAM-046,2024-05-15,1340,335,395,170
GUYRA-SYN-001547,brocket_deer,CAM-045,2024-08-10,1837,296,207,211
GUYRA-SYN-001548,capybara,CAM-013,2024-12-21,18,741,471,394
GUYRA-SYN-001549,jaguar,CAM-044,2024-03-13,874,344,128,149
GUYRA-SYN-001550,tapir,CAM-031,2024-03-02,240,1055,432,273
GUYRA-SYN-001551,anteater,CAM-028,2024-03-21,1479,827,225,117
GUYRA-SYN-001552,jaguar,CAM-016,2024-07-16,619,353,434,481
GUYRA-SYN-001553,brocket_deer,CAM-050,2024-12-26,1373,183,498,337
GUYRA-SYN-001554,capybara,CAM-025,2024-05-21,1337,911,288,105
GUYRA-SYN-001555,jaguar,CAM-008,2024-02-04,1001,1043,215,111
GUYRA-SYN-001556,anteater,CAM-037,2024-10-16,560,193,403,192
GUYRA-SYN-001557,brocket_deer,CAM-031,2024-11-23,888,611,392,164
GUYRA-SYN-001558,jaguar,CAM-021,2024-02-23,1861,378,307,458
GUYRA-SYN-001559,jaguar,CAM-026,2024-09-27,1098,1000,132,365
GUYRA-SYN-001560,anteater,CAM-035,2024-12-27,1618,254,485,485
GUYRA-SYN-001561,puma,CAM-043,2024-02-06,1765,368,102,384
GUYRA-SYN-001562,brocket_deer,CAM-021,2024-02-02,263,422,434,182
GUYRA-SYN-001563,jaguar,CAM-036,2024-05-28,1542,71,143,163
GUYRA-SYN-001564,anteater,CAM-020,2024-06-18,351,866,436,100
GUYRA-SYN-001565,puma,CAM-020,2024-01-17,1852,600,437,373
GUYRA-SYN-001566,brocket_deer,CAM-009,2024-10-16,1423,640,367,280
GUYRA-SYN-001567,anteater,CAM-035,2024-09-07,1408,202,439,122
GUYRA-SYN-001568,puma,CAM-003,2024-04-05,613,440,168,408
GUYRA-SYN-001569,anteater,CAM-014,2024-10-12,568,263,473,418
GUYRA-SYN-001570,brocket_deer,CAM-005,2024-09-09,533,781,432,183
GUYRA-SYN-001571,brocket_deer,CAM-030,2024-02-09,1385,871,455,173
GUYRA-SYN-001572,anteater,CAM-014,2024-02-21,1500,551,424,456
GUYRA-SYN-001573,capybara,CAM-013,2024-12-12,1154,1047,409,183
GUYRA-SYN-001574,brocket_deer,CAM-010,2024-06-26,888,776,113,409
GUYRA-SYN-001575,puma,CAM-005,2024-05-04,1088,225,450,380
GUYRA-SYN-001576,brocket_deer,CAM-005,2024-06-21,182,743,270,498
GUYRA-SYN-001577,tapir,CAM-010,2024-04-09,20,200,293,213
GUYRA-SYN-001578,brocket_deer,CAM-007,2024-02-06,1078,627,401,350
GUYRA-SYN-001579,jaguar,CAM-034,2024-06-23,1171,577,382,238
GUYRA-SYN-001580,anteater,CAM-007,2024-01-06,651,797,192,276
GUYRA-SYN-001581,capybara,CAM-044,2024-09-18,1217,824,344,403
GUYRA-SYN-001582,puma,CAM-017,2024-01-22,1051,318,436,164
GUYRA-SYN-001583,puma,CAM-025,2024-10-24,547,108,471,427
GUYRA-SYN-001584,tapir,CAM-046,2024-04-22,1246,856,461,334
GUYRA-SYN-001585,puma,CAM-029,2024-06-26,959,1028,246,241
GUYRA-SYN-001586,brocket_deer,CAM-034,2024-12-27,468,625,425,144
GUYRA-SYN-001587,tapir,CAM-027,2024-06-28,184,162,139,473
GUYRA-SYN-001588,puma,CAM-006,2024-03-19,117,173,480,246
GUYRA-SYN-001589,anteater,CAM-032,2024-01-14,1386,1041,474,169
GUYRA-SYN-001590,brocket_deer,CAM-032,2024-09-22,1386,255,307,107
GUYRA-SYN-001591,anteater,CAM-013,2024-12-01,1462,870,459,373
GUYRA-SYN-001592,capybara,CAM-023,2024-04-24,1354,86,410,329
GUYRA-SYN-001593,puma,CAM-044,2024-09-08,358,153,287,168
GUYRA-SYN-001594,anteater,CAM-023,2024-01-14,1014,776,187,291
GUYRA-SYN-001595,jaguar,CAM-022,2024-11-08,1703,241,248,253
GUYRA-SYN-001596,brocket_deer,CAM-019,2024-05-07,4,806,211,256
GUYRA-SYN-001597,capybara,CAM-033,2024-01-15,1827,999,129,282
GUYRA-SYN-001598,jaguar,CAM-040,2024-08-11,611,724,154,102
GUYRA-SYN-001599,tapir,CAM-047,2024-03-13,726,18,151,320
GUYRA-SYN-001600,brocket_deer,CAM-013,2024-02-17,1053,314,310,163
GUYRA-SYN-001601,brocket_deer,CAM-001,2024-03-25,1344,512,215,340
GUYRA-SYN-001602,brocket_deer,CAM-024,2024-05-12,877,373,374,237
GUYRA-SYN-001603,jaguar,CAM-029,2024-11-27,899,331,171,281
GUYRA-SYN-001604,capybara,CAM-028,2024-01-12,1809,406,156,197
GUYRA-SYN-001605,tapir,CAM-003,2024-03-13,862,678,116,182
GUYRA-SYN-001606,capybara,CAM-013,2024-08-22,544,243,315,350
GUYRA-SYN-001607,anteater,CAM-032,2024-11-23,260,665,484,491
GUYRA-SYN-001608,brocket_deer,CAM-033,2024-12-24,1726,796,167,156
GUYRA-SYN-001609,jaguar,CAM-002,2024-03-05,704,1024,106,492
GUYRA-SYN-001610,capybara,CAM-016,2024-01-22,1699,700,319,405
GUYRA-SYN-001611,capybara,CAM-001,2024-07-16,592,577,348,142
GUYRA-SYN-001612,brocket_deer,CAM-016,2024-10-05,1493,1047,195,227
GUYRA-SYN-001613,tapir,CAM-050,2024-02-28,539,506,441,319
GUYRA-SYN-001614,puma,CAM-031,2024-12-26,1658,211,458,473
GUYRA-SYN-001615,anteater,CAM-040,2024-03-07,1750,304,217,161
GUYRA-SYN-001616,puma,CAM-026,2024-01-09,393,299,318,109
GUYRA-SYN-001617,anteater,CAM-013,2024-02-28,104,778,308,368
GUYRA-SYN-001618,tapir,CAM-045,2024-11-08,454,688,318,345
GUYRA-SYN-001619,jaguar,CAM-033,2024-07-21,105,623,156,237
GUYRA-SYN-001620,tapir,CAM-018,2024-06-23,856,505,263,124
GUYRA-SYN-001621,puma,CAM-003,2024-01-02,1352,658,208,246
GUYRA-SYN-001622,brocket_deer,CAM-018,2024-10-04,882,378,229,351
GUYRA-SYN-001623,tapir,CAM-022,2024-05-04,198,27,449,382
GUYRA-SYN-001624,puma,CAM-022,2024-06-24,1658,740,480,498
GUYRA-SYN-001625,anteater,CAM-034,2024-10-12,487,565,207,399
GUYRA-SYN-001626,brocket_deer,CAM-006,2024-02-05,1289,246,121,400
GUYRA-SYN-001627,capybara,CAM-013,2024-04-23,912,202,138,379
GUYRA-SYN-001628,anteater,CAM-022,2024-05-24,971,413,373,469
GUYRA-SYN-001629,puma,CAM-003,2024-03-07,856,517,488,386
GUYRA-SYN-001630,tapir,CAM-024,2024-08-21,1469,240,323,134
GUYRA-SYN-001631,brocket_deer,CAM-027,2024-09-17,1619,44,185,406
GUYRA-SYN-001632,tapir,CAM-045,2024-03-10,93,124,455,197
GUYRA-SYN-001633,capybara,CAM-026,2024-08-22,1090,1051,138,184
GUYRA-SYN-001634,brocket_deer,CAM-049,2024-09-13,1151,799,305,410
GUYRA-SYN-001635,tapir,CAM-014,2024-03-01,327,446,403,456
GUYRA-SYN-001636,jaguar,CAM-033,2024-08-17,1449,1075,232,255
GUYRA-SYN-001637,puma,CAM-019,2024-12-09,1130,243,187,214
GUYRA-SYN-001638,jaguar,CAM-035,2024-04-10,80,303,242,168
GUYRA-SYN-001639,tapir,CAM-004,2024-11-08,1686,430,373,159
GUYRA-SYN-001640,jaguar,CAM-042,2024-06-21,1239,755,266,142
GUYRA-SYN-001641,capybara,CAM-036,2024-05-24,273,836,413,250
GUYRA-SYN-001642,tapir,CAM-004,2024-11-27,21,728,212,474
GUYRA-SYN-001643,tapir,CAM-012,2024-05-01,1100,217,469,481
GUYRA-SYN-001644,capybara,CAM-025,2024-11-09,1781,422,326,212
GUYRA-SYN-001645,tapir,CAM-018,2024-04-19,1289,809,179,328
GUYRA-SYN-001646,puma,CAM-047,2024-12-14,754,303,345,147
GUYRA-SYN-001647,brocket_deer,CAM-012,2024-08-06,1670,360,196,391
GUYRA-SYN-001648,brocket_deer,CAM-047,2024-03-21,577,43,258,183
GUYRA-SYN-001649,puma,CAM-026,2024-11-20,384,142,173,136
GUYRA-SYN-001650,brocket_deer,CAM-016,2024-08-21,824,205,470,369
GUYRA-SYN-001651,puma,CAM-047,2024-01-20,204,773,296,110
GUYRA-SYN-001652,jaguar,CAM-001,2024-11-02,270,508,494,142
GUYRA-SYN-001653,tapir,CAM-010,2024-11-20,27,19,154,377
GUYRA-SYN-001654,capybara,CAM-022,2024-12-03,414,285,345,488
GUYRA-SYN-001655,anteater,CAM-029,2024-03-10,679,980,179,224
GUYRA-SYN-001656,jaguar,CAM-035,2024-12-09,1285,252,110,122
GUYRA-SYN-001657,jaguar,CAM-035,2024-05-04,1047,850,172,100
GUYRA-SYN-001658,puma,CAM-002,2024-04-14,789,301,280,435
GUYRA-SYN-001659,tapir,CAM-015,2024-11-13,1406,230,351,186
GUYRA-SYN-001660,jaguar,CAM-015,2024-02-10,731,156,415,270
GUYRA-SYN-001661,jaguar,CAM-024,2024-02-02,1238,309,191,319
GUYRA-SYN-001662,anteater,CAM-022,2024-10-06,1391,870,176,441
GUYRA-SYN-001663,capybara,CAM-020,2024-10-27,587,713,153,238
GUYRA-SYN-001664,brocket_deer,CAM-043,2024-06-09,1660,156,101,176
GUYRA-SYN-001665,capybara,CAM-010,2024-06-05,799,914,469,344
GUYRA-SYN-001666,jaguar,CAM-008,2024-10-14,1488,570,174,146
GUYRA-SYN-001667,tapir,CAM-009,2024-03-25,788,722,263,353
GUYRA-SYN-001668,brocket_deer,CAM-031,2024-12-14,1232,682,170,434
GUYRA-SYN-001669,puma,CAM-025,2024-07-18,1018,1008,372,374
GUYRA-SYN-001670,puma,CAM-025,2024-02-19,1464,863,369,395
GUYRA-SYN-001671,capybara,CAM-048,2024-04-23,178,481,285,101
GUYRA-SYN-001672,puma,CAM-002,2024-06-18,970,273,156,130
GUYRA-SYN-001673,tapir,CAM-024,2024-03-10,942,295,382,315
GUYRA-SYN-001674,puma,CAM-014,2024-04-02,1529,282,160,456
GUYRA-SYN-001675,capybara,CAM-010,2024-07-24,53,869,290,127
GUYRA-SYN-001676,capybara,CAM-007,2024-11-19,151,976,404,180
GUYRA-SYN-001677,jaguar,CAM-010,2024-06-05,161,501,139,106
GUYRA-SYN-001678,anteater,CAM-027,2024-03-25,373,962,480,171
GUYRA-SYN-001679,capybara,CAM-034,2024-12-10,962,842,469,272
GUYRA-SYN-001680,brocket_deer,CAM-042,2024-12-01,587,227,179,130
GUYRA-SYN-001681,capybara,CAM-003,2024-10-25,355,1030,182,105
GUYRA-SYN-001682,brocket_deer,CAM-028,2024-11-15,1134,528,392,356
GUYRA-SYN-001683,tapir,CAM-046,2024-04-14,1907,321,239,147
GUYRA-SYN-001684,anteater,CAM-025,2024-03-24,433,820,416,128
GUYRA-SYN-001685,puma,CAM-026,2024-03-27,1527,158,454,339
GUYRA-SYN-001686,brocket_deer,CAM-021,2024-11-21,829,779,184,127
GUYRA-SYN-001687,tapir,CAM-042,2024-07-07,552,222,153,139
GUYRA-SYN-001688,tapir,CAM-039,2024-06-01,490,577,183,377
GUYRA-SYN-001689,jaguar,CAM-005,2024-04-20,22,633,196,382
GUYRA-SYN-001690,puma,CAM-041,2024-01-08,551,174,391,389
GUYRA-SYN-001691,jaguar,CAM-037,2024-08-02,98,644,147,258
GUYRA-SYN-001692,jaguar,CAM-023,2024-05-13,1024,399,261,484
GUYRA-SYN-001693,brocket_deer,CAM-047,2024-06-05,1439,199,269,308
GUYRA-SYN-001694,capybara,CAM-033,2024-02-17,1653,307,112,400
GUYRA-SYN-001695,brocket_deer,CAM-031,2024-10-28,1744,76,248,182
GUYRA-SYN-001696,puma,CAM-044,2024-08-03,1812,191,467,218
GUYRA-SYN-001697,puma,CAM-044,2024-11-05,1574,329,356,364
GUYRA-SYN-001698,capybara,CAM-039,2024-11-17,1905,699,329,167
GUYRA-SYN-001699,tapir,CAM-019,2024-06-20,1752,882,120,464
GUYRA-SYN-001700,capybara,CAM-025,2024-04-07,1250,153,178,390
GUYRA-SYN-001701,capybara,CAM-032,2024-02-26,30,292,492,258
GUYRA-SYN-001702,anteater,CAM-006,2024-08-04,931,642,186,251
GUYRA-SYN-001703,puma,CAM-005,2024-05-19,744,723,145,136
GUYRA-SYN-001704,puma,CAM-046,2024-08-09,969,524,490,326
GUYRA-SYN-001705,capybara,CAM-009,2024-02-19,999,81,286,246
GUYRA-SYN-001706,brocket_deer,CAM-027,2024-10-22,264,902,287,362
GUYRA-SYN-001707,anteater,CAM-021,2024-06-03,1397,846,359,330
GUYRA-SYN-001708,tapir,CAM-044,2024-01-20,1318,116,479,225
GUYRA-SYN-001709,capybara,CAM-036,2024-01-05,1747,215,248,292
GUYRA-SYN-001710,puma,CAM-037,2024-07-28,149,456,298,336
GUYRA-SYN-001711,capybara,CAM-006,2024-06-15,959,952,155,143
GUYRA-SYN-001712,puma,CAM-047,2024-02-13,1573,887,202,305
GUYRA-SYN-001713,tapir,CAM-005,2024-06-11,1237,995,208,459
GUYRA-SYN-001714,capybara,CAM-031,2024-02-09,930,78,379,179
GUYRA-SYN-001715,brocket_deer,CAM-010,2024-11-07,655,64,407,496
GUYRA-SYN-001716,brocket_deer,CAM-004,2024-06-26,880,969,209,127
GUYRA-SYN-001717,puma,CAM-002,2024-11-14,552,516,425,190
GUYRA-SYN-001718,jaguar,CAM-010,2024-02-09,829,167,252,464
GUYRA-SYN-001719,brocket_deer,CAM-027,2024-09-07,1371,531,194,127
GUYRA-SYN-001720,jaguar,CAM-028,2024-06-25,608,336,201,278
GUYRA-SYN-001721,brocket_deer,CAM-031,2024-08-18,1410,329,456,323
GUYRA-SYN-001722,tapir,CAM-045,2024-10-13,1685,20,387,500
GUYRA-SYN-001723,anteater,CAM-013,2024-02-24,1367,296,265,440
GUYRA-SYN-001724,capybara,CAM-048,2024-12-24,648,29,177,334
GUYRA-SYN-001725,puma,CAM-032,2024-06-04,1622,832,234,366
GUYRA-SYN-001726,capybara,CAM-001,2024-08-27,1755,257,424,330
GUYRA-SYN-001727,capybara,CAM-038,2024-02-02,447,384,315,456
GUYRA-SYN-001728,anteater,CAM-050,2024-03-20,773,442,278,207
GUYRA-SYN-001729,puma,CAM-044,2024-10-01,758,745,108,254
GUYRA-SYN-001730,tapir,CAM-033,2024-02-23,1022,933,311,310
GUYRA-SYN-001731,tapir,CAM-023,2024-09-14,1071,687,158,190
GUYRA-SYN-001732,brocket_deer,CAM-028,2024-06-06,1132,333,377,323
GUYRA-SYN-001733,brocket_deer,CAM-019,2024-11-23,1393,895,424,245
GUYRA-SYN-001734,capybara,CAM-040,2024-02-03,1650,212,145,432
GUYRA-SYN-001735,jaguar,CAM-040,2024-07-04,1016,204,424,327
GUYRA-SYN-001736,anteater,CAM-038,2024-01-22,593,861,208,214
GUYRA-SYN-001737,brocket_deer,CAM-036,2024-07-04,400,961,163,279
GUYRA-SYN-001738,brocket_deer,CAM-027,2024-11-23,1606,810,103,291
GUYRA-SYN-001739,puma,CAM-033,2024-05-09,1801,541,257,312
GUYRA-SYN-001740,capybara,CAM-016,2024-01-14,66,31,113,178
GUYRA-SYN-001741,tapir,CAM-034,2024-12-20,650,686,187,392
GUYRA-SYN-001742,brocket_deer,CAM-016,2024-09-13,394,805,126,395
GUYRA-SYN-001743,brocket_deer,CAM-009,2024-11-13,1491,355,306,262
GUYRA-SYN-001744,anteater,CAM-011,2024-07-08,203,258,358,160
GUYRA-SYN-001745,capybara,CAM-037,2024-07-27,1560,532,383,181
GUYRA-SYN-001746,tapir,CAM-014,2024-02-03,52,895,105,421
GUYRA-SYN-001747,anteater,CAM-010,2024-01-20,1449,161,392,295
GUYRA-SYN-001748,jaguar,CAM-048,2024-12-05,929,733,195,222
GUYRA-SYN-001749,capybara,CAM-015,2024-05-07,1096,502,471,499
GUYRA-SYN-001750,brocket_deer,CAM-050,2024-05-22,105,563,142,173
GUYRA-SYN-001751,capybara,CAM-002,2024-11-19,1775,211,156,335
GUYRA-SYN-001752,anteater,CAM-008,2024-02-05,578,536,192,147
GUYRA-SYN-001753,jaguar,CAM-032,2024-06-27,425,800,151,351
GUYRA-SYN-001754,jaguar,CAM-027,2024-02-16,1281,156,207,451
GUYRA-SYN-001755,brocket_deer,CAM-025,2024-06-21,1860,923,182,192
GUYRA-SYN-001756,tapir,CAM-001,2024-03-22,1161,64,160,275
GUYRA-SYN-001757,tapir,CAM-031,2024-10-20,1119,10,181,367
GUYRA-SYN-001758,capybara,CAM-017,2024-02-07,1241,60,374,111
GUYRA-SYN-001759,anteater,CAM-033,2024-03-07,1775,747,158,211
GUYRA-SYN-001760,jaguar,CAM-021,2024-03-08,170,259,237,240
GUYRA-SYN-001761,brocket_deer,CAM-013,2024-02-12,1450,602,339,481
GUYRA-SYN-001762,brocket_deer,CAM-028,2024-09-13,1888,395,228,188
GUYRA-SYN-001763,puma,CAM-044,2024-12-09,804,210,398,492
GUYRA-SYN-001764,anteater,CAM-020,2024-03-26,421,999,321,328
GUYRA-SYN-001765,brocket_deer,CAM-039,2024-12-09,1670,652,418,155
GUYRA-SYN-001766,anteater,CAM-025,2024-07-07,1161,722,291,423
GUYRA-SYN-001767,jaguar,CAM-029,2024-03-02,1047,518,400,309
GUYRA-SYN-001768,tapir,CAM-039,2024-11-17,721,815,115,158
GUYRA-SYN-001769,puma,CAM-021,2024-07-26,380,732,225,137
GUYRA-SYN-001770,puma,CAM-043,2024-06-12,297,643,162,104
GUYRA-SYN-001771,tapir,CAM-045,2024-01-23,673,437,338,390
GUYRA-SYN-001772,tapir,CAM-015,2024-09-03,789,580,408,208
GUYRA-SYN-001773,anteater,CAM-014,2024-02-18,569,153,393,430
GUYRA-SYN-001774,brocket_deer,CAM-044,2024-07-11,1665,655,201,200
GUYRA-SYN-001775,jaguar,CAM-032,2024-08-02,562,862,161,163
GUYRA-SYN-001776,brocket_deer,CAM-011,2024-10-11,1210,784,221,395
GUYRA-SYN-001777,jaguar,CAM-019,2024-01-21,1604,9,336,245
GUYRA-SYN-001778,puma,CAM-026,2024-01-18,1880,1080,120,272
GUYRA-SYN-001779,capybara,CAM-002,2024-02-16,194,850,470,254
GUYRA-SYN-001780,tapir,CAM-021,2024-06-13,163,641,352,413
GUYRA-SYN-001781,jaguar,CAM-026,2024-05-23,930,1010,428,162
GUYRA-SYN-001782,tapir,CAM-040,2024-02-01,458,97,105,171
GUYRA-SYN-001783,jaguar,CAM-021,2024-12-24,892,463,187,145
GUYRA-SYN-001784,puma,CAM-047,2024-06-27,1849,10,452,126
GUYRA-SYN-001785,tapir,CAM-003,2024-02-02,623,153,235,268
GUYRA-SYN-001786,capybara,CAM-040,2024-07-09,1430,348,170,398
GUYRA-SYN-001787,brocket_deer,CAM-008,2024-03-11,1765,303,485,399
GUYRA-SYN-001788,brocket_deer,CAM-041,2024-08-22,250,1068,370,223
GUYRA-SYN-001789,anteater,CAM-031,2024-11-16,574,659,495,474
GUYRA-SYN-001790,brocket_deer,CAM-015,2024-02-09,1569,606,464,142
GUYRA-SYN-001791,tapir,CAM-036,2024-04-22,1325,421,455,139
GUYRA-SYN-001792,jaguar,CAM-032,2024-01-07,26,442,339,297
GUYRA-SYN-001793,puma,CAM-032,2024-02-11,427,1080,363,260
GUYRA-SYN-001794,tapir,CAM-046,2024-08-21,315,1033,154,166
GUYRA-SYN-001795,puma,CAM-024,2024-07-15,1777,1051,203,499
GUYRA-SYN-001796,brocket_deer,CAM-013,2024-02-09,866,336,451,257
GUYRA-SYN-001797,anteater,CAM-042,2024-02-05,944,219,481,156
GUYRA-SYN-001798,puma,CAM-002,2024-08-06,546,58,343,438
GUYRA-SYN-001799,anteater,CAM-029,2024-06-09,242,172,281,320
GUYRA-SYN-001800,puma,CAM-010,2024-07-17,882,1040,270,127
GUYRA-SYN-001801,brocket_deer,CAM-018,2024-06-04,100,783,474,316
GUYRA-SYN-001802,puma,CAM-019,2024-04-13,361,565,371,411
GUYRA-SYN-001803,brocket_deer,CAM-034,2024-07-04,1395,102,430,227
GUYRA-SYN-001804,jaguar,CAM-015,2024-02-02,1833,73,394,236
GUYRA-SYN-001805,puma,CAM-005,2024-09-04,564,463,417,458
GUYRA-SYN-001806,capybara,CAM-026,2024-07-13,207,450,475,454
GUYRA-SYN-001807,tapir,CAM-032,2024-04-06,1609,416,277,426
GUYRA-SYN-001808,tapir,CAM-046,2024-10-10,1502,6,148,194
GUYRA-SYN-001809,anteater,CAM-045,2024-10-16,1513,625,452,222
GUYRA-SYN-001810,puma,CAM-021,2024-11-03,341,383,270,333
GUYRA-SYN-001811,puma,CAM-001,2024-11-16,876,684,110,190
GUYRA-SYN-001812,tapir,CAM-005,2024-03-22,1557,19,404,280
GUYRA-SYN-001813,brocket_deer,CAM-038,2024-01-16,1788,506,341,156
GUYRA-SYN-001814,jaguar,CAM-002,2024-10-22,595,467,368,357
GUYRA-SYN-001815,puma,CAM-049,2024-03-25,192,204,255,476
GUYRA-SYN-001816,tapir,CAM-029,2024-08-24,718,527,439,349
GUYRA-SYN-001817,tapir,CAM-024,2024-08-01,1695,722,254,463
GUYRA-SYN-001818,tapir,CAM-034,2024-11-28,1771,991,157,238
GUYRA-SYN-001819,capybara,CAM-034,2024-12-21,42,302,310,212
GUYRA-SYN-001820,capybara,CAM-010,2024-06-16,63,500,395,479
GUYRA-SYN-001821,capybara,CAM-028,2024-06-07,1524,182,199,293
GUYRA-SYN-001822,capybara,CAM-007,2024-05-21,1390,920,369,189
GUYRA-SYN-001823,tapir,CAM-044,2024-06-11,800,854,241,258
GUYRA-SYN-001824,puma,CAM-003,2024-10-17,1437,703,413,162
GUYRA-SYN-001825,brocket_deer,CAM-030,2024-10-26,1622,710,247,156
GUYRA-SYN-001826,jaguar,CAM-032,2024-11-05,955,307,367,248
GUYRA-SYN-001827,anteater,CAM-036,2024-11-06,621,997,247,133
GUYRA-SYN-001828,tapir,CAM-001,2024-08-02,445,579,403,163
GUYRA-SYN-001829,jaguar,CAM-032,2024-05-01,881,721,438,100
GUYRA-SYN-001830,jaguar,CAM-017,2024-03-12,1799,580,357,440
GUYRA-SYN-001831,anteater,CAM-010,2024-02-23,554,292,475,200
GUYRA-SYN-001832,brocket_deer,CAM-038,2024-02-10,448,65,342,281
GUYRA-SYN-001833,puma,CAM-044,2024-11-13,865,817,150,233
GUYRA-SYN-001834,tapir,CAM-039,2024-05-06,1154,892,447,265
GUYRA-SYN-001835,anteater,CAM-009,2024-11-25,408,512,169,313
GUYRA-SYN-001836,anteater,CAM-013,2024-05-10,175,608,390,421
GUYRA-SYN-001837,brocket_deer,CAM-035,2024-03-13,1602,894,149,170
GUYRA-SYN-001838,anteater,CAM-029,2024-12-11,1031,732,339,281
GUYRA-SYN-001839,brocket_deer,CAM-030,2024-07-14,944,56,386,113
GUYRA-SYN-001840,brocket_deer,CAM-006,2024-03-20,1857,619,224,397
GUYRA-SYN-001841,anteater,CAM-024,2024-03-20,1112,600,127,486
GUYRA-SYN-001842,brocket_deer,CAM-009,2024-07-22,12,947,490,365
GUYRA-SYN-001843,brocket_deer,CAM-004,2024-02-02,553,219,270,404
GUYRA-SYN-001844,jaguar,CAM-019,2024-10-16,1414,678,131,162
GUYRA-SYN-001845,capybara,CAM-038,2024-11-17,1514,108,459,204
GUYRA-SYN-001846,anteater,CAM-010,2024-09-24,1014,279,214,445
GUYRA-SYN-001847,capybara,CAM-010,2024-05-21,636,13,348,419
GUYRA-SYN-001848,capybara,CAM-013,2024-02-03,0,313,409,161
GUYRA-SYN-001849,anteater,CAM-007,2024-04-07,212,970,112,358
GUYRA-SYN-001850,brocket_deer,CAM-026,2024-01-04,614,828,347,194
GUYRA-SYN-001851,puma,CAM-035,2024-05-27,1254,899,436,415
GUYRA-SYN-001852,jaguar,CAM-028,2024-03-21,44,378,172,481
GUYRA-SYN-001853,capybara,CAM-016,2024-03-17,1518,410,343,345
GUYRA-SYN-001854,tapir,CAM-019,2024-11-04,1205,1009,288,441
GUYRA-SYN-001855,tapir,CAM-026,2024-07-23,1638,219,337,313
GUYRA-SYN-001856,brocket_deer,CAM-010,2024-01-10,936,246,388,299
GUYRA-SYN-001857,jaguar,CAM-038,2024-05-02,1321,910,121,281
GUYRA-SYN-001858,puma,CAM-030,2024-12-15,567,18,181,283
GUYRA-SYN-001859,anteater,CAM-033,2024-04-12,1848,1075,299,362
GUYRA-SYN-001860,jaguar,CAM-012,2024-11-05,720,694,335,466
GUYRA-SYN-001861,puma,CAM-018,2024-11-10,1891,806,134,430
GUYRA-SYN-001862,brocket_deer,CAM-025,2024-08-20,1349,369,394,462
GUYRA-SYN-001863,anteater,CAM-050,2024-11-17,530,265,457,265
GUYRA-SYN-001864,anteater,CAM-038,2024-06-19,1264,826,134,123
GUYRA-SYN-001865,jaguar,CAM-047,2024-03-08,197,217,355,447
GUYRA-SYN-001866,brocket_deer,CAM-021,2024-04-25,1655,484,153,189
GUYRA-SYN-001867,capybara,CAM-025,2024-07-03,126,512,158,119
GUYRA-SYN-001868,capybara,CAM-005,2024-08-25,766,60,189,264
GUYRA-SYN-001869,jaguar,CAM-045,2024-08-13,272,409,200,229
GUYRA-SYN-001870,brocket_deer,CAM-029,2024-11-10,461,412,479,182
GUYRA-SYN-001871,brocket_deer,CAM-034,2024-04-03,1192,49,422,442
GUYRA-SYN-001872,jaguar,CAM-014,2024-01-26,287,10,284,496
GUYRA-SYN-001873,brocket_deer,CAM-037,2024-09-28,147,697,194,449
GUYRA-SYN-001874,capybara,CAM-047,2024-11-17,1016,389,206,392
GUYRA-SYN-001875,brocket_deer,CAM-033,2024-06-12,1266,282,134,324
GUYRA-SYN-001876,brocket_deer,CAM-041,2024-07-28,145,160,165,500
GUYRA-SYN-001877,anteater,CAM-020,2024-02-04,1021,472,126,407
GUYRA-SYN-001878,anteater,CAM-022,2024-01-08,1682,593,228,299
GUYRA-SYN-001879,capybara,CAM-023,2024-02-28,1784,323,247,138
GUYRA-SYN-001880,anteater,CAM-037,2024-04-28,1060,1024,259,304
GUYRA-SYN-001881,anteater,CAM-004,2024-09-23,1826,227,398,341
GUYRA-SYN-001882,tapir,CAM-042,2024-01-02,692,863,233,202
GUYRA-SYN-001883,tapir,CAM-049,2024-01-05,418,675,487,439
GUYRA-SYN-001884,jaguar,CAM-016,2024-08-03,1649,72,277,136
GUYRA-SYN-001885,brocket_deer,CAM-039,2024-12-20,1903,165,382,345
GUYRA-SYN-001886,puma,CAM-018,2024-12-02,213,72,354,359
GUYRA-SYN-001887,puma,CAM-042,2024-06-14,978,621,500,216
GUYRA-SYN-001888,jaguar,CAM-004,2024-01-25,1601,401,373,411
GUYRA-SYN-001889,brocket_deer,CAM-044,2024-11-24,37,987,126,298
GUYRA-SYN-001890,brocket_deer,CAM-045,2024-03-14,1436,874,381,170
GUYRA-SYN-001891,jaguar,CAM-029,2024-02-20,1850,753,280,199
GUYRA-SYN-001892,tapir,CAM-028,2024-01-08,475,188,401,105
GUYRA-SYN-001893,puma,CAM-027,2024-12-25,1819,93,107,468
GUYRA-SYN-001894,puma,CAM-004,2024-02-02,259,898,192,244
GUYRA-SYN-001895,jaguar,CAM-021,2024-06-20,1341,500,249,166
GUYRA-SYN-001896,anteater,CAM-026,2024-08-22,250,157,139,228
GUYRA-SYN-001897,anteater,CAM-014,2024-08-23,1505,731,212,327
GUYRA-SYN-001898,capybara,CAM-020,2024-06-25,1129,599,434,225
GUYRA-SYN-001899,anteater,CAM-018,2024-06-23,1108,1031,153,127
GUYRA-SYN-001900,tapir,CAM-027,2024-12-20,995,572,140,204
GUYRA-SYN-001901,puma,CAM-034,2024-04-10,1519,431,162,290
GUYRA-SYN-001902,capybara,CAM-010,2024-01-08,1430,901,432,491
GUYRA-SYN-001903,brocket_deer,CAM-008,2024-01-16,1712,69,238,242
GUYRA-SYN-001904,anteater,CAM-025,2024-05-27,173,122,242,412
GUYRA-SYN-001905,brocket_deer,CAM-032,2024-01-28,783,787,327,122
GUYRA-SYN-001906,puma,CAM-014,2024-07-06,1351,882,372,126
GUYRA-SYN-001907,capybara,CAM-020,2024-01-18,1562,712,113,411
GUYRA-SYN-001908,tapir,CAM-017,2024-10-07,1550,56,274,471
GUYRA-SYN-001909,anteater,CAM-028,2024-07-26,1493,116,155,383
GUYRA-SYN-001910,brocket_deer,CAM-047,2024-11-10,1758,949,317,393
GUYRA-SYN-001911,capybara,CAM-037,2024-09-09,332,780,339,481
GUYRA-SYN-001912,puma,CAM-009,2024-01-09,1637,561,143,227
GUYRA-SYN-001913,anteater,CAM-019,2024-06-19,808,79,415,240
GUYRA-SYN-001914,tapir,CAM-018,2024-11-09,1602,25,163,257
GUYRA-SYN-001915,anteater,CAM-043,2024-06-27,541,366,327,336
GUYRA-SYN-001916,jaguar,CAM-029,2024-01-15,75,734,345,426
GUYRA-SYN-001917,anteater,CAM-014,2024-07-02,1186,162,241,412
GUYRA-SYN-001918,anteater,CAM-021,2024-02-15,368,528,492,241
GUYRA-SYN-001919,tapir,CAM-032,2024-03-08,1290,357,175,416
GUYRA-SYN-001920,capybara,CAM-004,2024-04-04,1340,78,194,450
GUYRA-SYN-001921,anteater,CAM-029,2024-10-11,85,466,131,465
GUYRA-SYN-001922,tapir,CAM-017,2024-01-22,1730,723,376,467
GUYRA-SYN-001923,jaguar,CAM-039,2024-04-12,223,158,359,327
GUYRA-SYN-001924,jaguar,CAM-033,2024-02-08,417,667,392,290
GUYRA-SYN-001925,capybara,CAM-027,2024-02-21,873,579,173,112
GUYRA-SYN-001926,tapir,CAM-039,2024-06-11,835,767,340,250
GUYRA-SYN-001927,anteater,CAM-002,2024-03-12,91,595,176,402
GUYRA-SYN-001928,jaguar,CAM-007,2024-10-07,1654,641,361,466
GUYRA-SYN-001929,capybara,CAM-033,2024-10-23,704,440,293,398
GUYRA-SYN-001930,jaguar,CAM-043,2024-12-05,780,160,139,214
GUYRA-SYN-001931,anteater,CAM-033,2024-10-21,1122,856,375,475
GUYRA-SYN-001932,jaguar,CAM-034,2024-01-20,967,1074,366,325
GUYRA-SYN-001933,tapir,CAM-018,2024-04-27,1178,600,224,268
GUYRA-SYN-001934,puma,CAM-050,2024-06-08,933,644,483,159
GUYRA-SYN-001935,capybara,CAM-016,2024-08-24,1802,839,285,140
GUYRA-SYN-001936,tapir,CAM-036,2024-09-03,1873,741,434,347
GUYRA-SYN-001937,anteater,CAM-015,2024-08-26,857,470,391,164
GUYRA-SYN-001938,anteater,CAM-016,2024-07-22,1197,282,410,233
GUYRA-SYN-001939,tapir,CAM-022,2024-06-04,166,836,315,358
GUYRA-SYN-001940,puma,CAM-037,2024-08-21,1805,405,192,332
GUYRA-SYN-001941,jaguar,CAM-011,2024-02-14,539,962,480,151
GUYRA-SYN-001942,puma,CAM-003,2024-07-01,1413,341,137,167
GUYRA-SYN-001943,anteater,CAM-034,2024-07-14,725,261,305,456
GUYRA-SYN-001944,anteater,CAM-016,2024-12-10,243,689,272,402
GUYRA-SYN-001945,anteater,CAM-040,2024-02-24,92,151,478,281
GUYRA-SYN-001946,brocket_deer,CAM-027,2024-11-15,1516,892,248,487
GUYRA-SYN-001947,brocket_deer,CAM-045,2024-03-24,375,1043,142,177
GUYRA-SYN-001948,jaguar,CAM-038,2024-10-12,1380,928,294,264
GUYRA-SYN-001949,brocket_deer,CAM-012,2024-09-24,1204,572,495,149
GUYRA-SYN-001950,puma,CAM-020,2024-08-11,98,1060,368,396
GUYRA-SYN-001951,anteater,CAM-028,2024-05-11,786,652,487,191
GUYRA-SYN-001952,puma,CAM-003,2024-12-24,431,881,365,242
GUYRA-SYN-001953,anteater,CAM-040,2024-06-04,711,583,184,160
GUYRA-SYN-001954,tapir,CAM-018,2024-08-15,458,346,247,232
GUYRA-SYN-001955,anteater,CAM-049,2024-02-08,1364,570,172,149
GUYRA-SYN-001956,puma,CAM-036,2024-09-25,345,56,406,120
GUYRA-SYN-001957,anteater,CAM-035,2024-04-01,1000,52,289,204
GUYRA-SYN-001958,tapir,CAM-037,2024-07-24,911,1066,164,332
GUYRA-SYN-001959,tapir,CAM-008,2024-12-23,1882,245,327,321
GUYRA-SYN-001960,brocket_deer,CAM-017,2024-02-28,280,570,474,442
GUYRA-SYN-001961,jaguar,CAM-023,2024-02-24,1624,455,472,138
GUYRA-SYN-001962,tapir,CAM-011,2024-09-11,565,928,422,476
GUYRA-SYN-001963,anteater,CAM-044,2024-02-23,1408,644,119,321
GUYRA-SYN-001964,jaguar,CAM-046,2024-09-11,389,72,424,421
GUYRA-SYN-001965,jaguar,CAM-016,2024-03-19,770,450,444,200
GUYRA-SYN-001966,tapir,CAM-031,2024-03-16,1666,383,475,354
GUYRA-SYN-001967,tapir,CAM-009,2024-04-21,1793,181,364,470
GUYRA-SYN-001968,capybara,CAM-014,2024-01-14,137,1004,385,412
GUYRA-SYN-001969,puma,CAM-046,2024-03-02,856,538,414,294
GUYRA-SYN-001970,capybara,CAM-038,2024-04-21,714,991,371,436
GUYRA-SYN-001971,puma,CAM-020,2024-04-10,1368,993,350,422
GUYRA-SYN-001972,brocket_deer,CAM-039,2024-06-18,985,605,149,212
GUYRA-SYN-001973,jaguar,CAM-049,2024-05-14,915,666,226,439
GUYRA-SYN-001974,brocket_deer,CAM-008,2024-03-15,653,232,277,456
GUYRA-SYN-001975,brocket_deer,CAM-046,2024-03-25,1806,990,350,407
GUYRA-SYN-001976,brocket_deer,CAM-044,2024-04-01,595,548,359,210
GUYRA-SYN-001977,brocket_deer,CAM-004,2024-09-25,661,535,445,262
GUYRA-SYN-001978,brocket_deer,CAM-026,2024-08-14,816,533,127,237
GUYRA-SYN-001979,brocket_deer,CAM-047,2024-04-11,1303,93,257,329
GUYRA-SYN-001980,brocket_deer,CAM-015,2024-10-06,1097,422,499,420
GUYRA-SYN-001981,jaguar,CAM-040,2024-10-11,264,40,469,110
GUYRA-SYN-001982,brocket_deer,CAM-006,2024-12-11,1868,722,492,492
GUYRA-SYN-001983,anteater,CAM-005,2024-11-02,1062,431,285,374
GUYRA-SYN-001984,puma,CAM-011,2024-09-13,1760,469,248,182
GUYRA-SYN-001985,tapir,CAM-022,2024-07-07,1132,509,106,118
GUYRA-SYN-001986,jaguar,CAM-049,2024-09-04,1027,814,348,121
GUYRA-SYN-001987,puma,CAM-019,2024-05-01,471,506,117,239
GUYRA-SYN-001988,capybara,CAM-008,2024-07-21,820,268,479,238
GUYRA-SYN-001989,jaguar,CAM-005,2024-02-17,1478,850,110,107
GUYRA-SYN-001990,capybara,CAM-035,2024-10-05,195,801,199,410
GUYRA-SYN-001991,tapir,CAM-021,2024-07-17,1522,47,254,240
GUYRA-SYN-001992,brocket_deer,CAM-013,2024-02-09,1343,965,292,249
GUYRA-SYN-001993,brocket_deer,CAM-006,2024-04-14,1148,570,347,245
GUYRA-SYN-001994,capybara,CAM-035,2024-09-08,783,35,354,472
GUYRA-SYN-001995,brocket_deer,CAM-024,2024-09-23,221,926,214,395
GUYRA-SYN-001996,jaguar,CAM-026,2024-04-15,757,976,388,155
GUYRA-SYN-001997,capybara,CAM-020,2024-06-05,1658,171,148,387
GUYRA-SYN-001998,puma,CAM-014,2024-08-19,511,171,172,306
GUYRA-SYN-001999,anteater,CAM-031,2024-09-24,1719,476,130,492
GUYRA-SYN-002000,brocket_deer,CAM-017,2024-07-10,1516,691,177,118
GUYRA-SYN-002001,tapir,CAM-045,2024-10-20,832,11,237,453
GUYRA-SYN-002002,puma,CAM-049,2024-09-26,1000,1023,260,433
GUYRA-SYN-002003,puma,CAM-021,2024-08-23,989,1053,384,478
GUYRA-SYN-002004,capybara,CAM-006,2024-02-14,1432,158,292,165
GUYRA-SYN-002005,jaguar,CAM-011,2024-09-24,248,340,201,324
GUYRA-SYN-002006,jaguar,CAM-003,2024-07-16,349,1074,349,171
GUYRA-SYN-002007,capybara,CAM-036,2024-07-13,18,607,160,322
GUYRA-SYN-002008,tapir,CAM-047,2024-11-09,1070,660,414,290
GUYRA-SYN-002009,anteater,CAM-042,2024-03-05,594,1071,450,204
GUYRA-SYN-002010,anteater,CAM-046,2024-06-17,1238,514,341,336
GUYRA-SYN-002011,puma,CAM-022,2024-12-24,1745,277,184,368
GUYRA-SYN-002012,capybara,CAM-031,2024-01-11,852,367,176,340
GUYRA-SYN-002013,jaguar,CAM-001,2024-05-23,384,408,455,148
GUYRA-SYN-002014,anteater,CAM-030,2024-06-04,125,959,404,180
GUYRA-SYN-002015,jaguar,CAM-023,2024-11-18,1809,462,276,421
GUYRA-SYN-002016,jaguar,CAM-013,2024-05-10,1680,872,399,473
GUYRA-SYN-002017,tapir,CAM-024,2024-10-25,825,521,387,377
GUYRA-SYN-002018,capybara,CAM-043,2024-04-03,1213,312,152,474
GUYRA-SYN-002019,puma,CAM-018,2024-03-09,1154,209,164,367
GUYRA-SYN-002020,anteater,CAM-042,2024-07-11,1178,567,477,415
GUYRA-SYN-002021,capybara,CAM-031,2024-04-06,5,474,210,146
GUYRA-SYN-002022,anteater,CAM-010,2024-03-06,973,0,265,139
GUYRA-SYN-002023,jaguar,CAM-009,2024-09-26,900,871,440,341
GUYRA-SYN-002024,tapir,CAM-020,2024-09-25,240,493,386,301
GUYRA-SYN-002025,brocket_deer,CAM-050,2024-07-23,971,727,259,367
GUYRA-SYN-002026,tapir,CAM-034,2024-02-20,1724,438,185,424
GUYRA-SYN-002027,tapir,CAM-046,2024-03-27,895,904,350,455
GUYRA-SYN-002028,tapir,CAM-044,2024-02-18,1842,891,433,278
GUYRA-SYN-002029,puma,CAM-002,2024-06-28,954,708,472,317
GUYRA-SYN-002030,puma,CAM-040,2024-09-07,783,766,191,482
GUYRA-SYN-002031,jaguar,CAM-013,2024-08-12,1077,399,102,400
GUYRA-SYN-002032,tapir,CAM-022,2024-02-12,1875,519,357,106
GUYRA-SYN-002033,anteater,CAM-018,2024-01-21,563,980,303,122
GUYRA-SYN-002034,capybara,CAM-046,2024-05-09,1280,117,392,115
GUYRA-SYN-002035,capybara,CAM-031,2024-10-21,930,1004,188,342
GUYRA-SYN-002036,capybara,CAM-042,2024-09-26,212,78,289,114
GUYRA-SYN-002037,anteater,CAM-046,2024-03-23,1507,362,167,142
GUYRA-SYN-002038,brocket_deer,CAM-008,2024-01-15,1305,127,260,149
GUYRA-SYN-002039,anteater,CAM-018,2024-04-21,1257,34,270,444
GUYRA-SYN-002040,tapir,CAM-046,2024-03-19,1478,750,364,107
GUYRA-SYN-002041,capybara,CAM-026,2024-07-27,1367,125,133,198
GUYRA-SYN-002042,anteater,CAM-010,2024-12-09,171,353,327,122
GUYRA-SYN-002043,tapir,CAM-039,2024-04-23,1035,838,188,425
GUYRA-SYN-002044,capybara,CAM-001,2024-05-09,1148,718,160,274
GUYRA-SYN-002045,brocket_deer,CAM-037,2024-12-03,1159,948,145,159
GUYRA-SYN-002046,jaguar,CAM-012,2024-12-03,380,650,402,420
GUYRA-SYN-002047,jaguar,CAM-050,2024-03-26,21,445,426,291
GUYRA-SYN-002048,brocket_deer,CAM-006,2024-12-08,630,391,482,486
GUYRA-SYN-002049,capybara,CAM-009,2024-05-02,776,587,191,242
GUYRA-SYN-002050,puma,CAM-037,2024-06-14,462,385,239,202
GUYRA-SYN-002051,puma,CAM-019,2024-05-23,900,541,147,350
GUYRA-SYN-002052,tapir,CAM-038,2024-06-12,1581,1071,330,423
GUYRA-SYN-002053,capybara,CAM-011,2024-01-27,1198,789,179,375
GUYRA-SYN-002054,anteater,CAM-014,2024-12-14,710,591,206,275
GUYRA-SYN-002055,capybara,CAM-033,2024-09-27,1521,550,146,362
GUYRA-SYN-002056,puma,CAM-017,2024-04-15,534,64,159,364
GUYRA-SYN-002057,capybara,CAM-041,2024-03-16,286,956,400,265
GUYRA-SYN-002058,tapir,CAM-037,2024-07-22,1205,69,265,459
GUYRA-SYN-002059,jaguar,CAM-041,2024-06-28,1845,16,181,315
GUYRA-SYN-002060,brocket_deer,CAM-022,2024-06-21,1849,205,195,283
GUYRA-SYN-002061,tapir,CAM-011,2024-08-18,381,44,324,415
GUYRA-SYN-002062,brocket_deer,CAM-038,2024-10-23,890,817,342,224
GUYRA-SYN-002063,tapir,CAM-047,2024-06-20,691,988,447,305
GUYRA-SYN-002064,tapir,CAM-003,2024-04-25,1914,1038,155,315
GUYRA-SYN-002065,brocket_deer,CAM-050,2024-05-19,820,58,183,362
GUYRA-SYN-002066,puma,CAM-020,2024-10-23,1073,406,390,484
GUYRA-SYN-002067,puma,CAM-009,2024-11-11,1614,110,146,258
GUYRA-SYN-002068,puma,CAM-023,2024-08-13,338,943,100,437
GUYRA-SYN-002069,puma,CAM-013,2024-03-10,629,164,194,220
GUYRA-SYN-002070,puma,CAM-028,2024-02-24,501,315,450,384
GUYRA-SYN-002071,tapir,CAM-001,2024-08-06,705,204,341,381
GUYRA-SYN-002072,capybara,CAM-026,2024-12-07,1869,967,442,292
GUYRA-SYN-002073,brocket_deer,CAM-046,2024-04-25,1877,196,298,165
GUYRA-SYN-002074,tapir,CAM-049,2024-03-13,1583,669,244,445
GUYRA-SYN-002075,capybara,CAM-028,2024-10-13,1093,146,277,350
GUYRA-SYN-002076,capybara,CAM-048,2024-10-01,454,364,493,220
GUYRA-SYN-002077,tapir,CAM-024,2024-06-17,1685,3,412,406
GUYRA-SYN-002078,brocket_deer,CAM-005,2024-11-08,282,1023,196,122
GUYRA-SYN-002079,puma,CAM-020,2024-07-03,695,786,434,192
GUYRA-SYN-002080,brocket_deer,CAM-010,2024-05-10,792,984,117,233
GUYRA-SYN-002081,brocket_deer,CAM-012,2024-03-13,1397,1059,154,338
GUYRA-SYN-002082,jaguar,CAM-023,2024-11-24,207,828,106,182
GUYRA-SYN-002083,tapir,CAM-009,2024-10-17,786,931,105,348
GUYRA-SYN-002084,capybara,CAM-043,2024-07-14,1579,111,255,317
GUYRA-SYN-002085,tapir,CAM-048,2024-11-04,1236,922,357,290
GUYRA-SYN-002086,brocket_deer,CAM-046,2024-06-28,1095,747,157,191
GUYRA-SYN-002087,brocket_deer,CAM-035,2024-07-28,1381,163,176,103
GUYRA-SYN-002088,tapir,CAM-046,2024-10-09,404,1054,414,472
GUYRA-SYN-002089,brocket_deer,CAM-028,2024-01-15,576,81,162,350
GUYRA-SYN-002090,brocket_deer,CAM-024,2024-01-20,1405,756,229,317
GUYRA-SYN-002091,tapir,CAM-044,2024-05-25,1677,48,377,236
GUYRA-SYN-002092,puma,CAM-019,2024-06-14,35,914,266,252
GUYRA-SYN-002093,capybara,CAM-003,2024-10-04,731,74,372,478
GUYRA-SYN-002094,brocket_deer,CAM-016,2024-03-03,1095,193,164,472
GUYRA-SYN-002095,puma,CAM-041,2024-08-14,1828,562,276,334
GUYRA-SYN-002096,capybara,CAM-040,2024-04-27,1850,1072,391,334
GUYRA-SYN-002097,jaguar,CAM-005,2024-06-12,78,300,411,470
GUYRA-SYN-002098,capybara,CAM-007,2024-07-17,1485,161,272,426
GUYRA-SYN-002099,capybara,CAM-020,2024-07-13,45,376,482,231
GUYRA-SYN-002100,capybara,CAM-042,2024-12-03,1713,887,159,198
GUYRA-SYN-002101,anteater,CAM-017,2024-05-20,1052,499,455,125
GUYRA-SYN-002102,tapir,CAM-037,2024-08-07,1557,894,240,482
GUYRA-SYN-002103,capybara,CAM-050,2024-03-09,1027,93,409,304
GUYRA-SYN-002104,puma,CAM-044,2024-05-09,10,833,206,109
GUYRA-SYN-002105,brocket_deer,CAM-043,2024-03-09,546,947,406,425
GUYRA-SYN-002106,tapir,CAM-007,2024-04-08,37,664,213,132
GUYRA-SYN-002107,anteater,CAM-019,2024-12-23,1247,943,401,315
GUYRA-SYN-002108,capybara,CAM-039,2024-06-18,796,974,385,106
GUYRA-SYN-002109,tapir,CAM-022,2024-06-12,1684,910,177,336
GUYRA-SYN-002110,capybara,CAM-032,2024-04-18,1428,348,444,299
GUYRA-SYN-002111,tapir,CAM-026,2024-01-22,1745,160,423,349
GUYRA-SYN-002112,anteater,CAM-023,2024-02-07,1531,756,255,249
GUYRA-SYN-002113,tapir,CAM-029,2024-11-15,60,319,419,399
GUYRA-SYN-002114,puma,CAM-040,2024-06-19,883,850,491,111
GUYRA-SYN-002115,tapir,CAM-036,2024-12-16,480,768,375,167
GUYRA-SYN-002116,brocket_deer,CAM-039,2024-02-04,810,447,208,156
GUYRA-SYN-002117,anteater,CAM-019,2024-03-28,325,821,381,309
GUYRA-SYN-002118,tapir,CAM-049,2024-04-14,1844,571,263,494
GUYRA-SYN-002119,tapir,CAM-041,2024-02-22,1811,650,357,374
GUYRA-SYN-002120,anteater,CAM-026,2024-04-28,827,1013,487,337
GUYRA-SYN-002121,tapir,CAM-029,2024-03-28,363,819,247,101
GUYRA-SYN-002122,anteater,CAM-022,2024-08-21,352,201,296,397
GUYRA-SYN-002123,capybara,CAM-027,2024-07-14,386,59,416,214
GUYRA-SYN-002124,puma,CAM-040,2024-10-17,164,837,111,266
GUYRA-SYN-002125,anteater,CAM-016,2024-03-19,1281,966,450,146
GUYRA-SYN-002126,tapir,CAM-002,2024-12-20,1809,797,382,361
GUYRA-SYN-002127,puma,CAM-011,2024-08-12,1480,490,189,341
GUYRA-SYN-002128,capybara,CAM-013,2024-06-05,600,132,115,205
GUYRA-SYN-002129,anteater,CAM-030,2024-08-08,1400,908,223,190
GUYRA-SYN-002130,brocket_deer,CAM-033,2024-11-04,1645,678,181,225
GUYRA-SYN-002131,brocket_deer,CAM-047,2024-02-01,1533,66,449,446
GUYRA-SYN-002132,brocket_deer,CAM-034,2024-08-28,789,144,500,313
GUYRA-SYN-002133,tapir,CAM-046,2024-09-04,1465,48,324,346
GUYRA-SYN-002134,capybara,CAM-004,2024-05-26,815,81,286,304
GUYRA-SYN-002135,capybara,CAM-033,2024-11-21,901,877,163,153
GUYRA-SYN-002136,puma,CAM-017,2024-10-25,1621,228,469,186
GUYRA-SYN-002137,tapir,CAM-027,2024-11-11,290,497,347,207
GUYRA-SYN-002138,tapir,CAM-007,2024-06-21,1420,151,334,463
GUYRA-SYN-002139,brocket_deer,CAM-049,2024-04-25,532,701,251,452
GUYRA-SYN-002140,brocket_deer,CAM-022,2024-08-23,528,563,404,118
GUYRA-SYN-002141,puma,CAM-010,2024-09-10,53,452,289,388
GUYRA-SYN-002142,tapir,CAM-046,2024-05-10,1466,324,390,424
GUYRA-SYN-002143,tapir,CAM-031,2024-12-15,1378,603,179,480
GUYRA-SYN-002144,capybara,CAM-009,2024-03-20,598,786,231,426
GUYRA-SYN-002145,puma,CAM-002,2024-04-19,620,303,399,106
GUYRA-SYN-002146,tapir,CAM-024,2024-12-17,1526,1058,307,344
GUYRA-SYN-002147,anteater,CAM-011,2024-06-21,319,1026,260,367
GUYRA-SYN-002148,tapir,CAM-025,2024-08-21,346,1075,346,189
GUYRA-SYN-002149,brocket_deer,CAM-025,2024-01-22,132,701,215,258
GUYRA-SYN-002150,puma,CAM-015,2024-03-09,1246,244,432,200
GUYRA-SYN-002151,tapir,CAM-032,2024-08-19,1869,24,482,500
GUYRA-SYN-002152,anteater,CAM-015,2024-12-07,744,67,304,420
GUYRA-SYN-002153,jaguar,CAM-022,2024-09-03,555,162,128,328
GUYRA-SYN-002154,anteater,CAM-034,2024-04-08,524,374,453,433
GUYRA-SYN-002155,puma,CAM-015,2024-12-23,934,363,120,411
GUYRA-SYN-002156,tapir,CAM-036,2024-05-03,1521,389,475,132
GUYRA-SYN-002157,puma,CAM-034,2024-05-02,425,466,224,399
GUYRA-SYN-002158,anteater,CAM-031,2024-08-04,1099,104,263,424
GUYRA-SYN-002159,jaguar,CAM-013,2024-08-04,905,170,343,201
GUYRA-SYN-002160,jaguar,CAM-035,2024-10-07,1225,997,253,391
GUYRA-SYN-002161,jaguar,CAM-038,2024-07-28,1853,228,468,326
GUYRA-SYN-002162,capybara,CAM-013,2024-10-26,1300,934,100,228
GUYRA-SYN-002163,brocket_deer,CAM-039,2024-05-16,1292,361,268,359
GUYRA-SYN-002164,brocket_deer,CAM-033,2024-05-21,613,541,372,227
GUYRA-SYN-002165,tapir,CAM-018,2024-11-18,1030,632,420,325
GUYRA-SYN-002166,jaguar,CAM-049,2024-03-16,13,653,360,340
GUYRA-SYN-002167,brocket_deer,CAM-011,2024-03-03,1557,884,444,255
GUYRA-SYN-002168,jaguar,CAM-029,2024-06-21,1406,374,199,498
GUYRA-SYN-002169,jaguar,CAM-049,2024-04-07,629,1027,256,263
GUYRA-SYN-002170,anteater,CAM-031,2024-02-22,614,430,392,444
GUYRA-SYN-002171,puma,CAM-021,2024-03-07,1569,811,187,180
GUYRA-SYN-002172,anteater,CAM-043,2024-03-11,1057,970,434,404
GUYRA-SYN-002173,brocket_deer,CAM-050,2024-12-09,468,538,341,255
GUYRA-SYN-002174,tapir,CAM-010,2024-05-11,1488,724,481,261
GUYRA-SYN-002175,brocket_deer,CAM-020,2024-07-19,805,854,102,490
GUYRA-SYN-002176,brocket_deer,CAM-004,2024-07-12,1322,286,333,492
GUYRA-SYN-002177,tapir,CAM-002,2024-12-07,427,524,250,291
GUYRA-SYN-002178,jaguar,CAM-021,2024-07-26,783,667,385,386
GUYRA-SYN-002179,capybara,CAM-013,2024-04-20,1030,901,240,154
GUYRA-SYN-002180,jaguar,CAM-016,2024-03-11,1480,982,469,403
GUYRA-SYN-002181,brocket_deer,CAM-003,2024-11-13,1408,997,227,243
GUYRA-SYN-002182,anteater,CAM-038,2024-07-02,207,114,427,275
GUYRA-SYN-002183,tapir,CAM-035,2024-06-15,1891,582,156,341
GUYRA-SYN-002184,puma,CAM-048,2024-02-11,1587,847,177,177
GUYRA-SYN-002185,anteater,CAM-020,2024-10-07,1150,180,324,225
GUYRA-SYN-002186,tapir,CAM-037,2024-09-25,1353,533,385,371
GUYRA-SYN-002187,tapir,CAM-045,2024-01-05,1581,139,458,464
GUYRA-SYN-002188,capybara,CAM-021,2024-06-25,913,439,194,264
GUYRA-SYN-002189,brocket_deer,CAM-015,2024-08-12,682,407,446,460
GUYRA-SYN-002190,tapir,CAM-017,2024-10-24,1910,47,171,161
GUYRA-SYN-002191,capybara,CAM-027,2024-07-13,1650,996,124,370
GUYRA-SYN-002192,jaguar,CAM-033,2024-06-01,1158,895,116,358
GUYRA-SYN-002193,tapir,CAM-035,2024-08-10,1177,683,424,134
GUYRA-SYN-002194,capybara,CAM-005,2024-10-03,1143,230,372,181
GUYRA-SYN-002195,anteater,CAM-006,2024-10-15,1249,390,484,137
GUYRA-SYN-002196,capybara,CAM-028,2024-05-15,924,311,433,269
GUYRA-SYN-002197,jaguar,CAM-012,2024-11-19,695,929,370,499
GUYRA-SYN-002198,capybara,CAM-048,2024-07-01,822,601,103,419
GUYRA-SYN-002199,brocket_deer,CAM-002,2024-01-08,660,874,177,232
GUYRA-SYN-002200,puma,CAM-038,2024-11-25,668,937,434,440
GUYRA-SYN-002201,puma,CAM-050,2024-10-12,1829,312,196,495
GUYRA-SYN-002202,puma,CAM-014,2024-05-06,206,53,373,408
GUYRA-SYN-002203,jaguar,CAM-050,2024-03-18,713,141,267,261
GUYRA-SYN-002204,puma,CAM-043,2024-04-07,620,334,317,238
GUYRA-SYN-002205,puma,CAM-014,2024-06-01,281,900,163,292
GUYRA-SYN-002206,jaguar,CAM-029,2024-12-28,1515,427,294,125
GUYRA-SYN-002207,brocket_deer,CAM-029,2024-07-07,421,779,402,163
GUYRA-SYN-002208,jaguar,CAM-012,2024-09-19,1483,1057,162,183
GUYRA-SYN-002209,puma,CAM-008,2024-08-24,1238,733,483,262
GUYRA-SYN-002210,brocket_deer,CAM-013,2024-04-03,1637,1038,284,344
GUYRA-SYN-002211,tapir,CAM-033,2024-02-15,33,14,294,315
GUYRA-SYN-002212,brocket_deer,CAM-007,2024-06-12,634,133,322,433
GUYRA-SYN-002213,tapir,CAM-015,2024-12-03,1332,798,341,108
GUYRA-SYN-002214,tapir,CAM-047,2024-11-11,92,288,227,190
GUYRA-SYN-002215,anteater,CAM-001,2024-03-17,318,287,455,340
GUYRA-SYN-002216,jaguar,CAM-004,2024-10-26,429,600,290,416
GUYRA-SYN-002217,brocket_deer,CAM-011,2024-07-06,357,1062,177,479
GUYRA-SYN-002218,capybara,CAM-012,2024-06-04,1610,332,115,354
GUYRA-SYN-002219,puma,CAM-020,2024-07-21,764,543,418,264
GUYRA-SYN-002220,jaguar,CAM-002,2024-06-01,1820,963,117,476
GUYRA-SYN-002221,puma,CAM-027,2024-01-18,772,1075,186,180
GUYRA-SYN-002222,jaguar,CAM-001,2024-06-08,188,859,133,157
GUYRA-SYN-002223,brocket_deer,CAM-030,2024-07-28,1839,901,168,408
GUYRA-SYN-002224,capybara,CAM-001,2024-05-16,961,526,165,265
GUYRA-SYN-002225,capybara,CAM-035,2024-06-20,1368,197,344,352
GUYRA-SYN-002226,capybara,CAM-037,2024-04-05,449,1054,166,173
GUYRA-SYN-002227,puma,CAM-043,2024-02-24,194,827,244,414
GUYRA-SYN-002228,jaguar,CAM-016,2024-04-09,378,616,268,463
GUYRA-SYN-002229,brocket_deer,CAM-043,2024-10-17,1058,546,489,167
GUYRA-SYN-002230,tapir,CAM-028,2024-06-22,297,70,482,297
GUYRA-SYN-002231,capybara,CAM-004,2024-04-06,29,292,424,117
GUYRA-SYN-002232,puma,CAM-011,2024-07-11,23,984,347,276
GUYRA-SYN-002233,puma,CAM-041,2024-10-13,925,439,332,418
GUYRA-SYN-002234,tapir,CAM-035,2024-08-04,1525,572,435,493
GUYRA-SYN-002235,anteater,CAM-022,2024-06-06,522,698,349,495
GUYRA-SYN-002236,anteater,CAM-030,2024-11-04,1368,701,490,365
GUYRA-SYN-002237,tapir,CAM-005,2024-06-14,1315,52,378,164
GUYRA-SYN-002238,jaguar,CAM-015,2024-08-27,227,246,381,464
GUYRA-SYN-002239,tapir,CAM-009,2024-06-10,926,893,383,142
GUYRA-SYN-002240,anteater,CAM-012,2024-07-27,1813,1046,199,172
GUYRA-SYN-002241,capybara,CAM-015,2024-01-07,1502,724,369,407
GUYRA-SYN-002242,puma,CAM-037,2024-09-17,96,742,376,217
GUYRA-SYN-002243,capybara,CAM-034,2024-03-12,325,205,448,184
GUYRA-SYN-002244,capybara,CAM-041,2024-10-08,1726,311,376,412
GUYRA-SYN-002245,brocket_deer,CAM-013,2024-05-02,820,607,299,367
GUYRA-SYN-002246,brocket_deer,CAM-031,2024-08-11,278,614,100,138
GUYRA-SYN-002247,tapir,CAM-046,2024-09-22,638,427,475,413
GUYRA-SYN-002248,anteater,CAM-005,2024-01-25,840,287,173,346
GUYRA-SYN-002249,puma,CAM-049,2024-04-13,1610,326,430,314
GUYRA-SYN-002250,brocket_deer,CAM-038,2024-04-08,1708,717,136,215
GUYRA-SYN-002251,tapir,CAM-009,2024-07-04,1486,310,205,327
GUYRA-SYN-002252,puma,CAM-044,2024-05-25,670,22,426,160
GUYRA-SYN-002253,anteater,CAM-020,2024-09-04,1580,964,218,438
GUYRA-SYN-002254,brocket_deer,CAM-020,2024-02-18,1521,930,178,136
GUYRA-SYN-002255,capybara,CAM-022,2024-05-02,781,523,157,420
GUYRA-SYN-002256,brocket_deer,CAM-028,2024-10-06,1794,997,488,249
GUYRA-SYN-002257,puma,CAM-034,2024-02-03,1498,742,223,440
GUYRA-SYN-002258,brocket_deer,CAM-045,2024-07-14,116,215,494,243
GUYRA-SYN-002259,capybara,CAM-047,2024-05-09,1311,1040,268,314
GUYRA-SYN-002260,capybara,CAM-017,2024-06-03,26,207,465,348
GUYRA-SYN-002261,puma,CAM-038,2024-08-08,1210,888,440,236
GUYRA-SYN-002262,jaguar,CAM-050,2024-12-16,1148,769,410,365
GUYRA-SYN-002263,capybara,CAM-025,2024-01-20,220,201,394,148
GUYRA-SYN-002264,jaguar,CAM-049,2024-04-12,1188,863,301,467
GUYRA-SYN-002265,capybara,CAM-003,2024-06-21,1614,901,335,393
GUYRA-SYN-002266,anteater,CAM-003,2024-07-27,1649,884,442,113
GUYRA-SYN-002267,puma,CAM-037,2024-03-01,1291,673,150,249
GUYRA-SYN-002268,brocket_deer,CAM-002,2024-12-15,1739,519,283,449
GUYRA-SYN-002269,tapir,CAM-023,2024-04-09,913,97,266,334
GUYRA-SYN-002270,capybara,CAM-041,2024-05-25,1625,328,207,385
GUYRA-SYN-002271,anteater,CAM-042,2024-06-24,821,713,499,188
GUYRA-SYN-002272,brocket_deer,CAM-006,2024-06-12,1262,466,262,256
GUYRA-SYN-002273,jaguar,CAM-047,2024-02-21,831,640,418,354
GUYRA-SYN-002274,capybara,CAM-012,2024-07-07,542,994,279,272
GUYRA-SYN-002275,brocket_deer,CAM-024,2024-03-06,661,32,157,197
GUYRA-SYN-002276,anteater,CAM-020,2024-09-23,1315,606,487,386
GUYRA-SYN-002277,anteater,CAM-012,2024-07-20,1424,155,201,147
GUYRA-SYN-002278,jaguar,CAM-046,2024-10-22,828,539,174,466
GUYRA-SYN-002279,tapir,CAM-035,2024-06-13,272,788,153,476
GUYRA-SYN-002280,tapir,CAM-040,2024-10-03,663,460,326,120
GUYRA-SYN-002281,puma,CAM-036,2024-03-22,560,53,353,214
GUYRA-SYN-002282,capybara,CAM-015,2024-04-08,901,442,174,106
GUYRA-SYN-002283,tapir,CAM-016,2024-01-28,1253,989,324,312
GUYRA-SYN-002284,anteater,CAM-036,2024-10-07,844,381,365,397
GUYRA-SYN-002285,brocket_deer,CAM-041,2024-10-13,1529,535,461,286
GUYRA-SYN-002286,tapir,CAM-028,2024-06-12,1843,480,263,376
GUYRA-SYN-002287,tapir,CAM-005,2024-12-05,658,505,375,396
GUYRA-SYN-002288,puma,CAM-007,2024-09-23,974,642,153,409
GUYRA-SYN-002289,puma,CAM-047,2024-06-23,1437,458,338,237
GUYRA-SYN-002290,anteater,CAM-004,2024-08-20,896,1018,402,323
GUYRA-SYN-002291,jaguar,CAM-011,2024-01-18,918,117,277,344
GUYRA-SYN-002292,capybara,CAM-010,2024-02-22,725,133,468,241
GUYRA-SYN-002293,anteater,CAM-017,2024-12-01,1461,1005,320,460
GUYRA-SYN-002294,puma,CAM-026,2024-04-22,925,634,375,456
GUYRA-SYN-002295,capybara,CAM-020,2024-06-08,1167,1040,308,173
GUYRA-SYN-002296,anteater,CAM-044,2024-10-11,1766,13,412,127
GUYRA-SYN-002297,capybara,CAM-049,2024-06-19,245,145,414,132
GUYRA-SYN-002298,anteater,CAM-027,2024-12-06,1500,398,227,407
GUYRA-SYN-002299,puma,CAM-012,2024-01-21,1902,1013,473,161
GUYRA-SYN-002300,tapir,CAM-006,2024-02-13,1175,793,308,295
GUYRA-SYN-002301,capybara,CAM-031,2024-03-28,703,374,149,259
GUYRA-SYN-002302,tapir,CAM-012,2024-12-14,1800,516,355,146
GUYRA-SYN-002303,puma,CAM-017,2024-07-07,464,719,431,424
GUYRA-SYN-002304,jaguar,CAM-022,2024-08-25,192,1072,231,110
GUYRA-SYN-002305,anteater,CAM-004,2024-09-02,1398,764,148,186
GUYRA-SYN-002306,jaguar,CAM-034,2024-01-01,669,787,256,114
GUYRA-SYN-002307,anteater,CAM-037,2024-06-28,142,353,196,425
GUYRA-SYN-002308,anteater,CAM-032,2024-03-18,447,707,149,449
GUYRA-SYN-002309,puma,CAM-039,2024-06-19,362,902,461,495
GUYRA-SYN-002310,puma,CAM-033,2024-03-27,1677,911,115,418
GUYRA-SYN-002311,jaguar,CAM-035,2024-02-26,1913,638,249,155
GUYRA-SYN-002312,tapir,CAM-044,2024-03-19,1061,342,151,354
GUYRA-SYN-002313,puma,CAM-039,2024-03-20,1884,690,332,437
GUYRA-SYN-002314,anteater,CAM-025,2024-08-04,1369,134,273,226
GUYRA-SYN-002315,tapir,CAM-010,2024-04-27,1005,385,306,121
GUYRA-SYN-002316,tapir,CAM-004,2024-08-26,1727,202,366,146
GUYRA-SYN-002317,capybara,CAM-042,2024-06-17,1153,1068,301,487
GUYRA-SYN-002318,anteater,CAM-042,2024-04-10,656,277,329,490
GUYRA-SYN-002319,puma,CAM-019,2024-11-14,827,891,293,142
GUYRA-SYN-002320,brocket_deer,CAM-002,2024-08-04,658,991,412,299
GUYRA-SYN-002321,tapir,CAM-032,2024-05-25,1400,112,370,121
GUYRA-SYN-002322,puma,CAM-006,2024-05-19,1531,355,428,260
GUYRA-SYN-002323,capybara,CAM-004,2024-09-01,96,620,297,196
GUYRA-SYN-002324,tapir,CAM-035,2024-01-27,1690,888,478,360
GUYRA-SYN-002325,anteater,CAM-012,2024-09-12,1394,91,209,150
GUYRA-SYN-002326,brocket_deer,CAM-012,2024-04-23,655,149,465,204
GUYRA-SYN-002327,brocket_deer,CAM-014,2024-10-21,1255,31,123,295
GUYRA-SYN-002328,puma,CAM-045,2024-02-10,9,492,437,269
GUYRA-SYN-002329,puma,CAM-025,2024-04-12,1879,823,122,179
GUYRA-SYN-002330,puma,CAM-039,2024-04-20,1369,528,316,448
GUYRA-SYN-002331,anteater,CAM-046,2024-11-10,419,558,309,453
GUYRA-SYN-002332,jaguar,CAM-027,2024-07-13,569,388,498,349
GUYRA-SYN-002333,tapir,CAM-039,2024-01-21,1418,809,121,456
GUYRA-SYN-002334,brocket_deer,CAM-009,2024-11-23,456,144,426,158
GUYRA-SYN-002335,jaguar,CAM-011,2024-08-03,375,670,185,478
GUYRA-SYN-002336,tapir,CAM-044,2024-12-23,815,583,374,246
GUYRA-SYN-002337,tapir,CAM-037,2024-05-04,1558,244,302,203
GUYRA-SYN-002338,jaguar,CAM-036,2024-08-07,260,1061,118,340
GUYRA-SYN-002339,brocket_deer,CAM-007,2024-02-08,77,794,194,142
GUYRA-SYN-002340,capybara,CAM-005,2024-04-14,1260,759,324,478
GUYRA-SYN-002341,puma,CAM-029,2024-10-25,84,1031,492,196
GUYRA-SYN-002342,puma,CAM-047,2024-06-02,1164,29,178,274
GUYRA-SYN-002343,tapir,CAM-012,2024-06-15,410,115,300,294
GUYRA-SYN-002344,puma,CAM-019,2024-09-03,461,376,421,199
GUYRA-SYN-002345,tapir,CAM-043,2024-12-15,51,902,135,225
GUYRA-SYN-002346,anteater,CAM-034,2024-05-18,329,293,380,262
GUYRA-SYN-002347,jaguar,CAM-008,2024-11-03,839,1060,373,108
GUYRA-SYN-002348,anteater,CAM-047,2024-03-24,1910,658,289,119
GUYRA-SYN-002349,puma,CAM-007,2024-11-08,12,780,101,388
GUYRA-SYN-002350,jaguar,CAM-025,2024-10-04,1755,459,490,421
GUYRA-SYN-002351,jaguar,CAM-037,2024-09-03,40,975,392,430
GUYRA-SYN-002352,brocket_deer,CAM-019,2024-11-20,792,920,483,221
GUYRA-SYN-002353,capybara,CAM-032,2024-10-09,706,931,345,178
GUYRA-SYN-002354,brocket_deer,CAM-035,2024-06-08,295,587,426,474
GUYRA-SYN-002355,puma,CAM-025,2024-05-06,753,42,321,253
GUYRA-SYN-002356,puma,CAM-003,2024-08-14,1455,464,305,164
GUYRA-SYN-002357,capybara,CAM-023,2024-04-13,862,855,335,475
GUYRA-SYN-002358,brocket_deer,CAM-029,2024-07-15,744,691,266,440
GUYRA-SYN-002359,brocket_deer,CAM-009,2024-12-17,421,503,211,464
GUYRA-SYN-002360,puma,CAM-037,2024-04-28,1493,744,337,380
GUYRA-SYN-002361,brocket_deer,CAM-024,2024-11-10,437,804,172,340
GUYRA-SYN-002362,jaguar,CAM-035,2024-11-15,615,844,126,202
GUYRA-SYN-002363,puma,CAM-022,2024-09-06,1350,787,364,321
GUYRA-SYN-002364,puma,CAM-029,2024-01-23,422,790,390,441
GUYRA-SYN-002365,puma,CAM-018,2024-12-22,1153,319,428,305
GUYRA-SYN-002366,anteater,CAM-013,2024-03-14,648,959,225,478
GUYRA-SYN-002367,puma,CAM-049,2024-08-11,1250,72,446,149
GUYRA-SYN-002368,jaguar,CAM-006,2024-01-01,1884,108,269,146
GUYRA-SYN-002369,tapir,CAM-023,2024-04-24,308,436,257,133
GUYRA-SYN-002370,tapir,CAM-040,2024-06-19,1852,914,343,273
GUYRA-SYN-002371,capybara,CAM-012,2024-05-10,207,327,177,183
GUYRA-SYN-002372,brocket_deer,CAM-008,2024-09-20,839,324,387,382
GUYRA-SYN-002373,capybara,CAM-031,2024-12-09,1413,510,158,439
GUYRA-SYN-002374,puma,CAM-029,2024-02-25,80,277,295,342
GUYRA-SYN-002375,brocket_deer,CAM-031,2024-03-25,40,742,325,399
GUYRA-SYN-002376,anteater,CAM-012,2024-08-01,1007,704,273,143
GUYRA-SYN-002377,tapir,CAM-005,2024-03-05,1278,614,446,301
GUYRA-SYN-002378,puma,CAM-008,2024-11-07,1298,656,249,464
GUYRA-SYN-002379,jaguar,CAM-023,2024-10-26,1013,32,418,402
GUYRA-SYN-002380,brocket_deer,CAM-011,2024-06-28,517,393,362,243
GUYRA-SYN-002381,anteater,CAM-002,2024-08-11,1855,341,126,432
GUYRA-SYN-002382,puma,CAM-045,2024-05-09,919,886,272,120
GUYRA-SYN-002383,tapir,CAM-048,2024-11-15,1350,164,270,382
GUYRA-SYN-002384,jaguar,CAM-009,2024-10-01,1504,39,254,294
GUYRA-SYN-002385,puma,CAM-031,2024-07-13,73,553,456,292
GUYRA-SYN-002386,tapir,CAM-024,2024-09-28,1605,869,308,462
GUYRA-SYN-002387,tapir,CAM-009,2024-06-24,535,395,350,244
GUYRA-SYN-002388,tapir,CAM-006,2024-08-22,173,652,360,158
GUYRA-SYN-002389,jaguar,CAM-009,2024-02-08,152,362,291,133
GUYRA-SYN-002390,puma,CAM-037,2024-04-25,178,154,104,470
GUYRA-SYN-002391,jaguar,CAM-048,2024-06-28,1861,144,179,398
GUYRA-SYN-002392,capybara,CAM-030,2024-11-28,677,216,413,162
GUYRA-SYN-002393,jaguar,CAM-046,2024-03-07,1880,166,195,146
GUYRA-SYN-002394,capybara,CAM-006,2024-01-14,1621,477,207,125
GUYRA-SYN-002395,capybara,CAM-006,2024-07-11,1280,394,343,201
GUYRA-SYN-002396,capybara,CAM-032,2024-10-23,381,960,247,474
GUYRA-SYN-002397,capybara,CAM-038,2024-01-15,378,1039,103,140
GUYRA-SYN-002398,puma,CAM-013,2024-05-05,1798,387,458,163
GUYRA-SYN-002399,capybara,CAM-049,2024-02-07,383,658,487,216
GUYRA-SYN-002400,puma,CAM-026,2024-11-27,1213,607,407,311
GUYRA-SYN-002401,anteater,CAM-041,2024-05-07,873,513,276,476
GUYRA-SYN-002402,puma,CAM-034,2024-01-21,1823,515,244,486
GUYRA-SYN-002403,puma,CAM-005,2024-01-03,1011,704,475,130
GUYRA-SYN-002404,anteater,CAM-049,2024-07-03,1380,913,106,481
GUYRA-SYN-002405,capybara,CAM-006,2024-06-19,1579,740,457,448
GUYRA-SYN-002406,anteater,CAM-044,2024-02-19,537,653,330,283
GUYRA-SYN-002407,capybara,CAM-031,2024-06-16,614,1001,260,379
GUYRA-SYN-002408,capybara,CAM-013,2024-04-19,349,87,453,280
GUYRA-SYN-002409,brocket_deer,CAM-030,2024-08-11,1891,825,337,337
GUYRA-SYN-002410,brocket_deer,CAM-010,2024-03-24,1537,789,314,112
GUYRA-SYN-002411,puma,CAM-021,2024-07-28,1294,305,304,287
GUYRA-SYN-002412,jaguar,CAM-028,2024-11-06,309,376,211,148
GUYRA-SYN-002413,jaguar,CAM-026,2024-08-05,554,690,201,111
GUYRA-SYN-002414,brocket_deer,CAM-026,2024-03-10,1699,568,216,197
GUYRA-SYN-002415,brocket_deer,CAM-039,2024-12-16,886,891,181,349
GUYRA-SYN-002416,capybara,CAM-004,2024-06-04,137,662,461,344
GUYRA-SYN-002417,anteater,CAM-019,2024-03-08,1062,1012,210,313
GUYRA-SYN-002418,brocket_deer,CAM-001,2024-05-21,324,693,422,259
GUYRA-SYN-002419,capybara,CAM-040,2024-07-20,249,265,371,244
GUYRA-SYN-002420,tapir,CAM-047,2024-06-26,1410,262,289,389
GUYRA-SYN-002421,brocket_deer,CAM-005,2024-01-15,757,854,226,207
GUYRA-SYN-002422,tapir,CAM-045,2024-04-28,1848,640,424,343
GUYRA-SYN-002423,tapir,CAM-036,2024-06-19,1625,678,457,199
GUYRA-SYN-002424,puma,CAM-021,2024-11-19,1866,468,462,403
GUYRA-SYN-002425,anteater,CAM-016,2024-04-16,1153,962,109,260
GUYRA-SYN-002426,anteater,CAM-007,2024-07-25,303,658,141,370
GUYRA-SYN-002427,brocket_deer,CAM-030,2024-10-24,544,137,330,299
GUYRA-SYN-002428,puma,CAM-050,2024-05-23,293,745,498,130
GUYRA-SYN-002429,brocket_deer,CAM-016,2024-04-21,6,670,282,417
GUYRA-SYN-002430,brocket_deer,CAM-036,2024-03-26,558,655,348,260
GUYRA-SYN-002431,anteater,CAM-035,2024-04-27,1660,385,405,409
GUYRA-SYN-002432,jaguar,CAM-019,2024-12-02,1506,399,368,358
GUYRA-SYN-002433,tapir,CAM-016,2024-07-14,1434,22,252,233
GUYRA-SYN-002434,puma,CAM-010,2024-05-01,59,863,140,288
GUYRA-SYN-002435,brocket_deer,CAM-050,2024-03-15,1281,782,384,180
GUYRA-SYN-002436,anteater,CAM-029,2024-06-04,1918,560,333,241
GUYRA-SYN-002437,puma,CAM-046,2024-10-15,583,333,400,165
GUYRA-SYN-002438,tapir,CAM-002,2024-02-02,1777,668,382,344
GUYRA-SYN-002439,tapir,CAM-010,2024-06-27,1475,768,381,113
GUYRA-SYN-002440,capybara,CAM-028,2024-11-11,810,364,267,413
GUYRA-SYN-002441,jaguar,CAM-042,2024-05-11,1158,80,361,128
GUYRA-SYN-002442,capybara,CAM-046,2024-12-05,1017,130,134,171
GUYRA-SYN-002443,puma,CAM-007,2024-09-06,1461,481,147,486
GUYRA-SYN-002444,tapir,CAM-023,2024-06-03,845,703,484,135
GUYRA-SYN-002445,brocket_deer,CAM-026,2024-09-02,1074,852,428,302
GUYRA-SYN-002446,capybara,CAM-010,2024-09-27,183,424,329,181
GUYRA-SYN-002447,jaguar,CAM-049,2024-05-08,490,115,430,449
GUYRA-SYN-002448,anteater,CAM-002,2024-01-21,1726,461,345,121
GUYRA-SYN-002449,jaguar,CAM-015,2024-04-05,1782,281,356,263
GUYRA-SYN-002450,tapir,CAM-025,2024-11-22,810,39,361,491
GUYRA-SYN-002451,tapir,CAM-032,2024-01-22,1463,849,381,134
GUYRA-SYN-002452,jaguar,CAM-013,2024-10-02,427,470,398,351
GUYRA-SYN-002453,jaguar,CAM-023,2024-12-03,1191,753,360,184
GUYRA-SYN-002454,brocket_deer,CAM-014,2024-03-18,15,576,236,384
GUYRA-SYN-002455,tapir,CAM-033,2024-07-06,1709,412,486,411
GUYRA-SYN-002456,tapir,CAM-022,2024-04-11,1838,533,301,161
GUYRA-SYN-002457,capybara,CAM-019,2024-08-01,912,1048,494,307
GUYRA-SYN-002458,puma,CAM-012,2024-02-02,793,218,480,205
GUYRA-SYN-002459,puma,CAM-049,2024-10-24,1530,611,453,445
GUYRA-SYN-002460,puma,CAM-038,2024-05-12,949,111,431,420
GUYRA-SYN-002461,puma,CAM-037,2024-05-07,1046,48,258,106
GUYRA-SYN-002462,puma,CAM-012,2024-06-07,1023,795,468,267
GUYRA-SYN-002463,brocket_deer,CAM-026,2024-10-25,338,1006,345,387
GUYRA-SYN-002464,anteater,CAM-019,2024-11-28,1920,508,139,415
GUYRA-SYN-002465,jaguar,CAM-001,2024-01-20,102,22,240,100
GUYRA-SYN-002466,tapir,CAM-029,2024-07-24,1163,326,149,127
GUYRA-SYN-002467,tapir,CAM-014,2024-11-07,866,763,138,243
GUYRA-SYN-002468,brocket_deer,CAM-042,2024-01-10,1577,71,161,254
GUYRA-SYN-002469,puma,CAM-017,2024-08-26,1873,419,161,425
GUYRA-SYN-002470,capybara,CAM-044,2024-01-16,357,29,157,144
GUYRA-SYN-002471,capybara,CAM-016,2024-08-28,1815,559,238,111
GUYRA-SYN-002472,capybara,CAM-037,2024-08-03,1497,313,210,133
GUYRA-SYN-002473,brocket_deer,CAM-044,2024-07-01,76,1018,321,338
GUYRA-SYN-002474,brocket_deer,CAM-012,2024-01-19,1837,90,436,132
GUYRA-SYN-002475,tapir,CAM-046,2024-05-24,981,415,236,112
GUYRA-SYN-002476,capybara,CAM-018,2024-04-08,1412,917,100,432
GUYRA-SYN-002477,jaguar,CAM-037,2024-07-18,1439,1000,218,466
GUYRA-SYN-002478,capybara,CAM-004,2024-05-12,181,752,333,341
GUYRA-SYN-002479,anteater,CAM-011,2024-06-22,1846,760,471,382
GUYRA-SYN-002480,anteater,CAM-010,2024-06-24,1309,710,308,189
GUYRA-SYN-002481,anteater,CAM-026,2024-06-15,711,598,175,444
GUYRA-SYN-002482,brocket_deer,CAM-044,2024-09-14,737,884,144,408
GUYRA-SYN-002483,tapir,CAM-009,2024-06-12,1321,955,330,485
GUYRA-SYN-002484,anteater,CAM-044,2024-03-02,703,1037,420,174
GUYRA-SYN-002485,anteater,CAM-022,2024-09-21,1703,326,393,171
GUYRA-SYN-002486,puma,CAM-045,2024-07-03,1686,858,157,356
GUYRA-SYN-002487,anteater,CAM-003,2024-09-04,1178,8,230,381
GUYRA-SYN-002488,capybara,CAM-011,2024-12-08,1400,685,350,159
GUYRA-SYN-002489,tapir,CAM-047,2024-06-18,1918,808,367,436
GUYRA-SYN-002490,brocket_deer,CAM-015,2024-10-12,1535,835,452,484
GUYRA-SYN-002491,jaguar,CAM-015,2024-11-21,929,318,455,485
GUYRA-SYN-002492,puma,CAM-046,2024-01-26,1033,220,353,173
GUYRA-SYN-002493,jaguar,CAM-045,2024-05-08,1547,831,255,207
GUYRA-SYN-002494,anteater,CAM-041,2024-02-27,391,48,108,115
GUYRA-SYN-002495,tapir,CAM-008,2024-04-06,1695,146,134,229
GUYRA-SYN-002496,brocket_deer,CAM-008,2024-07-12,1354,825,105,457
GUYRA-SYN-002497,anteater,CAM-020,2024-06-13,767,426,255,319
GUYRA-SYN-002498,anteater,CAM-038,2024-08-21,1259,85,447,351
GUYRA-SYN-002499,jaguar,CAM-032,2024-06-12,63,523,458,342
GUYRA-SYN-002500,brocket_deer,CAM-049,2024-09-25,200,865,452,400
GUYRA-SYN-002501,anteater,CAM-023,2024-11-16,55,778,119,349
GUYRA-SYN-002502,jaguar,CAM-031,2024-05-18,188,169,225,470
GUYRA-SYN-002503,capybara,CAM-041,2024-02-15,777,690,223,409
GUYRA-SYN-002504,brocket_deer,CAM-003,2024-06-10,1131,924,210,414
GUYRA-SYN-002505,brocket_deer,CAM-007,2024-01-22,262,57,359,327
GUYRA-SYN-002506,jaguar,CAM-033,2024-03-15,562,794,374,434
GUYRA-SYN-002507,capybara,CAM-004,2024-05-19,240,1058,351,189
GUYRA-SYN-002508,brocket_deer,CAM-019,2024-03-02,594,678,318,156
GUYRA-SYN-002509,capybara,CAM-010,2024-02-07,987,995,227,102
GUYRA-SYN-002510,brocket_deer,CAM-050,2024-12-26,1339,361,495,292
GUYRA-SYN-002511,jaguar,CAM-020,2024-03-08,696,1010,217,465
GUYRA-SYN-002512,brocket_deer,CAM-045,2024-02-04,336,285,167,479
GUYRA-SYN-002513,anteater,CAM-037,2024-01-15,1016,750,457,320
GUYRA-SYN-002514,jaguar,CAM-046,2024-09-23,754,217,314,342
GUYRA-SYN-002515,jaguar,CAM-018,2024-07-18,1437,864,134,133
GUYRA-SYN-002516,jaguar,CAM-017,2024-11-12,972,821,359,224
GUYRA-SYN-002517,puma,CAM-008,2024-01-06,176,382,440,200
GUYRA-SYN-002518,brocket_deer,CAM-043,2024-09-12,1141,538,344,134
GUYRA-SYN-002519,capybara,CAM-012,2024-10-14,237,81,218,203
GUYRA-SYN-002520,puma,CAM-020,2024-03-24,1436,800,105,290
GUYRA-SYN-002521,jaguar,CAM-033,2024-01-04,1074,544,399,371
GUYRA-SYN-002522,jaguar,CAM-020,2024-03-11,1885,499,345,209
GUYRA-SYN-002523,puma,CAM-043,2024-08-16,980,438,150,188
GUYRA-SYN-002524,brocket_deer,CAM-036,2024-11-21,1108,145,174,441
GUYRA-SYN-002525,puma,CAM-033,2024-03-28,1557,139,344,362
GUYRA-SYN-002526,jaguar,CAM-037,2024-03-08,1283,846,420,285
GUYRA-SYN-002527,puma,CAM-017,2024-07-02,1540,884,121,264
GUYRA-SYN-002528,brocket_deer,CAM-002,2024-04-22,1487,765,300,330
GUYRA-SYN-002529,anteater,CAM-015,2024-12-05,981,1043,308,430
GUYRA-SYN-002530,capybara,CAM-011,2024-04-20,1067,589,354,495
GUYRA-SYN-002531,jaguar,CAM-028,2024-10-01,854,135,387,143
GUYRA-SYN-002532,capybara,CAM-050,2024-03-25,1313,81,289,242
GUYRA-SYN-002533,brocket_deer,CAM-018,2024-08-21,1652,699,255,374
GUYRA-SYN-002534,anteater,CAM-021,2024-05-28,962,1047,349,297
GUYRA-SYN-002535,capybara,CAM-038,2024-12-18,1891,281,340,272
GUYRA-SYN-002536,jaguar,CAM-045,2024-08-11,1091,1058,415,423
GUYRA-SYN-002537,jaguar,CAM-017,2024-11-09,1913,555,247,404
GUYRA-SYN-002538,anteater,CAM-015,2024-06-11,1857,490,389,197
GUYRA-SYN-002539,tapir,CAM-020,2024-04-27,686,1060,446,310
GUYRA-SYN-002540,tapir,CAM-017,2024-10-14,1371,385,493,413
GUYRA-SYN-002541,puma,CAM-050,2024-12-10,389,740,464,377
GUYRA-SYN-002542,anteater,CAM-021,2024-04-26,947,1065,188,160
GUYRA-SYN-002543,capybara,CAM-047,2024-05-21,505,421,406,424
GUYRA-SYN-002544,tapir,CAM-012,2024-11-26,1017,767,225,300
GUYRA-SYN-002545,brocket_deer,CAM-046,2024-05-19,940,699,174,230
GUYRA-SYN-002546,anteater,CAM-005,2024-05-04,771,805,101,134
GUYRA-SYN-002547,puma,CAM-017,2024-08-15,1914,567,361,390
GUYRA-SYN-002548,brocket_deer,CAM-013,2024-05-02,875,1002,404,155
GUYRA-SYN-002549,brocket_deer,CAM-028,2024-07-11,244,286,192,162
GUYRA-SYN-002550,tapir,CAM-049,2024-01-02,1735,143,242,155
GUYRA-SYN-002551,anteater,CAM-035,2024-05-05,1605,196,480,451
GUYRA-SYN-002552,brocket_deer,CAM-014,2024-01-22,1160,122,105,157
GUYRA-SYN-002553,tapir,CAM-040,2024-12-09,582,880,223,218
GUYRA-SYN-002554,puma,CAM-040,2024-10-19,1539,546,382,281
GUYRA-SYN-002555,puma,CAM-010,2024-01-18,1196,648,490,212
GUYRA-SYN-002556,puma,CAM-025,2024-04-18,1262,35,182,146
GUYRA-SYN-002557,anteater,CAM-048,2024-10-09,1657,995,163,148
GUYRA-SYN-002558,puma,CAM-027,2024-04-08,941,339,188,212
GUYRA-SYN-002559,tapir,CAM-007,2024-01-08,1374,631,322,396
GUYRA-SYN-002560,anteater,CAM-025,2024-08-07,475,205,141,309
GUYRA-SYN-002561,capybara,CAM-029,2024-08-05,1513,787,414,484
GUYRA-SYN-002562,brocket_deer,CAM-002,2024-09-25,556,420,444,351
GUYRA-SYN-002563,brocket_deer,CAM-034,2024-06-11,42,1022,359,415
GUYRA-SYN-002564,brocket_deer,CAM-029,2024-10-07,763,295,460,139
GUYRA-SYN-002565,anteater,CAM-045,2024-11-13,344,827,206,211
GUYRA-SYN-002566,tapir,CAM-023,2024-07-09,509,595,218,294
GUYRA-SYN-002567,anteater,CAM-031,2024-01-22,1915,499,430,457
GUYRA-SYN-002568,jaguar,CAM-029,2024-12-26,44,796,392,276
GUYRA-SYN-002569,tapir,CAM-025,2024-01-16,893,912,317,145
GUYRA-SYN-002570,brocket_deer,CAM-017,2024-06-08,551,750,233,345
GUYRA-SYN-002571,puma,CAM-011,2024-04-28,1199,1059,406,371
GUYRA-SYN-002572,puma,CAM-003,2024-07-12,98,468,146,462
GUYRA-SYN-002573,puma,CAM-006,2024-10-23,1132,102,228,140
GUYRA-SYN-002574,anteater,CAM-017,2024-08-05,600,290,323,242
GUYRA-SYN-002575,puma,CAM-015,2024-07-10,341,1066,134,218
GUYRA-SYN-002576,jaguar,CAM-040,2024-01-19,1340,360,247,380
GUYRA-SYN-002577,brocket_deer,CAM-028,2024-03-08,35,400,408,464
GUYRA-SYN-002578,jaguar,CAM-005,2024-02-09,1673,366,373,163
GUYRA-SYN-002579,brocket_deer,CAM-036,2024-06-24,366,312,373,195
GUYRA-SYN-002580,puma,CAM-001,2024-06-28,351,557,362,110
GUYRA-SYN-002581,anteater,CAM-033,2024-01-13,276,342,124,340
GUYRA-SYN-002582,puma,CAM-009,2024-04-28,1247,752,393,500
GUYRA-SYN-002583,tapir,CAM-030,2024-04-15,358,225,465,227
GUYRA-SYN-002584,puma,CAM-041,2024-10-25,86,137,293,169
GUYRA-SYN-002585,jaguar,CAM-019,2024-08-17,1636,1003,446,486
GUYRA-SYN-002586,brocket_deer,CAM-036,2024-09-24,827,1075,338,431
GUYRA-SYN-002587,anteater,CAM-023,2024-10-19,1471,829,484,228
GUYRA-SYN-002588,anteater,CAM-027,2024-03-17,1757,1023,164,118
GUYRA-SYN-002589,puma,CAM-005,2024-10-12,1724,611,159,409
GUYRA-SYN-002590,brocket_deer,CAM-025,2024-07-10,765,48,261,349
GUYRA-SYN-002591,puma,CAM-049,2024-01-07,891,301,330,402
GUYRA-SYN-002592,capybara,CAM-009,2024-11-26,618,811,225,172
GUYRA-SYN-002593,jaguar,CAM-015,2024-08-09,996,817,338,464
GUYRA-SYN-002594,brocket_deer,CAM-024,2024-04-15,267,851,126,225
GUYRA-SYN-002595,puma,CAM-041,2024-02-10,766,108,279,338
GUYRA-SYN-002596,brocket_deer,CAM-042,2024-07-03,1225,602,281,362
GUYRA-SYN-002597,anteater,CAM-031,2024-01-28,1735,981,134,280
GUYRA-SYN-002598,tapir,CAM-013,2024-05-17,339,22,151,174
GUYRA-SYN-002599,capybara,CAM-046,2024-09-09,122,50,360,211
GUYRA-SYN-002600,capybara,CAM-034,2024-06-01,918,826,271,413
GUYRA-SYN-002601,brocket_deer,CAM-023,2024-10-11,583,753,126,364
GUYRA-SYN-002602,anteater,CAM-008,2024-08-25,998,887,490,363
GUYRA-SYN-002603,jaguar,CAM-043,2024-09-24,1533,1036,134,178
GUYRA-SYN-002604,brocket_deer,CAM-022,2024-11-23,900,547,173,172
GUYRA-SYN-002605,puma,CAM-006,2024-10-13,564,807,212,121
GUYRA-SYN-002606,jaguar,CAM-020,2024-01-05,398,856,391,199
GUYRA-SYN-002607,brocket_deer,CAM-010,2024-07-18,1163,522,207,100
GUYRA-SYN-002608,jaguar,CAM-011,2024-01-09,1489,988,133,212
GUYRA-SYN-002609,brocket_deer,CAM-011,2024-11-16,233,163,442,335
GUYRA-SYN-002610,tapir,CAM-040,2024-12-12,1742,960,232,395
GUYRA-SYN-002611,anteater,CAM-036,2024-12-11,1293,668,369,179
GUYRA-SYN-002612,capybara,CAM-044,2024-12-19,1065,571,404,498
GUYRA-SYN-002613,puma,CAM-015,2024-01-14,989,557,268,360
GUYRA-SYN-002614,tapir,CAM-032,2024-12-13,105,615,231,154
GUYRA-SYN-002615,puma,CAM-036,2024-04-28,1604,448,227,337
GUYRA-SYN-002616,puma,CAM-007,2024-12-18,1035,743,311,480
GUYRA-SYN-002617,brocket_deer,CAM-027,2024-10-11,612,166,224,183
GUYRA-SYN-002618,anteater,CAM-031,2024-11-03,1587,642,129,323
GUYRA-SYN-002619,brocket_deer,CAM-028,2024-03-14,969,62,270,289
GUYRA-SYN-002620,jaguar,CAM-020,2024-04-16,1800,1007,302,401
GUYRA-SYN-002621,puma,CAM-026,2024-07-28,481,586,224,412
GUYRA-SYN-002622,puma,CAM-022,2024-03-20,669,771,142,151
GUYRA-SYN-002623,jaguar,CAM-006,2024-12-01,307,877,352,147
GUYRA-SYN-002624,capybara,CAM-042,2024-03-02,4,965,190,116
GUYRA-SYN-002625,puma,CAM-019,2024-06-22,1404,731,441,392
GUYRA-SYN-002626,jaguar,CAM-003,2024-03-10,676,204,119,398
GUYRA-SYN-002627,jaguar,CAM-003,2024-10-01,1682,393,187,300
GUYRA-SYN-002628,brocket_deer,CAM-007,2024-05-19,596,1077,136,413
GUYRA-SYN-002629,tapir,CAM-009,2024-02-15,1241,532,180,429
GUYRA-SYN-002630,capybara,CAM-033,2024-02-16,1242,458,452,245
GUYRA-SYN-002631,jaguar,CAM-026,2024-06-22,333,968,331,283
GUYRA-SYN-002632,anteater,CAM-020,2024-05-21,1445,821,314,220
GUYRA-SYN-002633,tapir,CAM-043,2024-06-07,492,944,176,460
GUYRA-SYN-002634,puma,CAM-003,2024-02-02,1203,241,175,155
GUYRA-SYN-002635,brocket_deer,CAM-009,2024-03-24,150,578,494,270
GUYRA-SYN-002636,capybara,CAM-021,2024-10-08,1471,986,322,309
GUYRA-SYN-002637,jaguar,CAM-042,2024-11-22,1130,619,463,207
GUYRA-SYN-002638,brocket_deer,CAM-042,2024-01-12,320,800,198,276
GUYRA-SYN-002639,jaguar,CAM-004,2024-01-27,1747,516,299,195
GUYRA-SYN-002640,brocket_deer,CAM-030,2024-11-13,1605,662,330,168
GUYRA-SYN-002641,tapir,CAM-048,2024-12-14,1348,644,484,390
GUYRA-SYN-002642,capybara,CAM-012,2024-01-28,1604,336,228,312
GUYRA-SYN-002643,jaguar,CAM-032,2024-06-05,86,287,222,362
GUYRA-SYN-002644,anteater,CAM-032,2024-05-07,1476,369,313,119
GUYRA-SYN-002645,jaguar,CAM-041,2024-06-23,702,763,272,101
GUYRA-SYN-002646,jaguar,CAM-031,2024-09-07,432,302,270,448
GUYRA-SYN-002647,capybara,CAM-048,2024-12-17,560,800,370,402
GUYRA-SYN-002648,anteater,CAM-040,2024-04-14,1576,80,332,468
GUYRA-SYN-002649,anteater,CAM-036,2024-05-18,1547,934,122,245
GUYRA-SYN-002650,tapir,CAM-002,2024-07-19,1284,128,342,313
GUYRA-SYN-002651,brocket_deer,CAM-039,2024-10-08,1890,645,402,214
GUYRA-SYN-002652,brocket_deer,CAM-017,2024-05-21,1745,79,217,442
GUYRA-SYN-002653,anteater,CAM-017,2024-07-09,8,469,120,213
GUYRA-SYN-002654,brocket_deer,CAM-016,2024-07-01,880,97,138,240
GUYRA-SYN-002655,anteater,CAM-035,2024-07-01,1027,627,493,407
GUYRA-SYN-002656,capybara,CAM-004,2024-08-19,437,588,499,159
GUYRA-SYN-002657,puma,CAM-025,2024-09-24,672,362,379,435
GUYRA-SYN-002658,puma,CAM-001,2024-11-14,163,673,431,225
GUYRA-SYN-002659,brocket_deer,CAM-002,2024-02-05,1906,528,186,436
GUYRA-SYN-002660,tapir,CAM-043,2024-05-14,331,873,204,473
GUYRA-SYN-002661,puma,CAM-024,2024-02-25,1908,591,258,377
GUYRA-SYN-002662,capybara,CAM-036,2024-11-03,156,318,162,101
GUYRA-SYN-002663,puma,CAM-005,2024-05-06,232,924,272,162
GUYRA-SYN-002664,anteater,CAM-050,2024-09-15,1046,250,346,442
GUYRA-SYN-002665,anteater,CAM-018,2024-02-12,1615,188,280,190
GUYRA-SYN-002666,brocket_deer,CAM-013,2024-09-09,1485,37,417,492
GUYRA-SYN-002667,jaguar,CAM-005,2024-03-05,700,328,367,453
GUYRA-SYN-002668,anteater,CAM-013,2024-08-25,1293,719,115,274
GUYRA-SYN-002669,brocket_deer,CAM-049,2024-07-04,1653,1049,497,306
GUYRA-SYN-002670,puma,CAM-011,2024-04-20,1305,990,496,400
GUYRA-SYN-002671,capybara,CAM-045,2024-02-24,464,1012,385,494
GUYRA-SYN-002672,brocket_deer,CAM-025,2024-06-21,755,407,121,118
GUYRA-SYN-002673,brocket_deer,CAM-013,2024-01-19,727,35,440,290
GUYRA-SYN-002674,capybara,CAM-022,2024-07-24,1715,15,261,337
GUYRA-SYN-002675,jaguar,CAM-009,2024-02-20,1066,238,403,169
GUYRA-SYN-002676,brocket_deer,CAM-032,2024-09-18,1486,697,161,419
GUYRA-SYN-002677,jaguar,CAM-041,2024-06-08,639,871,250,119
GUYRA-SYN-002678,jaguar,CAM-004,2024-05-22,280,528,294,178
GUYRA-SYN-002679,tapir,CAM-022,2024-07-03,1087,745,138,355
GUYRA-SYN-002680,tapir,CAM-048,2024-05-14,46,53,245,267
GUYRA-SYN-002681,puma,CAM-046,2024-02-28,281,1075,408,406
GUYRA-SYN-002682,jaguar,CAM-024,2024-02-04,541,683,262,163
GUYRA-SYN-002683,puma,CAM-037,2024-04-19,1639,161,218,125
GUYRA-SYN-002684,tapir,CAM-020,2024-09-25,1108,163,464,381
GUYRA-SYN-002685,anteater,CAM-045,2024-09-10,1856,609,151,306
GUYRA-SYN-002686,jaguar,CAM-020,2024-07-03,1347,682,237,479
GUYRA-SYN-002687,jaguar,CAM-009,2024-02-04,1204,8,154,344
GUYRA-SYN-002688,jaguar,CAM-031,2024-06-13,1109,218,235,181
GUYRA-SYN-002689,anteater,CAM-036,2024-04-03,684,344,194,432
GUYRA-SYN-002690,anteater,CAM-045,2024-02-21,1663,34,340,211
GUYRA-SYN-002691,capybara,CAM-046,2024-03-06,1511,1043,222,308
GUYRA-SYN-002692,jaguar,CAM-044,2024-09-09,1181,384,352,380
GUYRA-SYN-002693,puma,CAM-004,2024-07-07,1255,795,198,370
GUYRA-SYN-002694,tapir,CAM-023,2024-03-13,1209,842,396,247
GUYRA-SYN-002695,tapir,CAM-016,2024-10-28,1821,255,461,315
GUYRA-SYN-002696,tapir,CAM-042,2024-10-16,2,234,307,402
GUYRA-SYN-002697,puma,CAM-048,2024-05-23,262,377,428,397
GUYRA-SYN-002698,jaguar,CAM-043,2024-04-05,1456,82,218,227
GUYRA-SYN-002699,capybara,CAM-003,2024-12-03,1400,808,168,211
GUYRA-SYN-002700,tapir,CAM-008,2024-10-01,1334,430,467,156
GUYRA-SYN-002701,capybara,CAM-001,2024-07-04,699,422,328,173
GUYRA-SYN-002702,puma,CAM-047,2024-11-26,252,755,266,310
GUYRA-SYN-002703,brocket_deer,CAM-043,2024-09-22,563,908,439,203
GUYRA-SYN-002704,capybara,CAM-010,2024-04-13,723,385,440,439
GUYRA-SYN-002705,puma,CAM-032,2024-08-09,895,100,229,101
GUYRA-SYN-002706,brocket_deer,CAM-030,2024-03-02,1600,122,483,334
GUYRA-SYN-002707,anteater,CAM-019,2024-04-14,226,588,172,245
GUYRA-SYN-002708,tapir,CAM-012,2024-07-25,28,969,490,371
GUYRA-SYN-002709,jaguar,CAM-038,2024-08-12,620,459,330,202
GUYRA-SYN-002710,capybara,CAM-018,2024-08-13,552,328,345,212
GUYRA-SYN-002711,brocket_deer,CAM-009,2024-01-25,480,995,296,212
GUYRA-SYN-002712,anteater,CAM-033,2024-11-05,224,548,469,289
GUYRA-SYN-002713,anteater,CAM-017,2024-12-04,556,1057,258,482
GUYRA-SYN-002714,brocket_deer,CAM-002,2024-02-19,1812,219,223,244
GUYRA-SYN-002715,tapir,CAM-016,2024-11-18,1752,374,421,354
GUYRA-SYN-002716,anteater,CAM-001,2024-03-01,670,859,390,274
GUYRA-SYN-002717,jaguar,CAM-031,2024-04-06,222,627,469,491
GUYRA-SYN-002718,brocket_deer,CAM-017,2024-12-26,556,408,421,305
GUYRA-SYN-002719,capybara,CAM-039,2024-10-19,730,196,294,341
GUYRA-SYN-002720,anteater,CAM-013,2024-04-11,93,688,282,341
GUYRA-SYN-002721,puma,CAM-035,2024-06-16,466,882,387,108
GUYRA-SYN-002722,capybara,CAM-005,2024-02-19,1834,280,218,310
GUYRA-SYN-002723,jaguar,CAM-014,2024-08-14,1095,148,152,448
GUYRA-SYN-002724,anteater,CAM-029,2024-12-05,452,439,211,289
GUYRA-SYN-002725,jaguar,CAM-003,2024-05-01,1880,837,161,243
GUYRA-SYN-002726,capybara,CAM-038,2024-08-07,191,697,221,413
GUYRA-SYN-002727,jaguar,CAM-006,2024-05-26,1225,493,122,343
GUYRA-SYN-002728,capybara,CAM-018,2024-09-06,1346,13,350,210
GUYRA-SYN-002729,brocket_deer,CAM-022,2024-02-03,1031,469,394,242
GUYRA-SYN-002730,jaguar,CAM-028,2024-12-12,1914,730,485,331
GUYRA-SYN-002731,anteater,CAM-045,2024-03-01,1513,199,421,392
GUYRA-SYN-002732,jaguar,CAM-043,2024-05-07,352,321,219,477
GUYRA-SYN-002733,jaguar,CAM-047,2024-03-07,1694,428,201,167
GUYRA-SYN-002734,tapir,CAM-030,2024-01-22,920,462,416,168
GUYRA-SYN-002735,jaguar,CAM-008,2024-12-24,418,750,421,487
GUYRA-SYN-002736,tapir,CAM-044,2024-07-05,1408,129,181,342
GUYRA-SYN-002737,brocket_deer,CAM-001,2024-03-12,71,358,450,315
GUYRA-SYN-002738,jaguar,CAM-006,2024-03-07,149,314,312,155
GUYRA-SYN-002739,brocket_deer,CAM-015,2024-12-27,340,545,465,366
GUYRA-SYN-002740,capybara,CAM-036,2024-11-17,1845,675,331,180
GUYRA-SYN-002741,anteater,CAM-035,2024-11-19,441,919,317,188
GUYRA-SYN-002742,anteater,CAM-029,2024-05-11,532,438,475,495
GUYRA-SYN-002743,jaguar,CAM-013,2024-07-10,769,952,146,397
GUYRA-SYN-002744,jaguar,CAM-045,2024-03-02,470,231,386,345
GUYRA-SYN-002745,brocket_deer,CAM-042,2024-10-23,1510,276,127,365
GUYRA-SYN-002746,puma,CAM-035,2024-04-26,258,492,125,360
GUYRA-SYN-002747,anteater,CAM-035,2024-02-08,1103,171,273,368
GUYRA-SYN-002748,anteater,CAM-006,2024-05-09,680,278,191,122
GUYRA-SYN-002749,brocket_deer,CAM-032,2024-04-05,1644,451,457,425
GUYRA-SYN-002750,jaguar,CAM-034,2024-03-20,905,146,316,469
GUYRA-SYN-002751,capybara,CAM-035,2024-02-24,1556,659,335,184
GUYRA-SYN-002752,capybara,CAM-018,2024-06-01,67,23,499,113
GUYRA-SYN-002753,capybara,CAM-045,2024-01-28,1658,62,142,265
GUYRA-SYN-002754,puma,CAM-049,2024-12-26,1304,166,142,452
GUYRA-SYN-002755,puma,CAM-031,2024-02-15,1604,760,129,422
GUYRA-SYN-002756,capybara,CAM-039,2024-01-24,306,723,260,294
GUYRA-SYN-002757,capybara,CAM-008,2024-09-21,593,598,233,181
GUYRA-SYN-002758,jaguar,CAM-035,2024-03-20,1368,976,247,351
GUYRA-SYN-002759,anteater,CAM-050,2024-02-05,359,591,356,418
GUYRA-SYN-002760,jaguar,CAM-021,2024-07-16,82,1038,322,339
GUYRA-SYN-002761,jaguar,CAM-003,2024-10-02,5,535,225,293
GUYRA-SYN-002762,tapir,CAM-041,2024-06-03,740,1056,240,371
GUYRA-SYN-002763,puma,CAM-026,2024-07-19,251,482,311,176
GUYRA-SYN-002764,tapir,CAM-033,2024-04-11,756,100,287,258
GUYRA-SYN-002765,puma,CAM-037,2024-07-24,85,80,420,340
GUYRA-SYN-002766,jaguar,CAM-027,2024-04-08,840,942,416,281
GUYRA-SYN-002767,jaguar,CAM-050,2024-10-25,1303,1076,194,164
GUYRA-SYN-002768,jaguar,CAM-004,2024-05-26,96,250,300,229
GUYRA-SYN-002769,anteater,CAM-008,2024-09-17,1512,10,233,420
GUYRA-SYN-002770,capybara,CAM-017,2024-11-06,1121,970,355,227
GUYRA-SYN-002771,anteater,CAM-013,2024-07-23,1564,384,370,431
GUYRA-SYN-002772,jaguar,CAM-026,2024-05-08,317,134,172,456
GUYRA-SYN-002773,brocket_deer,CAM-040,2024-11-10,1486,349,367,392
GUYRA-SYN-002774,capybara,CAM-043,2024-11-24,629,834,252,181
GUYRA-SYN-002775,jaguar,CAM-016,2024-07-25,1468,267,288,469
GUYRA-SYN-002776,capybara,CAM-034,2024-07-07,213,634,498,228
GUYRA-SYN-002777,jaguar,CAM-030,2024-01-27,799,597,423,299
GUYRA-SYN-002778,puma,CAM-023,2024-06-25,595,86,195,306
GUYRA-SYN-002779,puma,CAM-047,2024-11-12,696,382,250,198
GUYRA-SYN-002780,capybara,CAM-002,2024-11-03,962,772,257,310
GUYRA-SYN-002781,tapir,CAM-019,2024-09-19,1668,1034,111,495
GUYRA-SYN-002782,puma,CAM-047,2024-02-12,494,1025,365,191
GUYRA-SYN-002783,tapir,CAM-022,2024-12-05,953,126,444,452
GUYRA-SYN-002784,tapir,CAM-003,2024-05-22,1308,117,249,222
GUYRA-SYN-002785,puma,CAM-014,2024-04-25,1687,727,199,369
GUYRA-SYN-002786,tapir,CAM-038,2024-06-23,250,808,472,213
GUYRA-SYN-002787,puma,CAM-007,2024-02-04,1456,931,369,338
GUYRA-SYN-002788,capybara,CAM-008,2024-09-02,1242,406,223,403
GUYRA-SYN-002789,jaguar,CAM-041,2024-11-07,1008,443,168,307
GUYRA-SYN-002790,capybara,CAM-021,2024-04-02,1807,832,117,470
GUYRA-SYN-002791,jaguar,CAM-006,2024-10-25,1034,1017,488,267
GUYRA-SYN-002792,brocket_deer,CAM-007,2024-08-17,1757,833,498,382
GUYRA-SYN-002793,capybara,CAM-034,2024-01-01,1866,378,206,113
GUYRA-SYN-002794,jaguar,CAM-038,2024-02-11,1594,849,157,381
GUYRA-SYN-002795,puma,CAM-039,2024-09-01,500,772,270,341
GUYRA-SYN-002796,capybara,CAM-045,2024-08-09,1493,580,405,161
GUYRA-SYN-002797,capybara,CAM-027,2024-01-20,1392,437,300,288
GUYRA-SYN-002798,anteater,CAM-023,2024-03-02,156,637,409,136
GUYRA-SYN-002799,jaguar,CAM-034,2024-11-25,1177,587,155,376
GUYRA-SYN-002800,tapir,CAM-015,2024-04-13,1085,977,275,113
GUYRA-SYN-002801,anteater,CAM-009,2024-07-07,349,322,210,410
GUYRA-SYN-002802,anteater,CAM-033,2024-03-03,491,924,240,271
GUYRA-SYN-002803,tapir,CAM-027,2024-02-03,522,74,456,481
GUYRA-SYN-002804,capybara,CAM-019,2024-03-17,1097,834,482,121
GUYRA-SYN-002805,tapir,CAM-041,2024-01-25,1622,691,221,352
GUYRA-SYN-002806,brocket_deer,CAM-028,2024-07-26,1523,94,365,455
GUYRA-SYN-002807,jaguar,CAM-008,2024-12-05,873,36,121,198
GUYRA-SYN-002808,jaguar,CAM-034,2024-04-12,799,814,411,145
GUYRA-SYN-002809,jaguar,CAM-025,2024-03-22,933,148,264,481
GUYRA-SYN-002810,puma,CAM-007,2024-03-25,447,520,274,282
GUYRA-SYN-002811,jaguar,CAM-028,2024-09-18,375,893,392,155
GUYRA-SYN-002812,brocket_deer,CAM-041,2024-08-14,1562,292,418,207
GUYRA-SYN-002813,anteater,CAM-017,2024-05-24,82,237,223,255
GUYRA-SYN-002814,anteater,CAM-001,2024-09-15,1597,397,275,252
GUYRA-SYN-002815,puma,CAM-031,2024-11-18,1508,279,308,123
GUYRA-SYN-002816,puma,CAM-015,2024-11-12,1258,254,127,152
GUYRA-SYN-002817,capybara,CAM-024,2024-08-23,1421,36,410,124
GUYRA-SYN-002818,anteater,CAM-024,2024-10-19,1449,132,248,246
GUYRA-SYN-002819,anteater,CAM-012,2024-01-23,927,522,398,184
GUYRA-SYN-002820,brocket_deer,CAM-049,2024-10-23,1173,861,492,419
GUYRA-SYN-002821,anteater,CAM-025,2024-11-10,1700,934,145,367
GUYRA-SYN-002822,tapir,CAM-010,2024-09-26,749,786,426,391
GUYRA-SYN-002823,puma,CAM-010,2024-06-19,210,602,110,495
GUYRA-SYN-002824,anteater,CAM-020,2024-10-20,1622,398,189,197
GUYRA-SYN-002825,jaguar,CAM-012,2024-04-10,1598,289,497,320
GUYRA-SYN-002826,brocket_deer,CAM-037,2024-09-02,835,47,385,342
GUYRA-SYN-002827,puma,CAM-026,2024-11-04,936,855,115,428
GUYRA-SYN-002828,brocket_deer,CAM-012,2024-12-07,633,467,366,410
GUYRA-SYN-002829,puma,CAM-021,2024-11-22,1233,740,432,224
GUYRA-SYN-002830,anteater,CAM-009,2024-11-18,1550,35,245,101
GUYRA-SYN-002831,tapir,CAM-027,2024-11-04,291,889,274,115
GUYRA-SYN-002832,anteater,CAM-010,2024-07-19,1562,734,378,446
GUYRA-SYN-002833,puma,CAM-028,2024-11-09,191,783,393,293
GUYRA-SYN-002834,tapir,CAM-027,2024-11-03,1891,443,107,387
GUYRA-SYN-002835,brocket_deer,CAM-028,2024-02-22,1701,298,492,197
GUYRA-SYN-002836,anteater,CAM-021,2024-10-11,1891,246,228,198
GUYRA-SYN-002837,tapir,CAM-026,2024-09-05,492,636,360,239
GUYRA-SYN-002838,capybara,CAM-003,2024-01-27,336,979,485,214
GUYRA-SYN-002839,jaguar,CAM-001,2024-11-28,1052,889,407,300
GUYRA-SYN-002840,brocket_deer,CAM-005,2024-01-04,1707,792,357,203
GUYRA-SYN-002841,jaguar,CAM-006,2024-11-07,1667,685,113,124
GUYRA-SYN-002842,jaguar,CAM-025,2024-09-02,1253,571,141,250
GUYRA-SYN-002843,capybara,CAM-039,2024-02-28,1510,658,127,332
GUYRA-SYN-002844,brocket_deer,CAM-050,2024-03-28,1289,1068,200,398
GUYRA-SYN-002845,brocket_deer,CAM-042,2024-07-21,294,103,473,288
GUYRA-SYN-002846,puma,CAM-041,2024-05-09,34,1014,325,326
GUYRA-SYN-002847,anteater,CAM-019,2024-07-06,119,919,171,471
GUYRA-SYN-002848,brocket_deer,CAM-049,2024-07-22,266,280,276,109
GUYRA-SYN-002849,anteater,CAM-006,2024-12-28,1007,971,296,124
GUYRA-SYN-002850,puma,CAM-037,2024-12-20,136,539,111,303
GUYRA-SYN-002851,anteater,CAM-044,2024-09-09,137,399,201,203
GUYRA-SYN-002852,brocket_deer,CAM-015,2024-02-05,1907,643,283,466
GUYRA-SYN-002853,puma,CAM-013,2024-06-13,222,956,378,140
GUYRA-SYN-002854,brocket_deer,CAM-001,2024-04-28,1841,336,447,152
GUYRA-SYN-002855,jaguar,CAM-039,2024-03-01,777,230,212,484
GUYRA-SYN-002856,brocket_deer,CAM-016,2024-09-22,650,271,339,353
GUYRA-SYN-002857,anteater,CAM-037,2024-06-13,248,389,211,329
GUYRA-SYN-002858,jaguar,CAM-043,2024-09-10,628,541,403,125
GUYRA-SYN-002859,capybara,CAM-011,2024-10-11,97,288,302,250
GUYRA-SYN-002860,anteater,CAM-003,2024-02-14,564,583,127,221
GUYRA-SYN-002861,brocket_deer,CAM-014,2024-11-09,1703,208,303,340
GUYRA-SYN-002862,anteater,CAM-007,2024-03-15,1517,1023,441,362
GUYRA-SYN-002863,puma,CAM-012,2024-02-01,1707,330,427,147
GUYRA-SYN-002864,brocket_deer,CAM-038,2024-09-27,373,209,421,199
GUYRA-SYN-002865,tapir,CAM-034,2024-07-06,1172,696,476,351
GUYRA-SYN-002866,capybara,CAM-044,2024-10-15,478,872,218,376
GUYRA-SYN-002867,puma,CAM-008,2024-09-06,1113,652,309,114
GUYRA-SYN-002868,tapir,CAM-015,2024-10-25,920,46,352,459
GUYRA-SYN-002869,anteater,CAM-035,2024-12-21,877,824,448,160
GUYRA-SYN-002870,brocket_deer,CAM-031,2024-12-02,824,1016,220,307
GUYRA-SYN-002871,anteater,CAM-050,2024-03-28,1622,31,286,491
GUYRA-SYN-002872,jaguar,CAM-025,2024-09-05,172,350,192,214
GUYRA-SYN-002873,capybara,CAM-023,2024-06-22,326,176,301,447
GUYRA-SYN-002874,capybara,CAM-024,2024-01-25,686,916,153,451
GUYRA-SYN-002875,tapir,CAM-026,2024-10-05,1500,149,367,433
GUYRA-SYN-002876,puma,CAM-005,2024-10-05,670,814,333,486
GUYRA-SYN-002877,anteater,CAM-003,2024-09-19,1094,549,220,320
GUYRA-SYN-002878,anteater,CAM-039,2024-09-10,1604,33,181,164
GUYRA-SYN-002879,jaguar,CAM-022,2024-01-20,1416,470,439,377
GUYRA-SYN-002880,brocket_deer,CAM-047,2024-10-23,1416,513,359,249
GUYRA-SYN-002881,capybara,CAM-009,2024-05-20,691,1048,383,422
GUYRA-SYN-002882,jaguar,CAM-042,2024-02-10,710,925,420,379
GUYRA-SYN-002883,anteater,CAM-030,2024-01-23,1341,903,146,282
GUYRA-SYN-002884,puma,CAM-016,2024-09-13,916,799,344,200
GUYRA-SYN-002885,anteater,CAM-050,2024-11-06,53,925,240,294
GUYRA-SYN-002886,jaguar,CAM-040,2024-02-24,1285,944,353,412
GUYRA-SYN-002887,anteater,CAM-032,2024-07-18,307,893,358,354
GUYRA-SYN-002888,capybara,CAM-010,2024-03-11,1057,401,352,483
GUYRA-SYN-002889,jaguar,CAM-042,2024-09-11,1395,1073,100,304
GUYRA-SYN-002890,capybara,CAM-012,2024-11-21,1622,486,288,126
GUYRA-SYN-002891,capybara,CAM-018,2024-01-22,1832,738,486,299
GUYRA-SYN-002892,brocket_deer,CAM-047,2024-10-11,1404,935,391,119
GUYRA-SYN-002893,jaguar,CAM-044,2024-02-06,572,360,498,482
GUYRA-SYN-002894,tapir,CAM-024,2024-05-09,373,1072,301,335
GUYRA-SYN-002895,anteater,CAM-026,2024-04-05,722,602,195,426
GUYRA-SYN-002896,puma,CAM-041,2024-03-22,1090,551,300,213
GUYRA-SYN-002897,puma,CAM-035,2024-10-04,696,829,184,233
GUYRA-SYN-002898,jaguar,CAM-044,2024-11-11,382,691,469,347
GUYRA-SYN-002899,puma,CAM-022,2024-07-06,1178,351,306,401
GUYRA-SYN-002900,puma,CAM-045,2024-04-11,1084,757,152,214
GUYRA-SYN-002901,anteater,CAM-007,2024-09-23,801,756,287,113
GUYRA-SYN-002902,capybara,CAM-032,2024-09-09,791,664,108,412
GUYRA-SYN-002903,tapir,CAM-049,2024-08-25,1392,588,233,214
GUYRA-SYN-002904,jaguar,CAM-013,2024-05-21,1276,245,445,362
GUYRA-SYN-002905,anteater,CAM-005,2024-02-16,1226,991,184,124
GUYRA-SYN-002906,puma,CAM-034,2024-12-11,1191,483,237,119
GUYRA-SYN-002907,jaguar,CAM-024,2024-04-13,629,180,266,250
GUYRA-SYN-002908,brocket_deer,CAM-007,2024-06-27,671,414,154,210
GUYRA-SYN-002909,capybara,CAM-012,2024-06-20,1814,439,314,343
GUYRA-SYN-002910,capybara,CAM-034,2024-02-08,1635,872,329,262
GUYRA-SYN-002911,jaguar,CAM-002,2024-10-09,1733,306,456,429
GUYRA-SYN-002912,jaguar,CAM-019,2024-02-02,1589,724,190,333
GUYRA-SYN-002913,brocket_deer,CAM-040,2024-09-04,1425,1072,342,387
GUYRA-SYN-002914,jaguar,CAM-039,2024-12-27,269,978,103,239
GUYRA-SYN-002915,tapir,CAM-009,2024-04-28,1053,1078,385,492
GUYRA-SYN-002916,tapir,CAM-026,2024-03-05,1915,677,385,497
GUYRA-SYN-002917,brocket_deer,CAM-027,2024-01-11,1769,1037,312,486
GUYRA-SYN-002918,brocket_deer,CAM-035,2024-08-09,611,343,170,352
GUYRA-SYN-002919,capybara,CAM-022,2024-09-11,1517,572,377,423
GUYRA-SYN-002920,tapir,CAM-047,2024-10-14,744,649,464,414
GUYRA-SYN-002921,tapir,CAM-012,2024-09-05,623,243,142,454
GUYRA-SYN-002922,brocket_deer,CAM-022,2024-01-05,1909,12,120,121
GUYRA-SYN-002923,puma,CAM-020,2024-06-21,470,475,137,221
GUYRA-SYN-002924,puma,CAM-042,2024-02-26,667,649,135,206
GUYRA-SYN-002925,jaguar,CAM-021,2024-06-16,69,1068,204,424
GUYRA-SYN-002926,capybara,CAM-028,2024-09-24,373,205,245,255
GUYRA-SYN-002927,tapir,CAM-034,2024-09-20,784,790,400,417
GUYRA-SYN-002928,capybara,CAM-032,2024-03-16,1741,454,316,329
GUYRA-SYN-002929,capybara,CAM-029,2024-12-10,1317,846,176,482
GUYRA-SYN-002930,jaguar,CAM-009,2024-06-28,1055,343,288,247
GUYRA-SYN-002931,puma,CAM-005,2024-09-07,1649,354,462,378
GUYRA-SYN-002932,jaguar,CAM-048,2024-03-07,1712,128,164,202
GUYRA-SYN-002933,anteater,CAM-010,2024-11-01,1283,624,419,147
GUYRA-SYN-002934,jaguar,CAM-025,2024-12-01,1813,184,366,225
GUYRA-SYN-002935,brocket_deer,CAM-017,2024-08-06,417,948,276,112
GUYRA-SYN-002936,anteater,CAM-011,2024-08-13,1062,178,440,333
GUYRA-SYN-002937,puma,CAM-012,2024-06-16,950,657,233,482
GUYRA-SYN-002938,tapir,CAM-036,2024-11-09,990,277,294,179
GUYRA-SYN-002939,anteater,CAM-003,2024-06-05,1266,184,361,497
GUYRA-SYN-002940,capybara,CAM-048,2024-08-13,1842,493,473,152
GUYRA-SYN-002941,brocket_deer,CAM-004,2024-09-28,372,900,161,430
GUYRA-SYN-002942,brocket_deer,CAM-012,2024-02-15,1407,440,201,326
GUYRA-SYN-002943,capybara,CAM-047,2024-04-19,1342,381,114,266
GUYRA-SYN-002944,puma,CAM-012,2024-03-19,1160,438,479,310
GUYRA-SYN-002945,puma,CAM-007,2024-12-14,1637,669,436,399
GUYRA-SYN-002946,jaguar,CAM-041,2024-05-08,1132,294,221,185
GUYRA-SYN-002947,tapir,CAM-042,2024-06-23,500,416,263,384
GUYRA-SYN-002948,tapir,CAM-018,2024-07-04,1001,948,477,480
GUYRA-SYN-002949,brocket_deer,CAM-015,2024-03-26,805,593,226,110
GUYRA-SYN-002950,anteater,CAM-022,2024-05-28,519,1020,412,466
GUYRA-SYN-002951,capybara,CAM-008,2024-03-15,1236,898,101,195
GUYRA-SYN-002952,anteater,CAM-012,2024-08-03,331,113,269,226
GUYRA-SYN-002953,capybara,CAM-039,2024-08-25,1079,1019,468,157
GUYRA-SYN-002954,puma,CAM-032,2024-12-27,669,283,396,385
GUYRA-SYN-002955,anteater,CAM-016,2024-03-05,57,201,168,286
GUYRA-SYN-002956,brocket_deer,CAM-047,2024-12-28,111,385,188,119
GUYRA-SYN-002957,jaguar,CAM-017,2024-09-16,1242,953,365,357
GUYRA-SYN-002958,anteater,CAM-037,2024-08-12,1400,431,454,478
GUYRA-SYN-002959,capybara,CAM-046,2024-06-22,1053,731,194,221
GUYRA-SYN-002960,capybara,CAM-035,2024-07-02,1635,82,203,108
GUYRA-SYN-002961,tapir,CAM-020,2024-04-13,1321,167,393,393
GUYRA-SYN-002962,tapir,CAM-008,2024-08-03,710,333,207,472
GUYRA-SYN-002963,anteater,CAM-006,2024-01-25,305,342,498,473
GUYRA-SYN-002964,anteater,CAM-048,2024-06-22,49,189,255,201
GUYRA-SYN-002965,brocket_deer,CAM-018,2024-11-28,1505,1047,198,129
GUYRA-SYN-002966,anteater,CAM-013,2024-01-19,851,962,142,207
GUYRA-SYN-002967,capybara,CAM-038,2024-08-03,1246,235,174,303
GUYRA-SYN-002968,jaguar,CAM-041,2024-03-24,310,236,206,180
GUYRA-SYN-002969,jaguar,CAM-044,2024-12-15,839,955,485,438
GUYRA-SYN-002970,puma,CAM-004,2024-02-20,1579,182,159,157
GUYRA-SYN-002971,brocket_deer,CAM-026,2024-02-05,1870,370,121,161
GUYRA-SYN-002972,anteater,CAM-047,2024-01-15,278,702,438,480
GUYRA-SYN-002973,anteater,CAM-049,2024-08-08,405,438,118,250
GUYRA-SYN-002974,anteater,CAM-013,2024-07-13,690,426,374,106
GUYRA-SYN-002975,capybara,CAM-012,2024-08-21,1795,617,497,366
GUYRA-SYN-002976,jaguar,CAM-010,2024-05-06,205,184,245,111
GUYRA-SYN-002977,anteater,CAM-044,2024-07-21,1074,287,272,104
GUYRA-SYN-002978,anteater,CAM-043,2024-06-05,307,587,292,165
GUYRA-SYN-002979,jaguar,CAM-038,2024-04-23,1734,751,279,469
GUYRA-SYN-002980,brocket_deer,CAM-005,2024-12-24,1341,2,209,466
GUYRA-SYN-002981,capybara,CAM-037,2024-10-12,262,1016,108,497
GUYRA-SYN-002982,jaguar,CAM-015,2024-08-04,290,564,197,317
GUYRA-SYN-002983,tapir,CAM-036,2024-06-18,750,793,257,490
GUYRA-SYN-002984,puma,CAM-014,2024-01-09,153,319,113,172
GUYRA-SYN-002985,brocket_deer,CAM-004,2024-07-04,741,331,345,218
GUYRA-SYN-002986,anteater,CAM-032,2024-05-02,340,125,326,468
GUYRA-SYN-002987,capybara,CAM-006,2024-07-14,1765,45,311,216
GUYRA-SYN-002988,puma,CAM-009,2024-05-17,1331,219,275,263
GUYRA-SYN-002989,tapir,CAM-011,2024-11-21,1314,15,213,459
GUYRA-SYN-002990,capybara,CAM-019,2024-01-08,120,255,108,415
GUYRA-SYN-002991,tapir,CAM-026,2024-08-19,1872,924,288,316
GUYRA-SYN-002992,tapir,CAM-040,2024-02-12,906,712,290,245
GUYRA-SYN-002993,brocket_deer,CAM-012,2024-04-09,982,217,170,228
GUYRA-SYN-002994,brocket_deer,CAM-028,2024-01-04,90,121,493,160
GUYRA-SYN-002995,anteater,CAM-008,2024-01-07,54,844,383,217
GUYRA-SYN-002996,jaguar,CAM-029,2024-07-09,1563,184,350,182
GUYRA-SYN-002997,brocket_deer,CAM-034,2024-01-18,26,1058,149,472
GUYRA-SYN-002998,capybara,CAM-024,2024-08-04,303,62,468,155
GUYRA-SYN-002999,tapir,CAM-046,2024-01-15,172,400,360,121
GUYRA-SYN-003000,brocket_deer,CAM-029,2024-02-08,110,946,464,217
GUYRA-SYN-003001,tapir,CAM-006,2024-01-27,1782,589,284,371
GUYRA-SYN-003002,tapir,CAM-032,2024-05-07,1640,820,189,158
GUYRA-SYN-003003,capybara,CAM-013,2024-01-01,1157,891,193,278
GUYRA-SYN-003004,anteater,CAM-034,2024-11-12,915,872,460,319
GUYRA-SYN-003005,anteater,CAM-017,2024-08-01,418,246,387,102
GUYRA-SYN-003006,tapir,CAM-013,2024-11-26,1786,410,410,306
GUYRA-SYN-003007,puma,CAM-029,2024-05-27,895,806,323,176
GUYRA-SYN-003008,jaguar,CAM-023,2024-10-03,1074,492,170,458
GUYRA-SYN-003009,brocket_deer,CAM-002,2024-01-02,544,825,312,317
GUYRA-SYN-003010,jaguar,CAM-020,2024-06-21,1206,51,486,134
GUYRA-SYN-003011,jaguar,CAM-004,2024-08-19,994,957,163,229
GUYRA-SYN-003012,jaguar,CAM-002,2024-12-21,537,483,378,493
GUYRA-SYN-003013,anteater,CAM-005,2024-12-19,1550,552,393,101
GUYRA-SYN-003014,tapir,CAM-016,2024-11-23,134,648,188,121
GUYRA-SYN-003015,tapir,CAM-040,2024-10-17,77,609,431,406
GUYRA-SYN-003016,brocket_deer,CAM-026,2024-10-17,1009,458,431,133
GUYRA-SYN-003017,puma,CAM-030,2024-10-15,1403,246,312,295
GUYRA-SYN-003018,anteater,CAM-036,2024-12-10,209,841,295,150
GUYRA-SYN-003019,puma,CAM-014,2024-08-10,100,993,345,392
GUYRA-SYN-003020,tapir,CAM-016,2024-04-27,356,660,323,193
GUYRA-SYN-003021,puma,CAM-048,2024-12-17,1371,592,398,391
GUYRA-SYN-003022,jaguar,CAM-040,2024-08-26,30,137,464,235
GUYRA-SYN-003023,puma,CAM-028,2024-11-05,53,438,339,126
GUYRA-SYN-003024,anteater,CAM-030,2024-09-28,351,216,145,310
GUYRA-SYN-003025,jaguar,CAM-011,2024-11-22,1350,56,422,438
GUYRA-SYN-003026,capybara,CAM-017,2024-02-28,1906,171,220,289
GUYRA-SYN-003027,capybara,CAM-045,2024-10-19,1050,1033,499,399
GUYRA-SYN-003028,brocket_deer,CAM-010,2024-02-03,910,45,474,375
GUYRA-SYN-003029,anteater,CAM-041,2024-10-10,1900,1040,115,136
GUYRA-SYN-003030,anteater,CAM-026,2024-05-10,1095,283,182,488
GUYRA-SYN-003031,jaguar,CAM-029,2024-06-17,1050,477,392,325
GUYRA-SYN-003032,anteater,CAM-024,2024-08-01,1104,353,131,113
GUYRA-SYN-003033,tapir,CAM-035,2024-01-14,971,655,342,441
GUYRA-SYN-003034,jaguar,CAM-012,2024-04-13,1153,174,253,404
GUYRA-SYN-003035,brocket_deer,CAM-006,2024-11-22,172,323,361,355
GUYRA-SYN-003036,capybara,CAM-038,2024-05-26,338,867,386,358
GUYRA-SYN-003037,puma,CAM-030,2024-12-25,803,977,440,425
GUYRA-SYN-003038,jaguar,CAM-018,2024-01-19,726,469,465,160
GUYRA-SYN-003039,tapir,CAM-006,2024-10-14,230,726,318,122
GUYRA-SYN-003040,brocket_deer,CAM-036,2024-11-08,362,998,245,445
GUYRA-SYN-003041,capybara,CAM-036,2024-09-08,682,772,281,154
GUYRA-SYN-003042,brocket_deer,CAM-038,2024-11-22,1313,815,193,249
GUYRA-SYN-003043,capybara,CAM-003,2024-10-14,1437,579,412,292
GUYRA-SYN-003044,brocket_deer,CAM-035,2024-04-24,542,879,113,236
GUYRA-SYN-003045,brocket_deer,CAM-033,2024-05-05,132,909,105,178
GUYRA-SYN-003046,anteater,CAM-022,2024-02-13,291,327,282,396
GUYRA-SYN-003047,puma,CAM-041,2024-07-09,1111,256,100,357
GUYRA-SYN-003048,anteater,CAM-050,2024-04-09,1094,819,372,456
GUYRA-SYN-003049,anteater,CAM-015,2024-10-02,1802,892,170,232
GUYRA-SYN-003050,brocket_deer,CAM-031,2024-03-25,1079,911,408,394
GUYRA-SYN-003051,jaguar,CAM-028,2024-01-20,1706,129,145,253
GUYRA-SYN-003052,jaguar,CAM-014,2024-02-19,1835,508,283,438
GUYRA-SYN-003053,anteater,CAM-041,2024-03-27,1788,418,465,308
GUYRA-SYN-003054,jaguar,CAM-015,2024-04-16,1473,834,100,274
GUYRA-SYN-003055,puma,CAM-016,2024-01-09,657,1046,148,305
GUYRA-SYN-003056,tapir,CAM-050,2024-12-01,1863,339,284,242
GUYRA-SYN-003057,tapir,CAM-032,2024-03-09,255,199,319,262
GUYRA-SYN-003058,capybara,CAM-003,2024-04-23,592,560,114,390
GUYRA-SYN-003059,brocket_deer,CAM-026,2024-02-16,1547,991,482,133
GUYRA-SYN-003060,anteater,CAM-009,2024-12-09,1217,85,379,377
GUYRA-SYN-003061,capybara,CAM-001,2024-07-15,1706,297,149,239
GUYRA-SYN-003062,jaguar,CAM-029,2024-05-14,1058,214,215,267
GUYRA-SYN-003063,anteater,CAM-012,2024-07-21,771,542,379,316
GUYRA-SYN-003064,anteater,CAM-043,2024-09-20,1648,509,457,397
GUYRA-SYN-003065,brocket_deer,CAM-045,2024-10-18,901,638,359,295
GUYRA-SYN-003066,anteater,CAM-020,2024-12-28,184,670,274,401
GUYRA-SYN-003067,tapir,CAM-021,2024-11-02,226,254,414,169
GUYRA-SYN-003068,capybara,CAM-039,2024-11-06,119,978,284,226
GUYRA-SYN-003069,capybara,CAM-025,2024-12-02,719,232,136,342
GUYRA-SYN-003070,jaguar,CAM-028,2024-11-24,126,465,405,375
GUYRA-SYN-003071,anteater,CAM-026,2024-04-14,643,509,310,463
GUYRA-SYN-003072,capybara,CAM-009,2024-02-17,1186,532,267,290
GUYRA-SYN-003073,anteater,CAM-004,2024-07-16,15,100,112,404
GUYRA-SYN-003074,capybara,CAM-042,2024-10-10,1652,278,252,371
GUYRA-SYN-003075,anteater,CAM-017,2024-03-02,600,770,292,449
GUYRA-SYN-003076,tapir,CAM-048,2024-09-20,890,883,354,310
GUYRA-SYN-003077,jaguar,CAM-021,2024-07-09,331,29,259,261
GUYRA-SYN-003078,brocket_deer,CAM-024,2024-08-25,907,696,375,114
GUYRA-SYN-003079,anteater,CAM-029,2024-05-25,653,452,198,500
GUYRA-SYN-003080,anteater,CAM-039,2024-01-14,267,496,500,289
GUYRA-SYN-003081,tapir,CAM-026,2024-07-26,267,377,494,314
GUYRA-SYN-003082,tapir,CAM-045,2024-05-02,222,812,423,271
GUYRA-SYN-003083,anteater,CAM-039,2024-06-08,1895,109,104,455
GUYRA-SYN-003084,capybara,CAM-028,2024-03-28,382,242,189,177
GUYRA-SYN-003085,tapir,CAM-012,2024-08-14,1805,979,455,436
GUYRA-SYN-003086,brocket_deer,CAM-020,2024-07-05,1564,647,413,134
GUYRA-SYN-003087,brocket_deer,CAM-002,2024-02-03,362,575,463,151
GUYRA-SYN-003088,jaguar,CAM-024,2024-09-27,514,1058,427,298
GUYRA-SYN-003089,jaguar,CAM-001,2024-09-01,221,971,401,364
GUYRA-SYN-003090,brocket_deer,CAM-031,2024-12-16,1144,261,200,140
GUYRA-SYN-003091,puma,CAM-037,2024-10-12,909,27,239,328
GUYRA-SYN-003092,puma,CAM-046,2024-07-26,538,336,426,317
GUYRA-SYN-003093,jaguar,CAM-010,2024-12-04,1883,337,127,204
GUYRA-SYN-003094,anteater,CAM-017,2024-04-24,1555,980,275,216
GUYRA-SYN-003095,brocket_deer,CAM-023,2024-12-19,1494,790,485,372
GUYRA-SYN-003096,jaguar,CAM-030,2024-09-12,1677,345,288,235
GUYRA-SYN-003097,anteater,CAM-012,2024-05-05,252,476,357,266
GUYRA-SYN-003098,tapir,CAM-024,2024-05-02,64,879,230,256
GUYRA-SYN-003099,capybara,CAM-024,2024-05-21,956,693,478,174
GUYRA-SYN-003100,puma,CAM-005,2024-02-05,396,315,465,329
GUYRA-SYN-003101,tapir,CAM-050,2024-09-20,1567,1006,449,417
GUYRA-SYN-003102,capybara,CAM-006,2024-08-15,1845,815,491,205
GUYRA-SYN-003103,puma,CAM-043,2024-05-21,1313,340,350,186
GUYRA-SYN-003104,jaguar,CAM-013,2024-09-18,777,347,137,343
GUYRA-SYN-003105,tapir,CAM-046,2024-01-21,1111,124,134,410
GUYRA-SYN-003106,brocket_deer,CAM-016,2024-01-09,673,398,116,297
GUYRA-SYN-003107,anteater,CAM-015,2024-06-24,1116,1030,174,236
GUYRA-SYN-003108,anteater,CAM-015,2024-06-28,470,625,106,118
GUYRA-SYN-003109,capybara,CAM-041,2024-12-04,1054,141,466,302
GUYRA-SYN-003110,brocket_deer,CAM-031,2024-09-10,1053,137,317,276
GUYRA-SYN-003111,puma,CAM-018,2024-05-09,1877,736,233,234
GUYRA-SYN-003112,brocket_deer,CAM-004,2024-09-07,1678,740,452,133
GUYRA-SYN-003113,brocket_deer,CAM-039,2024-10-07,922,219,107,428
GUYRA-SYN-003114,capybara,CAM-042,2024-12-22,656,493,429,405
GUYRA-SYN-003115,jaguar,CAM-010,2024-09-15,1028,1049,438,230
GUYRA-SYN-003116,anteater,CAM-048,2024-07-26,1274,871,400,370
GUYRA-SYN-003117,anteater,CAM-050,2024-03-25,1414,124,256,261
GUYRA-SYN-003118,brocket_deer,CAM-038,2024-12-05,1715,981,153,240
GUYRA-SYN-003119,brocket_deer,CAM-044,2024-03-09,771,476,118,145
GUYRA-SYN-003120,capybara,CAM-039,2024-09-24,780,517,189,237
GUYRA-SYN-003121,puma,CAM-014,2024-09-21,463,920,183,366
GUYRA-SYN-003122,puma,CAM-016,2024-10-26,211,309,157,430
GUYRA-SYN-003123,capybara,CAM-036,2024-08-01,802,321,390,207
GUYRA-SYN-003124,puma,CAM-034,2024-09-02,1457,434,185,174
GUYRA-SYN-003125,jaguar,CAM-003,2024-02-01,379,471,189,101
GUYRA-SYN-003126,jaguar,CAM-005,2024-12-17,790,944,322,294
GUYRA-SYN-003127,jaguar,CAM-003,2024-01-17,1722,984,466,297
GUYRA-SYN-003128,jaguar,CAM-001,2024-09-03,1674,605,196,290
GUYRA-SYN-003129,brocket_deer,CAM-006,2024-05-02,1878,481,383,248
GUYRA-SYN-003130,tapir,CAM-042,2024-04-21,174,1045,486,124
GUYRA-SYN-003131,brocket_deer,CAM-018,2024-07-26,1538,283,199,261
GUYRA-SYN-003132,tapir,CAM-027,2024-10-11,1704,200,117,101
GUYRA-SYN-003133,puma,CAM-047,2024-01-15,1710,827,193,101
GUYRA-SYN-003134,tapir,CAM-018,2024-06-24,1204,776,324,138
GUYRA-SYN-003135,tapir,CAM-002,2024-12-02,892,886,442,299
GUYRA-SYN-003136,brocket_deer,CAM-018,2024-02-03,26,804,289,253
GUYRA-SYN-003137,jaguar,CAM-046,2024-02-23,1721,460,244,100
GUYRA-SYN-003138,brocket_deer,CAM-035,2024-06-04,816,550,495,416
GUYRA-SYN-003139,brocket_deer,CAM-003,2024-09-20,30,752,495,387
GUYRA-SYN-003140,puma,CAM-028,2024-07-18,414,602,383,172
GUYRA-SYN-003141,brocket_deer,CAM-035,2024-12-19,1156,829,181,298
GUYRA-SYN-003142,anteater,CAM-030,2024-01-17,479,887,385,384
GUYRA-SYN-003143,anteater,CAM-041,2024-10-04,967,993,500,414
GUYRA-SYN-003144,jaguar,CAM-024,2024-01-12,1644,878,192,285
GUYRA-SYN-003145,brocket_deer,CAM-005,2024-10-15,1836,772,111,454
GUYRA-SYN-003146,anteater,CAM-016,2024-03-01,178,271,320,459
GUYRA-SYN-003147,tapir,CAM-030,2024-11-17,1182,382,294,107
GUYRA-SYN-003148,tapir,CAM-006,2024-09-28,11,754,171,137
GUYRA-SYN-003149,brocket_deer,CAM-024,2024-06-17,643,241,335,349
GUYRA-SYN-003150,brocket_deer,CAM-019,2024-12-03,1374,282,349,251
GUYRA-SYN-003151,brocket_deer,CAM-039,2024-03-26,152,197,377,444
GUYRA-SYN-003152,capybara,CAM-036,2024-03-09,188,824,170,323
GUYRA-SYN-003153,tapir,CAM-012,2024-03-05,1235,977,271,362
GUYRA-SYN-003154,anteater,CAM-005,2024-08-02,1661,541,469,474
GUYRA-SYN-003155,tapir,CAM-018,2024-03-04,1686,709,448,250
GUYRA-SYN-003156,tapir,CAM-032,2024-01-11,891,1035,164,101
GUYRA-SYN-003157,anteater,CAM-010,2024-03-28,1781,751,354,100
GUYRA-SYN-003158,capybara,CAM-037,2024-01-24,101,129,423,304
GUYRA-SYN-003159,puma,CAM-046,2024-06-14,563,108,335,187
GUYRA-SYN-003160,puma,CAM-009,2024-05-28,1770,962,190,357
GUYRA-SYN-003161,puma,CAM-036,2024-10-11,1817,573,102,129
GUYRA-SYN-003162,jaguar,CAM-032,2024-09-21,1868,1058,193,182
GUYRA-SYN-003163,capybara,CAM-017,2024-12-15,492,184,169,314
GUYRA-SYN-003164,jaguar,CAM-025,2024-09-26,1581,764,103,346
GUYRA-SYN-003165,jaguar,CAM-004,2024-06-18,1313,120,146,159
GUYRA-SYN-003166,anteater,CAM-024,2024-01-20,364,949,155,436
GUYRA-SYN-003167,jaguar,CAM-021,2024-03-14,165,89,480,285
GUYRA-SYN-003168,puma,CAM-029,2024-01-27,1166,278,202,122
GUYRA-SYN-003169,jaguar,CAM-030,2024-02-26,881,642,448,107
GUYRA-SYN-003170,jaguar,CAM-031,2024-05-23,1699,177,358,393
GUYRA-SYN-003171,tapir,CAM-036,2024-12-11,1431,600,216,430
GUYRA-SYN-003172,puma,CAM-037,2024-09-15,846,436,311,276
GUYRA-SYN-003173,puma,CAM-039,2024-05-09,967,236,311,475
GUYRA-SYN-003174,jaguar,CAM-040,2024-12-17,1895,289,342,203
GUYRA-SYN-003175,tapir,CAM-035,2024-02-07,1846,144,118,232
GUYRA-SYN-003176,tapir,CAM-003,2024-03-12,1586,825,213,450
GUYRA-SYN-003177,puma,CAM-005,2024-08-10,436,737,324,231
GUYRA-SYN-003178,anteater,CAM-049,2024-04-11,1784,310,315,371
GUYRA-SYN-003179,jaguar,CAM-026,2024-05-18,891,79,481,319
GUYRA-SYN-003180,brocket_deer,CAM-013,2024-10-18,448,514,253,377
GUYRA-SYN-003181,anteater,CAM-013,2024-09-10,362,651,216,295
GUYRA-SYN-003182,capybara,CAM-020,2024-07-05,1106,97,269,271
GUYRA-SYN-003183,jaguar,CAM-029,2024-08-09,1443,102,301,284
GUYRA-SYN-003184,brocket_deer,CAM-040,2024-06-12,163,745,303,181
GUYRA-SYN-003185,puma,CAM-037,2024-03-24,1688,19,404,117
GUYRA-SYN-003186,anteater,CAM-022,2024-06-04,87,1010,422,458
GUYRA-SYN-003187,tapir,CAM-047,2024-01-22,1228,208,219,151
GUYRA-SYN-003188,jaguar,CAM-007,2024-08-25,1039,794,148,407
GUYRA-SYN-003189,capybara,CAM-002,2024-03-11,1649,604,460,327
GUYRA-SYN-003190,capybara,CAM-025,2024-01-22,1439,362,186,424
GUYRA-SYN-003191,jaguar,CAM-026,2024-12-20,759,478,261,237
GUYRA-SYN-003192,capybara,CAM-006,2024-11-06,1,169,441,169
GUYRA-SYN-003193,puma,CAM-029,2024-06-26,1625,731,130,105
GUYRA-SYN-003194,puma,CAM-027,2024-12-02,161,654,156,272
GUYRA-SYN-003195,puma,CAM-047,2024-03-12,1634,531,325,424
GUYRA-SYN-003196,anteater,CAM-022,2024-01-15,578,89,352,151
GUYRA-SYN-003197,brocket_deer,CAM-046,2024-04-28,264,949,404,381
GUYRA-SYN-003198,jaguar,CAM-023,2024-12-24,1208,749,429,114
GUYRA-SYN-003199,puma,CAM-043,2024-02-02,19,804,247,446
GUYRA-SYN-003200,anteater,CAM-014,2024-05-25,1477,24,204,453
GUYRA-SYN-003201,anteater,CAM-008,2024-01-09,713,258,116,209
GUYRA-SYN-003202,brocket_deer,CAM-003,2024-09-20,1430,582,132,136
GUYRA-SYN-003203,anteater,CAM-020,2024-11-20,1863,192,213,434
GUYRA-SYN-003204,tapir,CAM-040,2024-10-06,1117,735,277,489
GUYRA-SYN-003205,puma,CAM-024,2024-11-19,697,300,123,285
GUYRA-SYN-003206,brocket_deer,CAM-005,2024-01-02,834,997,391,395
GUYRA-SYN-003207,jaguar,CAM-042,2024-01-13,1169,877,380,130
GUYRA-SYN-003208,jaguar,CAM-035,2024-07-23,899,977,234,122
GUYRA-SYN-003209,capybara,CAM-016,2024-08-17,546,256,466,211
GUYRA-SYN-003210,capybara,CAM-013,2024-10-28,591,628,397,457
GUYRA-SYN-003211,tapir,CAM-015,2024-01-01,804,1005,334,293
GUYRA-SYN-003212,puma,CAM-022,2024-06-01,446,329,424,278
GUYRA-SYN-003213,jaguar,CAM-005,2024-08-07,777,641,230,166
GUYRA-SYN-003214,brocket_deer,CAM-012,2024-05-04,940,521,194,398
GUYRA-SYN-003215,jaguar,CAM-041,2024-03-22,1172,306,212,213
GUYRA-SYN-003216,tapir,CAM-022,2024-02-03,31,65,392,120
GUYRA-SYN-003217,capybara,CAM-027,2024-11-02,729,500,102,426
GUYRA-SYN-003218,anteater,CAM-036,2024-07-17,518,497,107,177
GUYRA-SYN-003219,jaguar,CAM-006,2024-07-13,909,450,169,415
GUYRA-SYN-003220,jaguar,CAM-019,2024-11-11,1891,934,271,486
GUYRA-SYN-003221,anteater,CAM-036,2024-09-15,662,381,144,187
GUYRA-SYN-003222,anteater,CAM-048,2024-10-25,867,638,185,302
GUYRA-SYN-003223,jaguar,CAM-015,2024-04-14,1374,366,104,455
GUYRA-SYN-003224,puma,CAM-030,2024-06-12,1066,382,139,230
GUYRA-SYN-003225,brocket_deer,CAM-030,2024-01-23,1220,258,100,327
GUYRA-SYN-003226,jaguar,CAM-006,2024-06-27,331,462,465,484
GUYRA-SYN-003227,anteater,CAM-001,2024-03-07,883,344,150,431
GUYRA-SYN-003228,anteater,CAM-047,2024-11-06,138,722,368,163
GUYRA-SYN-003229,anteater,CAM-037,2024-08-24,8,749,389,148
GUYRA-SYN-003230,brocket_deer,CAM-007,2024-02-17,894,433,374,290
GUYRA-SYN-003231,tapir,CAM-036,2024-09-03,1495,640,391,483
GUYRA-SYN-003232,brocket_deer,CAM-045,2024-08-06,1441,192,295,384
GUYRA-SYN-003233,anteater,CAM-003,2024-12-02,1536,695,221,345
GUYRA-SYN-003234,anteater,CAM-049,2024-12-20,1757,442,134,380
GUYRA-SYN-003235,brocket_deer,CAM-039,2024-03-17,1860,982,188,360
GUYRA-SYN-003236,tapir,CAM-022,2024-05-28,109,196,363,170
GUYRA-SYN-003237,puma,CAM-047,2024-08-06,2,110,190,382
GUYRA-SYN-003238,puma,CAM-040,2024-05-18,261,468,169,439
GUYRA-SYN-003239,puma,CAM-004,2024-05-03,568,570,349,242
GUYRA-SYN-003240,capybara,CAM-014,2024-12-05,1893,1074,482,156
GUYRA-SYN-003241,jaguar,CAM-027,2024-06-19,1233,401,458,105
GUYRA-SYN-003242,capybara,CAM-009,2024-12-21,1504,26,165,118
GUYRA-SYN-003243,capybara,CAM-014,2024-01-09,1919,305,212,167
GUYRA-SYN-003244,puma,CAM-046,2024-08-16,735,260,456,152
GUYRA-SYN-003245,puma,CAM-024,2024-12-07,84,267,357,147
GUYRA-SYN-003246,brocket_deer,CAM-022,2024-01-14,519,810,200,101
GUYRA-SYN-003247,capybara,CAM-004,2024-06-23,1624,472,325,333
GUYRA-SYN-003248,brocket_deer,CAM-023,2024-07-19,196,459,167,493
GUYRA-SYN-003249,jaguar,CAM-044,2024-01-21,331,183,312,449
GUYRA-SYN-003250,capybara,CAM-048,2024-02-16,611,774,411,120
GUYRA-SYN-003251,puma,CAM-038,2024-12-17,446,244,114,234
GUYRA-SYN-003252,puma,CAM-048,2024-09-27,565,136,417,298
GUYRA-SYN-003253,brocket_deer,CAM-011,2024-03-19,166,415,160,314
GUYRA-SYN-003254,brocket_deer,CAM-001,2024-09-02,751,831,385,288
GUYRA-SYN-003255,brocket_deer,CAM-026,2024-08-25,1796,83,296,219
GUYRA-SYN-003256,capybara,CAM-026,2024-03-03,1168,1048,301,285
GUYRA-SYN-003257,tapir,CAM-004,2024-05-19,587,521,253,435
GUYRA-SYN-003258,jaguar,CAM-029,2024-07-13,402,627,409,494
GUYRA-SYN-003259,puma,CAM-046,2024-04-19,853,704,104,254
GUYRA-SYN-003260,capybara,CAM-039,2024-07-06,929,388,166,186
GUYRA-SYN-003261,brocket_deer,CAM-009,2024-07-27,240,181,251,175
GUYRA-SYN-003262,tapir,CAM-014,2024-07-22,281,703,435,384
GUYRA-SYN-003263,capybara,CAM-021,2024-05-22,309,207,447,363
GUYRA-SYN-003264,anteater,CAM-041,2024-01-18,1505,1009,404,451
GUYRA-SYN-003265,anteater,CAM-007,2024-12-20,1905,834,175,427
GUYRA-SYN-003266,puma,CAM-047,2024-05-27,1456,173,436,407
GUYRA-SYN-003267,anteater,CAM-044,2024-07-09,451,411,386,273
GUYRA-SYN-003268,puma,CAM-009,2024-12-10,943,382,287,441
GUYRA-SYN-003269,jaguar,CAM-024,2024-09-08,460,502,233,203
GUYRA-SYN-003270,jaguar,CAM-045,2024-04-03,161,749,442,370
GUYRA-SYN-003271,brocket_deer,CAM-026,2024-01-12,1472,546,289,339
GUYRA-SYN-003272,capybara,CAM-025,2024-12-19,1382,550,355,269
GUYRA-SYN-003273,brocket_deer,CAM-026,2024-10-23,1832,549,469,495
GUYRA-SYN-003274,capybara,CAM-022,2024-04-12,491,894,289,388
GUYRA-SYN-003275,brocket_deer,CAM-018,2024-07-13,1907,1029,295,132
GUYRA-SYN-003276,brocket_deer,CAM-014,2024-05-05,161,362,275,246
GUYRA-SYN-003277,tapir,CAM-002,2024-09-23,1860,16,393,270
GUYRA-SYN-003278,anteater,CAM-020,2024-09-03,1668,699,194,489
GUYRA-SYN-003279,brocket_deer,CAM-039,2024-03-11,1610,760,394,295
GUYRA-SYN-003280,brocket_deer,CAM-020,2024-08-06,231,490,106,332
GUYRA-SYN-003281,tapir,CAM-009,2024-04-12,1591,243,236,192
GUYRA-SYN-003282,brocket_deer,CAM-008,2024-05-02,1367,542,433,378
GUYRA-SYN-003283,anteater,CAM-013,2024-04-26,1837,322,312,159
GUYRA-SYN-003284,tapir,CAM-050,2024-06-10,437,114,331,390
GUYRA-SYN-003285,brocket_deer,CAM-015,2024-11-25,937,462,153,448
GUYRA-SYN-003286,jaguar,CAM-002,2024-09-21,1405,249,353,371
GUYRA-SYN-003287,tapir,CAM-011,2024-03-04,162,754,473,381
GUYRA-SYN-003288,brocket_deer,CAM-006,2024-09-09,651,320,207,285
GUYRA-SYN-003289,capybara,CAM-018,2024-12-06,886,1035,335,232
GUYRA-SYN-003290,tapir,CAM-044,2024-11-22,1020,99,157,354
GUYRA-SYN-003291,puma,CAM-042,2024-03-28,1327,51,454,370
GUYRA-SYN-003292,brocket_deer,CAM-022,2024-12-27,302,455,327,336
GUYRA-SYN-003293,brocket_deer,CAM-009,2024-10-14,819,663,308,196
GUYRA-SYN-003294,puma,CAM-030,2024-01-04,570,126,430,123
GUYRA-SYN-003295,capybara,CAM-045,2024-06-27,312,899,374,132
GUYRA-SYN-003296,jaguar,CAM-024,2024-06-21,1063,93,118,112
GUYRA-SYN-003297,puma,CAM-031,2024-11-06,1493,262,133,258
GUYRA-SYN-003298,puma,CAM-021,2024-08-22,1734,399,161,317
GUYRA-SYN-003299,jaguar,CAM-039,2024-05-08,1174,252,493,211
GUYRA-SYN-003300,brocket_deer,CAM-034,2024-11-23,177,1012,184,117
GUYRA-SYN-003301,puma,CAM-008,2024-04-13,1274,708,279,463
GUYRA-SYN-003302,puma,CAM-034,2024-07-06,1856,54,407,430
GUYRA-SYN-003303,puma,CAM-037,2024-12-21,1752,992,226,276
GUYRA-SYN-003304,puma,CAM-047,2024-06-20,721,436,220,175
GUYRA-SYN-003305,puma,CAM-010,2024-11-23,1578,906,216,458
GUYRA-SYN-003306,anteater,CAM-013,2024-09-20,1245,356,100,247
GUYRA-SYN-003307,tapir,CAM-031,2024-12-23,1696,454,500,281
GUYRA-SYN-003308,puma,CAM-009,2024-04-14,874,178,359,279
GUYRA-SYN-003309,jaguar,CAM-031,2024-07-03,1858,100,382,335
GUYRA-SYN-003310,jaguar,CAM-033,2024-03-13,1243,1019,161,491
GUYRA-SYN-003311,anteater,CAM-011,2024-04-13,79,202,107,351
GUYRA-SYN-003312,jaguar,CAM-010,2024-07-04,725,455,385,447
GUYRA-SYN-003313,anteater,CAM-041,2024-03-23,183,1009,441,422
GUYRA-SYN-003314,brocket_deer,CAM-046,2024-05-18,1760,528,499,306
GUYRA-SYN-003315,brocket_deer,CAM-013,2024-06-15,1543,537,167,174
GUYRA-SYN-003316,puma,CAM-014,2024-12-05,290,330,464,360
GUYRA-SYN-003317,jaguar,CAM-041,2024-02-25,1244,598,229,178
GUYRA-SYN-003318,tapir,CAM-036,2024-11-28,1516,315,467,440
GUYRA-SYN-003319,capybara,CAM-041,2024-03-06,1503,724,307,129
GUYRA-SYN-003320,brocket_deer,CAM-012,2024-10-11,432,761,435,125
GUYRA-SYN-003321,brocket_deer,CAM-016,2024-11-26,1478,980,225,134
GUYRA-SYN-003322,capybara,CAM-008,2024-09-02,556,812,450,351
GUYRA-SYN-003323,tapir,CAM-007,2024-04-01,994,645,217,386
GUYRA-SYN-003324,tapir,CAM-050,2024-02-21,1150,663,176,106
GUYRA-SYN-003325,capybara,CAM-005,2024-04-25,789,357,305,438
GUYRA-SYN-003326,jaguar,CAM-033,2024-05-22,817,469,392,468
GUYRA-SYN-003327,brocket_deer,CAM-043,2024-06-13,129,642,474,241
GUYRA-SYN-003328,brocket_deer,CAM-003,2024-06-11,514,148,189,420
GUYRA-SYN-003329,capybara,CAM-005,2024-06-03,876,548,136,139
GUYRA-SYN-003330,anteater,CAM-050,2024-11-11,675,877,239,108
GUYRA-SYN-003331,anteater,CAM-043,2024-02-19,1476,769,403,208
GUYRA-SYN-003332,anteater,CAM-021,2024-08-18,1017,732,194,130
GUYRA-SYN-003333,brocket_deer,CAM-001,2024-03-01,519,345,322,181
GUYRA-SYN-003334,capybara,CAM-001,2024-02-20,1775,1016,149,169
GUYRA-SYN-003335,capybara,CAM-043,2024-02-05,629,150,203,392
GUYRA-SYN-003336,puma,CAM-049,2024-12-14,1855,826,336,372
GUYRA-SYN-003337,anteater,CAM-042,2024-08-13,74,1071,342,210
GUYRA-SYN-003338,jaguar,CAM-011,2024-07-16,1829,990,218,140
GUYRA-SYN-003339,anteater,CAM-050,2024-03-05,896,797,445,491
GUYRA-SYN-003340,jaguar,CAM-030,2024-06-23,1181,973,432,378
GUYRA-SYN-003341,brocket_deer,CAM-023,2024-04-27,1305,425,423,450
GUYRA-SYN-003342,anteater,CAM-045,2024-12-10,415,236,408,146
GUYRA-SYN-003343,capybara,CAM-050,2024-07-11,632,385,115,362
GUYRA-SYN-003344,capybara,CAM-047,2024-10-21,685,372,219,163
GUYRA-SYN-003345,puma,CAM-003,2024-03-04,1200,141,280,112
GUYRA-SYN-003346,tapir,CAM-032,2024-07-09,579,934,245,345
GUYRA-SYN-003347,jaguar,CAM-046,2024-01-01,287,861,387,337
GUYRA-SYN-003348,brocket_deer,CAM-020,2024-05-18,1362,891,354,305
GUYRA-SYN-003349,tapir,CAM-037,2024-08-19,921,633,145,314
GUYRA-SYN-003350,puma,CAM-025,2024-06-14,1414,69,231,269
GUYRA-SYN-003351,jaguar,CAM-002,2024-07-08,722,644,457,212
GUYRA-SYN-003352,brocket_deer,CAM-013,2024-01-19,1513,790,239,389
GUYRA-SYN-003353,brocket_deer,CAM-040,2024-03-15,903,161,156,425
GUYRA-SYN-003354,anteater,CAM-042,2024-06-05,1165,778,214,264
GUYRA-SYN-003355,puma,CAM-004,2024-12-12,1215,954,468,104
GUYRA-SYN-003356,puma,CAM-024,2024-06-04,330,329,336,311
GUYRA-SYN-003357,capybara,CAM-014,2024-07-10,480,160,260,414
GUYRA-SYN-003358,tapir,CAM-034,2024-10-28,1146,686,413,301
GUYRA-SYN-003359,tapir,CAM-019,2024-07-22,890,507,252,269
GUYRA-SYN-003360,tapir,CAM-019,2024-12-08,629,527,137,256
GUYRA-SYN-003361,anteater,CAM-008,2024-07-19,1900,500,485,411
GUYRA-SYN-003362,puma,CAM-046,2024-05-09,1184,923,245,215
GUYRA-SYN-003363,anteater,CAM-018,2024-07-09,35,1076,488,446
GUYRA-SYN-003364,capybara,CAM-045,2024-09-06,299,459,124,403
GUYRA-SYN-003365,tapir,CAM-033,2024-07-05,1239,976,470,211
GUYRA-SYN-003366,anteater,CAM-043,2024-09-21,1578,1069,398,238
GUYRA-SYN-003367,jaguar,CAM-016,2024-03-04,16,912,166,131
GUYRA-SYN-003368,capybara,CAM-012,2024-02-28,980,88,345,267
GUYRA-SYN-003369,tapir,CAM-034,2024-06-07,587,845,289,272
GUYRA-SYN-003370,brocket_deer,CAM-038,2024-03-28,1592,257,119,225
GUYRA-SYN-003371,jaguar,CAM-003,2024-05-09,1160,886,255,295
GUYRA-SYN-003372,jaguar,CAM-010,2024-12-20,457,111,114,172
GUYRA-SYN-003373,capybara,CAM-023,2024-02-05,1594,235,204,475
GUYRA-SYN-003374,brocket_deer,CAM-022,2024-07-28,729,802,197,269
GUYRA-SYN-003375,anteater,CAM-022,2024-11-22,1719,965,101,384
GUYRA-SYN-003376,brocket_deer,CAM-006,2024-10-20,447,140,233,461
GUYRA-SYN-003377,tapir,CAM-036,2024-05-07,531,670,303,298
GUYRA-SYN-003378,puma,CAM-006,2024-02-08,1913,759,124,204
GUYRA-SYN-003379,tapir,CAM-012,2024-04-27,834,322,443,479
GUYRA-SYN-003380,puma,CAM-003,2024-04-07,634,936,249,193
GUYRA-SYN-003381,tapir,CAM-027,2024-04-21,220,38,254,218
GUYRA-SYN-003382,capybara,CAM-029,2024-12-19,851,1033,479,454
GUYRA-SYN-003383,capybara,CAM-043,2024-07-26,1682,57,116,382
GUYRA-SYN-003384,capybara,CAM-021,2024-12-23,1837,288,391,243
GUYRA-SYN-003385,brocket_deer,CAM-049,2024-10-02,313,183,431,439
GUYRA-SYN-003386,brocket_deer,CAM-029,2024-05-03,953,539,196,119
GUYRA-SYN-003387,tapir,CAM-014,2024-06-02,317,467,374,287
GUYRA-SYN-003388,jaguar,CAM-011,2024-03-27,1145,574,316,300
GUYRA-SYN-003389,tapir,CAM-012,2024-08-25,689,326,201,202
GUYRA-SYN-003390,puma,CAM-034,2024-03-20,1624,478,104,169
GUYRA-SYN-003391,jaguar,CAM-009,2024-06-13,1174,220,210,204
GUYRA-SYN-003392,jaguar,CAM-015,2024-01-08,404,519,309,339
GUYRA-SYN-003393,brocket_deer,CAM-005,2024-12-23,251,876,333,286
GUYRA-SYN-003394,jaguar,CAM-029,2024-07-05,1589,979,412,412
GUYRA-SYN-003395,tapir,CAM-049,2024-06-08,1840,116,188,242
GUYRA-SYN-003396,capybara,CAM-024,2024-04-02,160,354,218,476
GUYRA-SYN-003397,anteater,CAM-036,2024-05-27,998,349,220,114
GUYRA-SYN-003398,puma,CAM-018,2024-12-26,269,95,165,376
GUYRA-SYN-003399,tapir,CAM-030,2024-02-26,1190,33,146,332
GUYRA-SYN-003400,capybara,CAM-011,2024-03-22,1632,271,249,126
GUYRA-SYN-003401,tapir,CAM-004,2024-08-27,1799,847,232,438
GUYRA-SYN-003402,anteater,CAM-030,2024-12-25,208,975,428,425
GUYRA-SYN-003403,capybara,CAM-032,2024-06-27,533,847,154,418
GUYRA-SYN-003404,anteater,CAM-012,2024-05-02,791,736,427,377
GUYRA-SYN-003405,puma,CAM-035,2024-08-05,1615,960,422,175
GUYRA-SYN-003406,tapir,CAM-033,2024-02-06,318,648,406,120
GUYRA-SYN-003407,anteater,CAM-045,2024-06-13,807,577,464,230
GUYRA-SYN-003408,anteater,CAM-047,2024-12-05,506,994,227,421
GUYRA-SYN-003409,puma,CAM-029,2024-10-25,156,381,151,166
GUYRA-SYN-003410,jaguar,CAM-006,2024-01-04,1087,937,362,121
GUYRA-SYN-003411,puma,CAM-045,2024-06-23,1132,851,480,414
GUYRA-SYN-003412,jaguar,CAM-043,2024-02-15,1751,101,348,249
GUYRA-SYN-003413,capybara,CAM-003,2024-11-08,1225,309,280,153
GUYRA-SYN-003414,anteater,CAM-040,2024-10-09,1422,726,191,406
GUYRA-SYN-003415,tapir,CAM-048,2024-02-16,208,353,189,172
GUYRA-SYN-003416,brocket_deer,CAM-025,2024-12-09,511,451,385,332
GUYRA-SYN-003417,puma,CAM-011,2024-01-12,1755,592,176,173
GUYRA-SYN-003418,jaguar,CAM-025,2024-03-13,1390,656,450,233
GUYRA-SYN-003419,anteater,CAM-042,2024-07-28,393,399,478,476
GUYRA-SYN-003420,jaguar,CAM-045,2024-09-27,400,414,248,250
GUYRA-SYN-003421,tapir,CAM-029,2024-01-10,1028,1062,355,360
GUYRA-SYN-003422,anteater,CAM-038,2024-06-01,554,951,110,185
GUYRA-SYN-003423,jaguar,CAM-024,2024-10-22,773,1039,450,278
GUYRA-SYN-003424,jaguar,CAM-040,2024-06-07,1613,917,354,231
GUYRA-SYN-003425,anteater,CAM-045,2024-03-13,874,428,181,406
GUYRA-SYN-003426,capybara,CAM-021,2024-07-08,548,378,331,354
GUYRA-SYN-003427,brocket_deer,CAM-021,2024-03-06,1867,734,390,178
GUYRA-SYN-003428,jaguar,CAM-027,2024-02-13,715,171,172,409
GUYRA-SYN-003429,puma,CAM-002,2024-11-12,1172,322,177,403
GUYRA-SYN-003430,tapir,CAM-008,2024-02-11,1892,840,211,121
GUYRA-SYN-003431,puma,CAM-038,2024-06-11,1551,823,219,323
GUYRA-SYN-003432,puma,CAM-030,2024-11-24,1663,315,430,309
GUYRA-SYN-003433,puma,CAM-040,2024-12-10,1360,368,121,320
GUYRA-SYN-003434,brocket_deer,CAM-005,2024-06-22,530,1053,113,430
GUYRA-SYN-003435,capybara,CAM-036,2024-06-04,398,419,470,154
GUYRA-SYN-003436,puma,CAM-042,2024-09-25,1743,82,122,239
GUYRA-SYN-003437,anteater,CAM-035,2024-04-23,1752,321,132,428
GUYRA-SYN-003438,jaguar,CAM-012,2024-03-04,1697,354,500,139
GUYRA-SYN-003439,tapir,CAM-048,2024-05-17,1357,230,464,290
GUYRA-SYN-003440,anteater,CAM-010,2024-07-18,854,1022,305,252
GUYRA-SYN-003441,jaguar,CAM-007,2024-10-04,1087,669,234,384
GUYRA-SYN-003442,anteater,CAM-004,2024-07-10,625,273,444,100
GUYRA-SYN-003443,jaguar,CAM-025,2024-03-19,1900,1029,354,326
GUYRA-SYN-003444,capybara,CAM-034,2024-08-08,1703,642,366,267
GUYRA-SYN-003445,capybara,CAM-025,2024-11-13,577,817,483,259
GUYRA-SYN-003446,capybara,CAM-008,2024-10-14,1483,264,211,251
GUYRA-SYN-003447,capybara,CAM-012,2024-02-20,288,893,174,191
GUYRA-SYN-003448,jaguar,CAM-013,2024-03-01,625,130,123,245
GUYRA-SYN-003449,puma,CAM-040,2024-05-18,444,230,244,475
GUYRA-SYN-003450,brocket_deer,CAM-033,2024-10-25,1765,229,146,341
GUYRA-SYN-003451,anteater,CAM-029,2024-03-27,1557,832,401,412
GUYRA-SYN-003452,anteater,CAM-040,2024-05-19,1414,1078,149,433
GUYRA-SYN-003453,puma,CAM-033,2024-12-07,227,40,129,212
GUYRA-SYN-003454,brocket_deer,CAM-028,2024-07-01,1510,344,461,101
GUYRA-SYN-003455,jaguar,CAM-001,2024-06-07,1531,330,376,272
GUYRA-SYN-003456,puma,CAM-035,2024-07-07,1787,197,101,264
GUYRA-SYN-003457,capybara,CAM-003,2024-06-26,367,553,225,371
GUYRA-SYN-003458,puma,CAM-036,2024-12-01,1915,727,383,452
GUYRA-SYN-003459,puma,CAM-027,2024-10-06,1351,127,130,330
GUYRA-SYN-003460,brocket_deer,CAM-035,2024-12-14,335,936,487,323
GUYRA-SYN-003461,puma,CAM-015,2024-03-28,1138,423,356,412
GUYRA-SYN-003462,brocket_deer,CAM-044,2024-04-07,1668,990,308,482
GUYRA-SYN-003463,jaguar,CAM-033,2024-06-21,233,824,190,303
GUYRA-SYN-003464,brocket_deer,CAM-007,2024-04-14,1130,624,497,155
GUYRA-SYN-003465,jaguar,CAM-005,2024-04-05,1359,1035,180,202
GUYRA-SYN-003466,puma,CAM-046,2024-10-05,203,1040,474,214
GUYRA-SYN-003467,tapir,CAM-012,2024-08-24,1228,129,370,344
GUYRA-SYN-003468,tapir,CAM-046,2024-12-23,40,831,346,352
GUYRA-SYN-003469,brocket_deer,CAM-007,2024-11-02,865,758,397,185
GUYRA-SYN-003470,jaguar,CAM-041,2024-09-17,205,545,226,494
GUYRA-SYN-003471,jaguar,CAM-040,2024-03-15,1242,910,309,159
GUYRA-SYN-003472,brocket_deer,CAM-033,2024-12-04,721,858,396,373
GUYRA-SYN-003473,capybara,CAM-016,2024-09-23,612,716,438,354
GUYRA-SYN-003474,puma,CAM-048,2024-11-01,1466,308,459,300
GUYRA-SYN-003475,brocket_deer,CAM-024,2024-12-27,817,787,491,187
GUYRA-SYN-003476,anteater,CAM-023,2024-10-27,192,283,265,329
GUYRA-SYN-003477,puma,CAM-020,2024-10-17,1214,332,275,266
GUYRA-SYN-003478,puma,CAM-039,2024-05-22,891,18,491,327
GUYRA-SYN-003479,capybara,CAM-020,2024-03-19,1764,46,327,237
GUYRA-SYN-003480,capybara,CAM-031,2024-03-25,1264,843,316,402
GUYRA-SYN-003481,tapir,CAM-005,2024-08-19,1267,811,348,111
GUYRA-SYN-003482,anteater,CAM-001,2024-09-26,1219,936,257,451
GUYRA-SYN-003483,capybara,CAM-032,2024-05-18,720,582,307,241
GUYRA-SYN-003484,jaguar,CAM-033,2024-04-26,1245,1032,254,157
GUYRA-SYN-003485,brocket_deer,CAM-030,2024-04-10,1718,938,365,422
GUYRA-SYN-003486,tapir,CAM-014,2024-07-24,1190,218,294,249
GUYRA-SYN-003487,anteater,CAM-035,2024-01-09,593,647,105,409
GUYRA-SYN-003488,puma,CAM-043,2024-11-17,1651,807,105,267
GUYRA-SYN-003489,puma,CAM-008,2024-01-06,816,285,334,120
GUYRA-SYN-003490,brocket_deer,CAM-026,2024-05-18,1232,125,109,378
GUYRA-SYN-003491,puma,CAM-018,2024-09-27,517,734,366,153
GUYRA-SYN-003492,puma,CAM-001,2024-09-18,1173,389,440,121
GUYRA-SYN-003493,tapir,CAM-031,2024-05-22,1668,485,416,404
GUYRA-SYN-003494,capybara,CAM-031,2024-05-27,1750,217,383,277
GUYRA-SYN-003495,brocket_deer,CAM-016,2024-01-05,1895,915,289,106
GUYRA-SYN-003496,jaguar,CAM-001,2024-04-02,1391,706,468,299
GUYRA-SYN-003497,capybara,CAM-026,2024-02-19,1819,728,430,204
GUYRA-SYN-003498,jaguar,CAM-023,2024-07-10,198,534,492,389
GUYRA-SYN-003499,puma,CAM-029,2024-09-22,1729,602,321,329
GUYRA-SYN-003500,anteater,CAM-004,2024-09-25,982,39,434,160
GUYRA-SYN-003501,anteater,CAM-031,2024-03-14,1798,71,115,157
GUYRA-SYN-003502,capybara,CAM-049,2024-04-14,762,251,124,218
GUYRA-SYN-003503,tapir,CAM-019,2024-05-09,269,88,301,347
GUYRA-SYN-003504,tapir,CAM-043,2024-06-14,1144,820,291,184
GUYRA-SYN-003505,tapir,CAM-003,2024-07-05,1612,258,159,265
GUYRA-SYN-003506,tapir,CAM-040,2024-10-14,1786,978,170,261
GUYRA-SYN-003507,brocket_deer,CAM-050,2024-03-06,1751,370,163,411
GUYRA-SYN-003508,jaguar,CAM-022,2024-04-07,1908,603,325,115
GUYRA-SYN-003509,tapir,CAM-032,2024-05-16,1844,796,255,377
GUYRA-SYN-003510,tapir,CAM-044,2024-06-12,1223,456,407,323
GUYRA-SYN-003511,tapir,CAM-011,2024-02-28,1687,474,373,215
GUYRA-SYN-003512,tapir,CAM-001,2024-08-27,167,280,247,270
GUYRA-SYN-003513,capybara,CAM-023,2024-04-04,340,115,101,479
GUYRA-SYN-003514,puma,CAM-026,2024-03-22,378,187,134,467
GUYRA-SYN-003515,brocket_deer,CAM-016,2024-11-05,1297,948,353,180
GUYRA-SYN-003516,brocket_deer,CAM-050,2024-05-18,1315,504,416,277
GUYRA-SYN-003517,anteater,CAM-021,2024-12-22,657,665,187,192
GUYRA-SYN-003518,anteater,CAM-043,2024-05-06,1395,709,171,464
GUYRA-SYN-003519,tapir,CAM-007,2024-07-04,1028,671,350,288
GUYRA-SYN-003520,anteater,CAM-006,2024-08-03,112,688,126,370
GUYRA-SYN-003521,capybara,CAM-004,2024-06-10,1227,189,232,329
GUYRA-SYN-003522,brocket_deer,CAM-020,2024-05-16,471,749,426,209
GUYRA-SYN-003523,tapir,CAM-050,2024-03-10,897,605,157,336
GUYRA-SYN-003524,jaguar,CAM-023,2024-10-10,1438,940,202,233
GUYRA-SYN-003525,tapir,CAM-039,2024-04-02,682,473,350,361
GUYRA-SYN-003526,anteater,CAM-002,2024-04-07,255,445,315,142
GUYRA-SYN-003527,jaguar,CAM-045,2024-04-08,1690,1067,407,193
GUYRA-SYN-003528,brocket_deer,CAM-003,2024-09-16,1036,358,385,134
GUYRA-SYN-003529,tapir,CAM-012,2024-08-18,973,402,104,246
GUYRA-SYN-003530,anteater,CAM-028,2024-03-11,1401,128,260,192
GUYRA-SYN-003531,jaguar,CAM-029,2024-12-10,836,669,438,208
GUYRA-SYN-003532,tapir,CAM-047,2024-04-16,1663,1048,125,151
GUYRA-SYN-003533,anteater,CAM-037,2024-02-12,870,979,196,249
GUYRA-SYN-003534,tapir,CAM-025,2024-08-03,1505,981,326,480
GUYRA-SYN-003535,brocket_deer,CAM-011,2024-10-26,814,133,258,214
GUYRA-SYN-003536,puma,CAM-026,2024-03-19,1238,526,292,422
GUYRA-SYN-003537,brocket_deer,CAM-017,2024-06-02,1248,59,453,118
GUYRA-SYN-003538,jaguar,CAM-004,2024-09-20,1134,696,345,216
GUYRA-SYN-003539,anteater,CAM-002,2024-09-08,1705,697,183,148
GUYRA-SYN-003540,capybara,CAM-006,2024-09-20,838,1069,248,247
GUYRA-SYN-003541,puma,CAM-042,2024-05-13,567,1053,497,364
GUYRA-SYN-003542,tapir,CAM-040,2024-11-20,1483,937,398,289
GUYRA-SYN-003543,brocket_deer,CAM-011,2024-09-12,1687,1004,268,425
GUYRA-SYN-003544,capybara,CAM-037,2024-06-25,1064,258,365,479
GUYRA-SYN-003545,jaguar,CAM-038,2024-01-06,293,146,325,481
GUYRA-SYN-003546,anteater,CAM-030,2024-12-18,1247,151,170,253
GUYRA-SYN-003547,anteater,CAM-035,2024-04-21,1246,925,141,336
GUYRA-SYN-003548,jaguar,CAM-022,2024-10-17,612,537,268,150
GUYRA-SYN-003549,tapir,CAM-014,2024-07-16,1557,327,367,300
GUYRA-SYN-003550,anteater,CAM-007,2024-02-06,1487,445,426,115
GUYRA-SYN-003551,puma,CAM-034,2024-09-11,1540,889,374,158
GUYRA-SYN-003552,jaguar,CAM-037,2024-04-20,1006,163,240,272
GUYRA-SYN-003553,anteater,CAM-001,2024-01-24,1628,341,153,327
GUYRA-SYN-003554,brocket_deer,CAM-037,2024-01-12,646,302,386,317
GUYRA-SYN-003555,brocket_deer,CAM-038,2024-04-08,1685,765,145,421
GUYRA-SYN-003556,capybara,CAM-021,2024-12-17,1102,42,486,469
GUYRA-SYN-003557,brocket_deer,CAM-048,2024-01-25,1712,652,199,164
GUYRA-SYN-003558,capybara,CAM-026,2024-01-24,1524,248,162,394
GUYRA-SYN-003559,puma,CAM-038,2024-02-01,509,257,393,342
GUYRA-SYN-003560,tapir,CAM-009,2024-11-28,645,715,162,224
GUYRA-SYN-003561,capybara,CAM-028,2024-01-19,120,671,373,151
GUYRA-SYN-003562,anteater,CAM-046,2024-02-02,580,671,131,169
GUYRA-SYN-003563,tapir,CAM-014,2024-12-15,423,820,135,275
GUYRA-SYN-003564,capybara,CAM-034,2024-08-07,776,823,171,325
GUYRA-SYN-003565,jaguar,CAM-014,2024-12-12,1043,821,390,225
GUYRA-SYN-003566,puma,CAM-023,2024-04-26,1267,123,460,103
GUYRA-SYN-003567,capybara,CAM-022,2024-09-11,1789,881,146,287
GUYRA-SYN-003568,capybara,CAM-019,2024-08-22,504,176,433,271
GUYRA-SYN-003569,brocket_deer,CAM-025,2024-04-19,998,380,282,277
GUYRA-SYN-003570,jaguar,CAM-007,2024-07-10,504,804,447,414
GUYRA-SYN-003571,jaguar,CAM-043,2024-03-27,1040,491,341,348
GUYRA-SYN-003572,puma,CAM-030,2024-01-28,324,863,492,432
GUYRA-SYN-003573,brocket_deer,CAM-027,2024-01-11,1872,510,251,190
GUYRA-SYN-003574,anteater,CAM-006,2024-07-26,522,525,135,460
GUYRA-SYN-003575,capybara,CAM-027,2024-02-02,1829,214,419,456
GUYRA-SYN-003576,brocket_deer,CAM-021,2024-11-07,685,613,309,235
GUYRA-SYN-003577,jaguar,CAM-024,2024-02-02,386,2,169,351
GUYRA-SYN-003578,puma,CAM-001,2024-05-05,996,859,206,316
GUYRA-SYN-003579,puma,CAM-033,2024-02-09,1297,530,446,238
GUYRA-SYN-003580,brocket_deer,CAM-008,2024-09-25,1185,470,403,262
GUYRA-SYN-003581,puma,CAM-002,2024-10-14,1177,91,314,353
GUYRA-SYN-003582,brocket_deer,CAM-017,2024-12-25,1762,7,391,188
GUYRA-SYN-003583,puma,CAM-033,2024-09-25,1757,569,414,360
GUYRA-SYN-003584,brocket_deer,CAM-049,2024-05-28,655,718,157,461
GUYRA-SYN-003585,puma,CAM-050,2024-06-18,1533,929,169,351
GUYRA-SYN-003586,jaguar,CAM-030,2024-05-07,43,870,383,386
GUYRA-SYN-003587,jaguar,CAM-007,2024-07-27,1704,554,497,469
GUYRA-SYN-003588,jaguar,CAM-013,2024-05-07,1209,1031,489,367
GUYRA-SYN-003589,jaguar,CAM-033,2024-08-07,1123,962,326,433
GUYRA-SYN-003590,capybara,CAM-023,2024-09-08,1499,479,209,307
GUYRA-SYN-003591,tapir,CAM-049,2024-08-15,28,514,148,219
GUYRA-SYN-003592,capybara,CAM-001,2024-10-01,1275,230,278,198
GUYRA-SYN-003593,anteater,CAM-041,2024-07-01,381,261,302,168
GUYRA-SYN-003594,tapir,CAM-017,2024-03-02,1892,536,134,435
GUYRA-SYN-003595,puma,CAM-015,2024-02-20,71,729,330,336
GUYRA-SYN-003596,puma,CAM-001,2024-05-25,572,135,110,128
GUYRA-SYN-003597,capybara,CAM-045,2024-08-23,1211,557,151,389
GUYRA-SYN-003598,puma,CAM-011,2024-05-12,1599,491,382,429
GUYRA-SYN-003599,jaguar,CAM-004,2024-10-16,1463,633,150,424
GUYRA-SYN-003600,puma,CAM-010,2024-05-18,953,57,400,473
GUYRA-SYN-003601,capybara,CAM-036,2024-08-05,1524,798,230,394
GUYRA-SYN-003602,brocket_deer,CAM-014,2024-03-06,764,160,353,252
GUYRA-SYN-003603,puma,CAM-012,2024-05-01,542,438,188,314
GUYRA-SYN-003604,jaguar,CAM-007,2024-09-27,1273,105,118,198
GUYRA-SYN-003605,tapir,CAM-025,2024-09-14,203,781,210,125
GUYRA-SYN-003606,brocket_deer,CAM-001,2024-03-18,817,918,455,434
GUYRA-SYN-003607,puma,CAM-004,2024-03-25,71,65,404,271
GUYRA-SYN-003608,puma,CAM-026,2024-07-24,277,143,392,284
GUYRA-SYN-003609,puma,CAM-027,2024-09-19,63,20,273,338
GUYRA-SYN-003610,brocket_deer,CAM-039,2024-06-01,122,196,353,224
GUYRA-SYN-003611,puma,CAM-022,2024-10-01,53,944,210,415
GUYRA-SYN-003612,brocket_deer,CAM-006,2024-04-25,1594,70,435,331
GUYRA-SYN-003613,puma,CAM-011,2024-02-04,418,779,389,121
GUYRA-SYN-003614,capybara,CAM-033,2024-08-03,1341,798,353,172
GUYRA-SYN-003615,puma,CAM-008,2024-01-26,1686,519,261,463
GUYRA-SYN-003616,tapir,CAM-048,2024-07-26,229,1015,156,391
GUYRA-SYN-003617,puma,CAM-036,2024-02-16,1708,12,332,231
GUYRA-SYN-003618,tapir,CAM-016,2024-07-02,296,461,488,254
GUYRA-SYN-003619,tapir,CAM-009,2024-03-12,295,190,431,303
GUYRA-SYN-003620,jaguar,CAM-010,2024-06-06,439,552,486,142
GUYRA-SYN-003621,puma,CAM-047,2024-11-24,34,556,256,479
GUYRA-SYN-003622,brocket_deer,CAM-031,2024-03-13,1263,46,206,445
GUYRA-SYN-003623,puma,CAM-027,2024-11-21,723,646,148,215
GUYRA-SYN-003624,puma,CAM-031,2024-07-03,1334,953,408,253
GUYRA-SYN-003625,capybara,CAM-036,2024-01-22,274,553,276,454
GUYRA-SYN-003626,tapir,CAM-038,2024-09-12,229,782,118,167
GUYRA-SYN-003627,jaguar,CAM-007,2024-10-22,226,654,374,397
GUYRA-SYN-003628,jaguar,CAM-011,2024-07-18,1803,828,487,459
GUYRA-SYN-003629,tapir,CAM-047,2024-10-26,1097,847,230,345
GUYRA-SYN-003630,anteater,CAM-028,2024-09-22,862,259,209,337
GUYRA-SYN-003631,brocket_deer,CAM-004,2024-01-17,1076,551,259,333
GUYRA-SYN-003632,tapir,CAM-002,2024-09-24,472,897,436,385
GUYRA-SYN-003633,jaguar,CAM-037,2024-02-19,66,1004,249,417
GUYRA-SYN-003634,anteater,CAM-009,2024-02-14,615,89,125,306
GUYRA-SYN-003635,anteater,CAM-048,2024-12-25,1083,412,301,411
GUYRA-SYN-003636,capybara,CAM-041,2024-03-27,404,667,217,242
GUYRA-SYN-003637,anteater,CAM-018,2024-09-14,553,919,120,358
GUYRA-SYN-003638,puma,CAM-008,2024-04-19,1080,840,263,240
GUYRA-SYN-003639,brocket_deer,CAM-012,2024-03-23,1752,19,186,133
GUYRA-SYN-003640,puma,CAM-013,2024-12-24,1006,303,107,283
GUYRA-SYN-003641,tapir,CAM-001,2024-04-25,446,4,131,110
GUYRA-SYN-003642,jaguar,CAM-036,2024-09-13,509,597,480,465
GUYRA-SYN-003643,brocket_deer,CAM-030,2024-04-19,227,9,101,364
GUYRA-SYN-003644,anteater,CAM-037,2024-10-03,248,516,160,307
GUYRA-SYN-003645,jaguar,CAM-002,2024-10-28,1741,189,296,390
GUYRA-SYN-003646,capybara,CAM-041,2024-03-27,481,284,450,353
GUYRA-SYN-003647,puma,CAM-030,2024-12-27,1191,941,478,466
GUYRA-SYN-003648,anteater,CAM-003,2024-07-01,1109,689,253,378
GUYRA-SYN-003649,jaguar,CAM-036,2024-07-16,528,795,225,120
GUYRA-SYN-003650,jaguar,CAM-002,2024-10-27,1722,1054,241,450
GUYRA-SYN-003651,puma,CAM-016,2024-07-04,1823,198,470,225
GUYRA-SYN-003652,brocket_deer,CAM-006,2024-02-17,1807,174,262,147
GUYRA-SYN-003653,capybara,CAM-039,2024-09-21,756,530,268,356
GUYRA-SYN-003654,puma,CAM-049,2024-10-26,632,307,109,196
GUYRA-SYN-003655,capybara,CAM-017,2024-11-01,140,743,204,265
GUYRA-SYN-003656,puma,CAM-018,2024-07-14,61,914,264,292
GUYRA-SYN-003657,anteater,CAM-039,2024-10-09,580,559,307,321
GUYRA-SYN-003658,brocket_deer,CAM-010,2024-12-02,195,119,381,170
GUYRA-SYN-003659,tapir,CAM-042,2024-12-01,1659,285,461,494
GUYRA-SYN-003660,anteater,CAM-006,2024-12-17,311,282,434,213
GUYRA-SYN-003661,anteater,CAM-029,2024-10-25,591,2,176,300
GUYRA-SYN-003662,puma,CAM-003,2024-09-12,1025,143,354,234
GUYRA-SYN-003663,capybara,CAM-021,2024-03-15,465,734,426,198
GUYRA-SYN-003664,brocket_deer,CAM-020,2024-03-08,705,930,108,104
GUYRA-SYN-003665,tapir,CAM-006,2024-03-20,193,285,382,459
GUYRA-SYN-003666,tapir,CAM-007,2024-09-04,1406,857,135,421
GUYRA-SYN-003667,puma,CAM-041,2024-06-12,1156,36,246,440
GUYRA-SYN-003668,brocket_deer,CAM-008,2024-01-02,951,354,212,128
GUYRA-SYN-003669,tapir,CAM-028,2024-07-01,110,174,165,387
GUYRA-SYN-003670,puma,CAM-034,2024-03-15,177,60,145,470
GUYRA-SYN-003671,capybara,CAM-012,2024-04-05,1162,874,135,279
GUYRA-SYN-003672,jaguar,CAM-009,2024-01-21,1852,541,372,466
GUYRA-SYN-003673,tapir,CAM-001,2024-08-24,879,891,484,266
GUYRA-SYN-003674,puma,CAM-050,2024-12-25,529,639,295,471
GUYRA-SYN-003675,jaguar,CAM-020,2024-11-06,1830,295,325,314
GUYRA-SYN-003676,puma,CAM-041,2024-05-13,1690,51,154,418
GUYRA-SYN-003677,jaguar,CAM-022,2024-04-01,749,1022,468,480
GUYRA-SYN-003678,capybara,CAM-014,2024-12-10,1007,304,232,220
GUYRA-SYN-003679,tapir,CAM-036,2024-07-03,1005,839,373,186
GUYRA-SYN-003680,puma,CAM-021,2024-02-24,1391,258,334,442
GUYRA-SYN-003681,puma,CAM-026,2024-08-01,1043,802,314,460
GUYRA-SYN-003682,brocket_deer,CAM-023,2024-12-26,819,312,166,241
GUYRA-SYN-003683,jaguar,CAM-040,2024-08-14,1745,905,361,238
GUYRA-SYN-003684,anteater,CAM-019,2024-08-15,1699,164,439,181
GUYRA-SYN-003685,anteater,CAM-004,2024-11-07,740,30,118,311
GUYRA-SYN-003686,jaguar,CAM-033,2024-05-17,1158,989,254,174
GUYRA-SYN-003687,puma,CAM-016,2024-06-28,556,429,257,127
GUYRA-SYN-003688,tapir,CAM-047,2024-07-24,1543,774,380,178
GUYRA-SYN-003689,jaguar,CAM-010,2024-02-11,1619,886,229,409
GUYRA-SYN-003690,capybara,CAM-049,2024-06-06,730,525,394,188
GUYRA-SYN-003691,jaguar,CAM-026,2024-11-23,566,579,429,145
GUYRA-SYN-003692,jaguar,CAM-007,2024-11-23,1254,1009,496,200
GUYRA-SYN-003693,anteater,CAM-036,2024-02-17,300,949,227,101
GUYRA-SYN-003694,capybara,CAM-028,2024-04-10,461,690,446,400
GUYRA-SYN-003695,tapir,CAM-033,2024-09-26,366,132,370,364
GUYRA-SYN-003696,tapir,CAM-038,2024-07-18,47,829,307,232
GUYRA-SYN-003697,jaguar,CAM-023,2024-02-27,206,89,193,146
GUYRA-SYN-003698,puma,CAM-024,2024-05-07,1344,571,142,471
GUYRA-SYN-003699,puma,CAM-016,2024-01-04,1450,822,126,259
GUYRA-SYN-003700,anteater,CAM-048,2024-09-14,8,490,354,172
GUYRA-SYN-003701,jaguar,CAM-046,2024-12-21,1786,1034,297,127
GUYRA-SYN-003702,jaguar,CAM-013,2024-03-02,1431,412,153,404
GUYRA-SYN-003703,brocket_deer,CAM-036,2024-10-20,1237,101,141,145
GUYRA-SYN-003704,tapir,CAM-003,2024-01-07,609,972,159,223
GUYRA-SYN-003705,jaguar,CAM-049,2024-12-16,1530,202,401,338
GUYRA-SYN-003706,capybara,CAM-036,2024-07-02,1598,214,422,487
GUYRA-SYN-003707,brocket_deer,CAM-010,2024-06-22,1464,104,469,359
GUYRA-SYN-003708,tapir,CAM-007,2024-10-21,583,955,368,268
GUYRA-SYN-003709,tapir,CAM-001,2024-11-04,157,421,324,274
GUYRA-SYN-003710,puma,CAM-022,2024-09-06,1446,244,111,341
GUYRA-SYN-003711,puma,CAM-036,2024-09-22,1776,908,367,481
GUYRA-SYN-003712,jaguar,CAM-031,2024-03-25,958,115,466,216
GUYRA-SYN-003713,brocket_deer,CAM-008,2024-07-04,873,56,382,453
GUYRA-SYN-003714,anteater,CAM-008,2024-10-16,1709,316,166,203
GUYRA-SYN-003715,capybara,CAM-039,2024-10-21,786,514,346,351
GUYRA-SYN-003716,jaguar,CAM-035,2024-04-16,693,464,120,329
GUYRA-SYN-003717,brocket_deer,CAM-036,2024-02-01,372,587,380,107
GUYRA-SYN-003718,capybara,CAM-047,2024-12-18,750,720,338,356
GUYRA-SYN-003719,jaguar,CAM-001,2024-03-21,526,600,199,493
GUYRA-SYN-003720,puma,CAM-014,2024-07-06,332,248,300,399
GUYRA-SYN-003721,jaguar,CAM-025,2024-10-22,1563,783,382,280
GUYRA-SYN-003722,brocket_deer,CAM-017,2024-07-22,966,40,299,326
GUYRA-SYN-003723,capybara,CAM-044,2024-06-03,894,242,225,395
GUYRA-SYN-003724,tapir,CAM-045,2024-12-05,183,659,128,476
GUYRA-SYN-003725,jaguar,CAM-027,2024-05-27,297,795,137,102
GUYRA-SYN-003726,brocket_deer,CAM-001,2024-04-07,745,95,432,367
GUYRA-SYN-003727,tapir,CAM-011,2024-05-28,433,230,417,375
GUYRA-SYN-003728,puma,CAM-037,2024-03-10,1109,599,357,133
GUYRA-SYN-003729,puma,CAM-002,2024-01-10,1869,219,478,317
GUYRA-SYN-003730,anteater,CAM-005,2024-01-11,1757,468,123,175
GUYRA-SYN-003731,jaguar,CAM-024,2024-02-13,975,746,490,465
GUYRA-SYN-003732,anteater,CAM-025,2024-12-10,827,501,218,441
GUYRA-SYN-003733,anteater,CAM-022,2024-04-10,1126,185,147,101
GUYRA-SYN-003734,tapir,CAM-002,2024-02-25,565,1021,315,232
GUYRA-SYN-003735,puma,CAM-032,2024-09-27,1655,869,162,263
GUYRA-SYN-003736,brocket_deer,CAM-016,2024-09-11,657,227,170,379
GUYRA-SYN-003737,jaguar,CAM-029,2024-08-11,1653,201,168,219
GUYRA-SYN-003738,anteater,CAM-024,2024-10-16,1037,201,274,285
GUYRA-SYN-003739,tapir,CAM-010,2024-07-28,1309,93,490,443
GUYRA-SYN-003740,anteater,CAM-030,2024-03-08,1503,785,109,178
GUYRA-SYN-003741,tapir,CAM-019,2024-07-25,1511,757,495,243
GUYRA-SYN-003742,brocket_deer,CAM-050,2024-08-15,289,75,283,133
GUYRA-SYN-003743,brocket_deer,CAM-007,2024-01-15,416,125,356,337
GUYRA-SYN-003744,jaguar,CAM-024,2024-07-26,539,984,372,428
GUYRA-SYN-003745,puma,CAM-031,2024-11-24,125,443,150,349
GUYRA-SYN-003746,tapir,CAM-020,2024-04-17,32,380,326,251
GUYRA-SYN-003747,jaguar,CAM-020,2024-09-28,664,940,443,192
GUYRA-SYN-003748,brocket_deer,CAM-004,2024-03-19,353,680,232,494
GUYRA-SYN-003749,brocket_deer,CAM-044,2024-09-13,302,923,195,384
GUYRA-SYN-003750,anteater,CAM-020,2024-01-15,853,877,228,169
GUYRA-SYN-003751,jaguar,CAM-029,2024-11-13,1399,423,173,344
GUYRA-SYN-003752,jaguar,CAM-046,2024-04-11,426,821,343,313
GUYRA-SYN-003753,capybara,CAM-009,2024-06-20,256,446,370,320
GUYRA-SYN-003754,capybara,CAM-033,2024-08-20,106,832,443,455
GUYRA-SYN-003755,jaguar,CAM-017,2024-09-17,805,478,190,129
GUYRA-SYN-003756,capybara,CAM-022,2024-06-25,481,531,103,277
GUYRA-SYN-003757,jaguar,CAM-044,2024-09-27,1236,296,342,202
GUYRA-SYN-003758,anteater,CAM-027,2024-12-03,1853,670,405,330
GUYRA-SYN-003759,brocket_deer,CAM-017,2024-01-11,392,658,310,330
GUYRA-SYN-003760,jaguar,CAM-048,2024-08-17,1219,948,355,463
GUYRA-SYN-003761,tapir,CAM-023,2024-05-06,893,157,400,460
GUYRA-SYN-003762,jaguar,CAM-016,2024-09-09,301,370,344,207
GUYRA-SYN-003763,brocket_deer,CAM-048,2024-03-15,1492,422,192,130
GUYRA-SYN-003764,capybara,CAM-012,2024-03-21,301,987,152,154
GUYRA-SYN-003765,jaguar,CAM-030,2024-06-21,1816,1003,318,410
GUYRA-SYN-003766,jaguar,CAM-032,2024-02-14,336,117,499,250
GUYRA-SYN-003767,puma,CAM-040,2024-09-12,233,591,237,382
GUYRA-SYN-003768,brocket_deer,CAM-037,2024-09-08,66,767,189,153
GUYRA-SYN-003769,brocket_deer,CAM-038,2024-01-07,1197,366,195,115
GUYRA-SYN-003770,puma,CAM-048,2024-07-19,1627,28,148,236
GUYRA-SYN-003771,puma,CAM-044,2024-07-09,1014,158,131,316
GUYRA-SYN-003772,anteater,CAM-002,2024-02-15,951,39,210,141
GUYRA-SYN-003773,brocket_deer,CAM-013,2024-08-25,80,701,450,105
GUYRA-SYN-003774,jaguar,CAM-019,2024-10-07,427,378,311,334
GUYRA-SYN-003775,puma,CAM-017,2024-05-13,1182,458,157,325
GUYRA-SYN-003776,puma,CAM-037,2024-05-26,908,887,223,384
GUYRA-SYN-003777,jaguar,CAM-035,2024-04-19,66,814,487,266
GUYRA-SYN-003778,tapir,CAM-004,2024-03-12,1261,665,155,457
GUYRA-SYN-003779,anteater,CAM-015,2024-12-20,460,260,336,458
GUYRA-SYN-003780,puma,CAM-049,2024-08-06,1107,178,181,393
GUYRA-SYN-003781,jaguar,CAM-025,2024-04-12,1335,97,252,495
GUYRA-SYN-003782,anteater,CAM-028,2024-01-05,1700,881,467,314
GUYRA-SYN-003783,brocket_deer,CAM-026,2024-11-11,1687,351,332,185
GUYRA-SYN-003784,anteater,CAM-042,2024-05-12,420,1001,235,419
GUYRA-SYN-003785,capybara,CAM-041,2024-10-12,47,927,470,100
GUYRA-SYN-003786,anteater,CAM-035,2024-07-10,1671,5,314,483
GUYRA-SYN-003787,brocket_deer,CAM-024,2024-07-28,1783,44,186,122
GUYRA-SYN-003788,anteater,CAM-001,2024-11-23,1889,211,389,187
GUYRA-SYN-003789,anteater,CAM-003,2024-03-06,1580,159,290,497
GUYRA-SYN-003790,tapir,CAM-016,2024-10-02,572,530,377,393
GUYRA-SYN-003791,jaguar,CAM-038,2024-04-06,1840,321,278,198
GUYRA-SYN-003792,puma,CAM-014,2024-03-01,343,501,283,134
GUYRA-SYN-003793,jaguar,CAM-010,2024-06-21,1649,678,276,130
GUYRA-SYN-003794,jaguar,CAM-040,2024-12-08,691,580,268,467
GUYRA-SYN-003795,capybara,CAM-003,2024-04-28,829,1032,383,386
GUYRA-SYN-003796,tapir,CAM-045,2024-04-20,396,502,198,183
GUYRA-SYN-003797,tapir,CAM-016,2024-07-06,1212,873,167,103
GUYRA-SYN-003798,anteater,CAM-002,2024-06-19,1529,472,162,164
GUYRA-SYN-003799,tapir,CAM-049,2024-05-03,331,117,327,499
GUYRA-SYN-003800,tapir,CAM-049,2024-10-13,641,274,128,160
GUYRA-SYN-003801,puma,CAM-016,2024-08-13,405,154,346,335
GUYRA-SYN-003802,tapir,CAM-038,2024-06-09,327,134,107,296
GUYRA-SYN-003803,puma,CAM-039,2024-05-21,190,416,329,275
GUYRA-SYN-003804,anteater,CAM-007,2024-10-05,370,810,328,138
GUYRA-SYN-003805,capybara,CAM-015,2024-02-16,762,475,469,305
GUYRA-SYN-003806,puma,CAM-028,2024-05-16,652,309,441,360
GUYRA-SYN-003807,capybara,CAM-026,2024-05-13,210,290,459,113
GUYRA-SYN-003808,anteater,CAM-028,2024-02-15,1656,468,113,102
GUYRA-SYN-003809,anteater,CAM-038,2024-03-22,1519,550,261,170
GUYRA-SYN-003810,tapir,CAM-004,2024-04-06,1444,216,132,281
GUYRA-SYN-003811,capybara,CAM-015,2024-06-12,20,650,148,238
GUYRA-SYN-003812,puma,CAM-047,2024-03-04,1191,215,253,221
GUYRA-SYN-003813,capybara,CAM-004,2024-09-28,904,993,402,336
GUYRA-SYN-003814,capybara,CAM-009,2024-05-15,1239,259,291,454
GUYRA-SYN-003815,capybara,CAM-017,2024-03-05,191,1027,379,220
GUYRA-SYN-003816,capybara,CAM-017,2024-11-26,1383,658,458,376
GUYRA-SYN-003817,jaguar,CAM-038,2024-03-24,1899,15,254,495
GUYRA-SYN-003818,anteater,CAM-031,2024-08-02,883,1009,424,295
GUYRA-SYN-003819,anteater,CAM-013,2024-04-08,1551,348,401,401
GUYRA-SYN-003820,anteater,CAM-028,2024-06-04,733,117,184,274
GUYRA-SYN-003821,brocket_deer,CAM-046,2024-09-22,593,887,240,129
GUYRA-SYN-003822,anteater,CAM-022,2024-11-17,1608,735,476,369
GUYRA-SYN-003823,anteater,CAM-013,2024-12-18,351,656,458,323
GUYRA-SYN-003824,capybara,CAM-031,2024-03-13,1614,352,109,478
GUYRA-SYN-003825,anteater,CAM-018,2024-07-16,256,344,285,256
GUYRA-SYN-003826,puma,CAM-050,2024-11-28,653,764,141,399
GUYRA-SYN-003827,brocket_deer,CAM-011,2024-09-06,353,375,279,104
GUYRA-SYN-003828,jaguar,CAM-035,2024-03-12,1493,830,186,487
GUYRA-SYN-003829,tapir,CAM-029,2024-03-18,842,386,401,489
GUYRA-SYN-003830,tapir,CAM-012,2024-11-01,185,347,183,225
GUYRA-SYN-003831,tapir,CAM-006,2024-05-19,1174,358,404,105
GUYRA-SYN-003832,jaguar,CAM-039,2024-12-21,855,807,187,455
GUYRA-SYN-003833,brocket_deer,CAM-003,2024-03-14,816,0,234,275
GUYRA-SYN-003834,jaguar,CAM-038,2024-06-14,397,379,134,344
GUYRA-SYN-003835,tapir,CAM-042,2024-01-01,1468,474,414,138
GUYRA-SYN-003836,jaguar,CAM-048,2024-02-19,449,503,289,490
GUYRA-SYN-003837,puma,CAM-035,2024-10-06,275,328,252,337
GUYRA-SYN-003838,jaguar,CAM-006,2024-10-08,782,11,455,123
GUYRA-SYN-003839,brocket_deer,CAM-002,2024-09-05,944,995,437,119
GUYRA-SYN-003840,tapir,CAM-026,2024-05-13,227,856,128,342
GUYRA-SYN-003841,brocket_deer,CAM-009,2024-07-10,447,1076,465,281
GUYRA-SYN-003842,jaguar,CAM-001,2024-10-11,467,948,188,202
GUYRA-SYN-003843,tapir,CAM-028,2024-02-15,1691,871,437,175
GUYRA-SYN-003844,puma,CAM-044,2024-02-07,1776,405,310,158
GUYRA-SYN-003845,jaguar,CAM-042,2024-10-09,579,190,322,253
GUYRA-SYN-003846,puma,CAM-013,2024-12-04,796,714,241,247
GUYRA-SYN-003847,jaguar,CAM-048,2024-04-15,365,950,340,437
GUYRA-SYN-003848,brocket_deer,CAM-034,2024-06-16,860,64,316,454
GUYRA-SYN-003849,puma,CAM-017,2024-10-10,368,92,242,319
GUYRA-SYN-003850,jaguar,CAM-031,2024-06-28,696,204,361,381
GUYRA-SYN-003851,brocket_deer,CAM-002,2024-02-27,1733,1012,417,415
GUYRA-SYN-003852,anteater,CAM-013,2024-03-10,1428,374,121,186
GUYRA-SYN-003853,tapir,CAM-036,2024-04-15,630,546,495,236
GUYRA-SYN-003854,jaguar,CAM-050,2024-08-06,448,550,276,319
GUYRA-SYN-003855,tapir,CAM-013,2024-09-27,796,523,329,391
GUYRA-SYN-003856,jaguar,CAM-011,2024-06-28,600,757,481,215
GUYRA-SYN-003857,brocket_deer,CAM-049,2024-03-14,1145,84,243,452
GUYRA-SYN-003858,brocket_deer,CAM-012,2024-04-17,888,545,132,434
GUYRA-SYN-003859,jaguar,CAM-001,2024-10-11,465,1025,272,420
GUYRA-SYN-003860,tapir,CAM-031,2024-12-09,357,187,300,471
GUYRA-SYN-003861,tapir,CAM-016,2024-06-25,1208,32,116,397
GUYRA-SYN-003862,puma,CAM-031,2024-09-03,536,875,125,256
GUYRA-SYN-003863,brocket_deer,CAM-042,2024-11-14,1509,192,250,213
GUYRA-SYN-003864,brocket_deer,CAM-033,2024-09-09,564,434,334,126
GUYRA-SYN-003865,brocket_deer,CAM-047,2024-07-03,1110,924,433,279
GUYRA-SYN-003866,brocket_deer,CAM-017,2024-07-28,957,269,447,298
GUYRA-SYN-003867,puma,CAM-026,2024-09-26,1845,137,288,437
GUYRA-SYN-003868,tapir,CAM-045,2024-02-17,763,1059,482,411
GUYRA-SYN-003869,anteater,CAM-003,2024-01-05,927,973,456,185
GUYRA-SYN-003870,anteater,CAM-008,2024-01-25,1058,630,271,120
GUYRA-SYN-003871,capybara,CAM-030,2024-11-27,1715,788,110,248
GUYRA-SYN-003872,puma,CAM-024,2024-07-25,1806,877,117,272
GUYRA-SYN-003873,jaguar,CAM-015,2024-12-08,909,546,317,403
GUYRA-SYN-003874,anteater,CAM-016,2024-04-01,811,989,430,325
GUYRA-SYN-003875,capybara,CAM-014,2024-01-27,828,964,458,161
GUYRA-SYN-003876,anteater,CAM-009,2024-03-24,375,861,310,343
GUYRA-SYN-003877,anteater,CAM-042,2024-05-25,166,33,494,362
GUYRA-SYN-003878,brocket_deer,CAM-033,2024-11-17,882,673,211,357
GUYRA-SYN-003879,tapir,CAM-044,2024-10-26,1692,95,298,341
GUYRA-SYN-003880,puma,CAM-037,2024-07-07,623,346,456,363
GUYRA-SYN-003881,capybara,CAM-040,2024-09-25,986,818,112,479
GUYRA-SYN-003882,tapir,CAM-041,2024-06-28,44,619,392,170
GUYRA-SYN-003883,puma,CAM-008,2024-12-15,120,537,431,387
GUYRA-SYN-003884,brocket_deer,CAM-049,2024-12-25,159,822,449,470
GUYRA-SYN-003885,brocket_deer,CAM-002,2024-07-13,421,382,131,490
GUYRA-SYN-003886,jaguar,CAM-026,2024-03-19,1906,30,342,198
GUYRA-SYN-003887,anteater,CAM-038,2024-03-25,1714,1042,415,141
GUYRA-SYN-003888,capybara,CAM-037,2024-09-06,1004,245,387,178
GUYRA-SYN-003889,brocket_deer,CAM-045,2024-06-25,417,477,337,146
GUYRA-SYN-003890,brocket_deer,CAM-048,2024-01-18,866,630,412,234
GUYRA-SYN-003891,puma,CAM-026,2024-10-10,323,61,205,467
GUYRA-SYN-003892,capybara,CAM-038,2024-09-22,1361,480,144,445
GUYRA-SYN-003893,puma,CAM-021,2024-05-22,1310,39,157,244
GUYRA-SYN-003894,tapir,CAM-050,2024-10-20,857,920,113,294
GUYRA-SYN-003895,anteater,CAM-012,2024-02-20,696,899,197,101
GUYRA-SYN-003896,tapir,CAM-017,2024-10-17,332,556,218,387
GUYRA-SYN-003897,anteater,CAM-048,2024-05-22,1610,502,127,457
GUYRA-SYN-003898,puma,CAM-045,2024-11-27,1516,154,338,471
GUYRA-SYN-003899,anteater,CAM-008,2024-07-16,1028,11,297,424
GUYRA-SYN-003900,brocket_deer,CAM-042,2024-05-22,454,233,275,430
GUYRA-SYN-003901,anteater,CAM-038,2024-01-04,777,517,495,397
GUYRA-SYN-003902,capybara,CAM-043,2024-03-28,1339,1046,147,268
GUYRA-SYN-003903,jaguar,CAM-013,2024-08-25,94,234,343,127
GUYRA-SYN-003904,anteater,CAM-010,2024-07-21,611,87,328,124
GUYRA-SYN-003905,puma,CAM-002,2024-09-21,1104,64,365,427
GUYRA-SYN-003906,jaguar,CAM-030,2024-03-13,307,339,407,312
GUYRA-SYN-003907,anteater,CAM-012,2024-11-28,1577,606,253,369
GUYRA-SYN-003908,tapir,CAM-049,2024-01-22,1742,39,334,175
GUYRA-SYN-003909,anteater,CAM-033,2024-11-19,694,376,428,431
GUYRA-SYN-003910,brocket_deer,CAM-041,2024-05-03,154,858,376,101
GUYRA-SYN-003911,brocket_deer,CAM-038,2024-11-04,1472,788,156,187
GUYRA-SYN-003912,brocket_deer,CAM-026,2024-07-05,31,67,371,168
GUYRA-SYN-003913,jaguar,CAM-016,2024-10-04,934,116,425,487
GUYRA-SYN-003914,puma,CAM-027,2024-04-22,1845,541,243,237
GUYRA-SYN-003915,puma,CAM-021,2024-10-13,1290,376,428,229
GUYRA-SYN-003916,tapir,CAM-034,2024-11-27,1792,992,103,141
GUYRA-SYN-003917,puma,CAM-001,2024-12-24,604,292,252,183
GUYRA-SYN-003918,capybara,CAM-024,2024-04-14,1221,38,399,146
GUYRA-SYN-003919,puma,CAM-015,2024-08-12,509,18,193,382
GUYRA-SYN-003920,tapir,CAM-037,2024-08-13,1685,120,227,412
GUYRA-SYN-003921,brocket_deer,CAM-042,2024-08-01,270,601,224,292
GUYRA-SYN-003922,tapir,CAM-009,2024-12-10,86,720,281,213
GUYRA-SYN-003923,capybara,CAM-049,2024-07-09,1026,162,458,372
GUYRA-SYN-003924,brocket_deer,CAM-024,2024-05-22,33,497,304,459
GUYRA-SYN-003925,tapir,CAM-033,2024-09-05,243,721,467,391
GUYRA-SYN-003926,brocket_deer,CAM-032,2024-04-17,756,566,464,304
GUYRA-SYN-003927,brocket_deer,CAM-010,2024-04-05,472,876,119,295
GUYRA-SYN-003928,brocket_deer,CAM-030,2024-10-25,1279,835,245,399
GUYRA-SYN-003929,jaguar,CAM-009,2024-06-19,635,992,441,189
GUYRA-SYN-003930,puma,CAM-048,2024-01-09,380,1074,298,194
GUYRA-SYN-003931,puma,CAM-027,2024-10-20,263,22,296,313
GUYRA-SYN-003932,brocket_deer,CAM-005,2024-08-19,1194,835,190,196
GUYRA-SYN-003933,tapir,CAM-025,2024-10-19,1860,316,401,477
GUYRA-SYN-003934,anteater,CAM-047,2024-09-08,441,656,484,383
GUYRA-SYN-003935,capybara,CAM-031,2024-07-18,1054,950,463,353
GUYRA-SYN-003936,brocket_deer,CAM-040,2024-03-12,1876,888,106,254
GUYRA-SYN-003937,jaguar,CAM-016,2024-05-17,353,100,367,228
GUYRA-SYN-003938,anteater,CAM-016,2024-02-11,409,388,491,406
GUYRA-SYN-003939,jaguar,CAM-010,2024-03-13,20,60,102,134
GUYRA-SYN-003940,tapir,CAM-020,2024-01-21,1348,955,304,175
GUYRA-SYN-003941,anteater,CAM-047,2024-12-03,1622,624,479,433
GUYRA-SYN-003942,capybara,CAM-015,2024-01-28,582,144,211,253
GUYRA-SYN-003943,jaguar,CAM-002,2024-04-17,1662,1015,264,177
GUYRA-SYN-003944,capybara,CAM-035,2024-08-05,67,890,429,267
GUYRA-SYN-003945,capybara,CAM-025,2024-05-06,1520,277,251,105
GUYRA-SYN-003946,tapir,CAM-040,2024-12-21,309,113,365,193
GUYRA-SYN-003947,puma,CAM-022,2024-04-01,1167,992,318,319
GUYRA-SYN-003948,anteater,CAM-007,2024-10-09,1144,820,164,391
GUYRA-SYN-003949,anteater,CAM-003,2024-11-28,757,823,373,167
GUYRA-SYN-003950,jaguar,CAM-006,2024-08-22,746,503,421,101
GUYRA-SYN-003951,brocket_deer,CAM-040,2024-07-14,205,1077,320,392
GUYRA-SYN-003952,tapir,CAM-031,2024-03-25,1565,594,103,258
GUYRA-SYN-003953,puma,CAM-020,2024-08-09,246,334,262,215
GUYRA-SYN-003954,jaguar,CAM-043,2024-04-16,1352,646,307,149
GUYRA-SYN-003955,jaguar,CAM-004,2024-08-16,1015,402,428,186
GUYRA-SYN-003956,jaguar,CAM-032,2024-06-02,462,858,144,487
GUYRA-SYN-003957,anteater,CAM-049,2024-11-06,92,300,455,270
GUYRA-SYN-003958,anteater,CAM-048,2024-10-20,1479,145,402,201
GUYRA-SYN-003959,anteater,CAM-031,2024-04-07,941,82,197,252
GUYRA-SYN-003960,capybara,CAM-012,2024-05-28,635,563,329,246
GUYRA-SYN-003961,anteater,CAM-039,2024-01-25,554,1010,320,113
GUYRA-SYN-003962,brocket_deer,CAM-048,2024-09-14,1773,263,496,215
GUYRA-SYN-003963,tapir,CAM-005,2024-01-23,1714,963,311,264
GUYRA-SYN-003964,jaguar,CAM-050,2024-10-03,1610,965,422,117
GUYRA-SYN-003965,capybara,CAM-036,2024-06-03,989,489,436,185
GUYRA-SYN-003966,anteater,CAM-038,2024-06-03,548,720,296,198
GUYRA-SYN-003967,tapir,CAM-003,2024-10-27,150,725,360,100
GUYRA-SYN-003968,tapir,CAM-023,2024-09-24,161,195,264,331
GUYRA-SYN-003969,tapir,CAM-018,2024-12-26,1268,803,442,287
GUYRA-SYN-003970,puma,CAM-039,2024-11-04,1887,815,124,431
GUYRA-SYN-003971,brocket_deer,CAM-031,2024-01-02,583,23,400,225
GUYRA-SYN-003972,jaguar,CAM-046,2024-05-11,1828,638,160,376
GUYRA-SYN-003973,tapir,CAM-002,2024-04-20,1890,306,191,141
GUYRA-SYN-003974,anteater,CAM-002,2024-11-07,1205,783,301,493
GUYRA-SYN-003975,puma,CAM-050,2024-12-24,81,488,363,290
GUYRA-SYN-003976,anteater,CAM-036,2024-07-22,570,43,437,327
GUYRA-SYN-003977,anteater,CAM-035,2024-01-05,802,658,180,411
GUYRA-SYN-003978,capybara,CAM-022,2024-02-13,578,895,463,407
GUYRA-SYN-003979,puma,CAM-014,2024-12-08,701,855,167,202
GUYRA-SYN-003980,jaguar,CAM-013,2024-10-15,614,539,110,357
GUYRA-SYN-003981,anteater,CAM-004,2024-07-16,87,1035,468,409
GUYRA-SYN-003982,anteater,CAM-031,2024-01-20,344,84,447,466
GUYRA-SYN-003983,jaguar,CAM-039,2024-12-20,189,577,213,140
GUYRA-SYN-003984,jaguar,CAM-013,2024-11-28,1864,297,299,293
GUYRA-SYN-003985,jaguar,CAM-007,2024-06-18,564,693,387,124
GUYRA-SYN-003986,tapir,CAM-011,2024-07-08,381,244,157,404
GUYRA-SYN-003987,capybara,CAM-026,2024-01-10,931,325,175,109
GUYRA-SYN-003988,tapir,CAM-015,2024-10-16,1388,14,343,344
GUYRA-SYN-003989,tapir,CAM-024,2024-12-09,606,983,471,457
GUYRA-SYN-003990,jaguar,CAM-035,2024-11-22,1582,281,427,200
GUYRA-SYN-003991,jaguar,CAM-029,2024-02-10,799,150,416,393
GUYRA-SYN-003992,tapir,CAM-047,2024-04-19,557,862,348,298
GUYRA-SYN-003993,brocket_deer,CAM-009,2024-07-06,508,669,459,488
GUYRA-SYN-003994,anteater,CAM-025,2024-01-12,475,27,170,483
GUYRA-SYN-003995,brocket_deer,CAM-005,2024-12-18,616,33,166,291
GUYRA-SYN-003996,brocket_deer,CAM-036,2024-08-01,442,795,364,305
GUYRA-SYN-003997,jaguar,CAM-022,2024-01-13,484,85,302,302
GUYRA-SYN-003998,puma,CAM-028,2024-01-12,90,264,474,371
GUYRA-SYN-003999,capybara,CAM-006,2024-11-21,878,544,104,419
GUYRA-SYN-004000,anteater,CAM-038,2024-02-01,1760,443,400,122
GUYRA-SYN-004001,anteater,CAM-008,2024-03-02,1649,485,427,114
GUYRA-SYN-004002,puma,CAM-024,2024-03-01,1245,537,273,180
GUYRA-SYN-004003,capybara,CAM-013,2024-08-25,759,957,456,405
GUYRA-SYN-004004,tapir,CAM-015,2024-02-19,1329,382,300,121
GUYRA-SYN-004005,jaguar,CAM-040,2024-12-18,881,88,168,337
GUYRA-SYN-004006,tapir,CAM-032,2024-05-22,658,527,239,422
GUYRA-SYN-004007,anteater,CAM-009,2024-01-11,585,576,455,246
GUYRA-SYN-004008,tapir,CAM-015,2024-09-03,254,33,422,387
GUYRA-SYN-004009,jaguar,CAM-046,2024-09-20,797,712,422,279
GUYRA-SYN-004010,anteater,CAM-014,2024-05-27,1731,579,490,269
GUYRA-SYN-004011,brocket_deer,CAM-026,2024-03-28,343,759,176,163
GUYRA-SYN-004012,brocket_deer,CAM-040,2024-08-02,644,834,294,106
GUYRA-SYN-004013,puma,CAM-027,2024-02-26,860,285,258,377
GUYRA-SYN-004014,brocket_deer,CAM-002,2024-08-01,606,919,427,178
GUYRA-SYN-004015,brocket_deer,CAM-026,2024-01-05,402,723,132,287
GUYRA-SYN-004016,anteater,CAM-024,2024-01-03,766,407,448,102
GUYRA-SYN-004017,jaguar,CAM-029,2024-04-22,1486,184,316,354
GUYRA-SYN-004018,jaguar,CAM-021,2024-07-02,710,1078,325,392
GUYRA-SYN-004019,jaguar,CAM-024,2024-03-06,523,618,138,207
GUYRA-SYN-004020,puma,CAM-038,2024-06-10,905,543,128,463
GUYRA-SYN-004021,brocket_deer,CAM-017,2024-12-24,748,437,149,448
GUYRA-SYN-004022,tapir,CAM-045,2024-08-19,111,653,470,335
GUYRA-SYN-004023,jaguar,CAM-037,2024-12-03,1553,1074,426,394
GUYRA-SYN-004024,anteater,CAM-026,2024-07-24,1918,615,467,307
GUYRA-SYN-004025,anteater,CAM-014,2024-07-11,795,252,383,220
GUYRA-SYN-004026,puma,CAM-021,2024-12-20,1013,540,421,443
GUYRA-SYN-004027,anteater,CAM-030,2024-07-18,14,766,451,339
GUYRA-SYN-004028,jaguar,CAM-050,2024-03-08,1527,979,342,474
GUYRA-SYN-004029,jaguar,CAM-035,2024-05-08,1752,12,428,151
GUYRA-SYN-004030,anteater,CAM-012,2024-03-01,1235,737,321,350
GUYRA-SYN-004031,puma,CAM-014,2024-04-28,1673,294,453,461
GUYRA-SYN-004032,anteater,CAM-045,2024-08-07,1610,272,207,389
GUYRA-SYN-004033,brocket_deer,CAM-019,2024-05-02,381,273,264,222
GUYRA-SYN-004034,puma,CAM-026,2024-08-13,1264,382,232,184
GUYRA-SYN-004035,brocket_deer,CAM-031,2024-04-20,1910,326,214,469
GUYRA-SYN-004036,anteater,CAM-022,2024-11-05,95,279,222,451
GUYRA-SYN-004037,puma,CAM-002,2024-10-04,514,0,133,316
GUYRA-SYN-004038,anteater,CAM-013,2024-04-25,1635,358,364,242
GUYRA-SYN-004039,tapir,CAM-009,2024-04-10,1013,144,409,402
GUYRA-SYN-004040,anteater,CAM-010,2024-10-01,1637,989,269,264
GUYRA-SYN-004041,jaguar,CAM-022,2024-05-23,700,259,299,129
GUYRA-SYN-004042,brocket_deer,CAM-021,2024-07-19,1412,142,203,382
GUYRA-SYN-004043,puma,CAM-008,2024-01-01,1467,805,245,225
GUYRA-SYN-004044,puma,CAM-044,2024-03-06,1584,885,420,471
GUYRA-SYN-004045,puma,CAM-009,2024-08-15,957,956,211,204
GUYRA-SYN-004046,jaguar,CAM-027,2024-12-17,1433,69,303,305
GUYRA-SYN-004047,tapir,CAM-047,2024-08-01,1895,907,101,206
GUYRA-SYN-004048,anteater,CAM-024,2024-01-08,775,70,271,414
GUYRA-SYN-004049,tapir,CAM-011,2024-10-17,1630,623,169,422
GUYRA-SYN-004050,tapir,CAM-006,2024-12-27,76,968,462,252
GUYRA-SYN-004051,capybara,CAM-004,2024-03-16,553,37,445,431
GUYRA-SYN-004052,brocket_deer,CAM-031,2024-06-17,342,876,332,315
GUYRA-SYN-004053,puma,CAM-024,2024-10-01,1724,880,181,107
GUYRA-SYN-004054,jaguar,CAM-016,2024-12-13,390,1041,439,282
GUYRA-SYN-004055,capybara,CAM-026,2024-05-14,1492,145,244,393
GUYRA-SYN-004056,brocket_deer,CAM-018,2024-06-20,994,427,153,367
GUYRA-SYN-004057,puma,CAM-038,2024-12-25,1168,992,483,394
GUYRA-SYN-004058,anteater,CAM-046,2024-05-27,1225,158,231,406
GUYRA-SYN-004059,capybara,CAM-033,2024-07-02,1206,645,260,107
GUYRA-SYN-004060,tapir,CAM-039,2024-12-26,1355,425,173,313
GUYRA-SYN-004061,brocket_deer,CAM-019,2024-04-05,269,455,402,231
GUYRA-SYN-004062,brocket_deer,CAM-007,2024-03-04,321,152,438,153
GUYRA-SYN-004063,tapir,CAM-040,2024-05-18,1910,695,216,228
GUYRA-SYN-004064,jaguar,CAM-001,2024-12-03,373,922,323,479
GUYRA-SYN-004065,capybara,CAM-011,2024-03-07,1672,622,354,253
GUYRA-SYN-004066,puma,CAM-041,2024-03-11,814,944,482,358
GUYRA-SYN-004067,capybara,CAM-032,2024-02-28,1051,1026,369,172
GUYRA-SYN-004068,puma,CAM-014,2024-08-17,1316,989,129,268
GUYRA-SYN-004069,capybara,CAM-035,2024-05-03,794,1069,125,296
GUYRA-SYN-004070,capybara,CAM-005,2024-12-07,1429,523,394,428
GUYRA-SYN-004071,tapir,CAM-026,2024-05-15,1531,555,300,112
GUYRA-SYN-004072,capybara,CAM-021,2024-09-14,1406,908,419,237
GUYRA-SYN-004073,anteater,CAM-050,2024-07-07,1809,494,101,417
GUYRA-SYN-004074,brocket_deer,CAM-010,2024-04-13,1646,244,125,378
GUYRA-SYN-004075,jaguar,CAM-037,2024-03-14,171,786,305,167
GUYRA-SYN-004076,jaguar,CAM-007,2024-07-11,729,652,475,330
GUYRA-SYN-004077,capybara,CAM-033,2024-07-09,676,1022,440,367
GUYRA-SYN-004078,brocket_deer,CAM-021,2024-06-25,1553,734,352,280
GUYRA-SYN-004079,jaguar,CAM-012,2024-05-16,882,562,102,103
GUYRA-SYN-004080,jaguar,CAM-025,2024-09-15,691,1067,312,371
GUYRA-SYN-004081,puma,CAM-019,2024-11-02,731,146,312,295
GUYRA-SYN-004082,tapir,CAM-017,2024-06-04,315,358,231,254
GUYRA-SYN-004083,tapir,CAM-005,2024-09-19,1252,967,251,102
GUYRA-SYN-004084,puma,CAM-013,2024-04-17,832,872,108,362
GUYRA-SYN-004085,puma,CAM-021,2024-08-28,85,130,331,110
GUYRA-SYN-004086,puma,CAM-027,2024-04-02,1806,610,237,178
GUYRA-SYN-004087,puma,CAM-033,2024-11-14,124,355,123,455
GUYRA-SYN-004088,tapir,CAM-047,2024-01-18,1252,457,115,411
GUYRA-SYN-004089,tapir,CAM-048,2024-02-07,551,24,398,494
GUYRA-SYN-004090,brocket_deer,CAM-041,2024-02-27,1243,974,405,348
GUYRA-SYN-004091,anteater,CAM-032,2024-03-27,558,689,178,384
GUYRA-SYN-004092,tapir,CAM-008,2024-04-12,797,553,369,106
GUYRA-SYN-004093,tapir,CAM-021,2024-01-15,419,724,485,494
GUYRA-SYN-004094,brocket_deer,CAM-049,2024-12-16,612,1043,107,393
GUYRA-SYN-004095,tapir,CAM-032,2024-11-21,456,514,446,109
GUYRA-SYN-004096,tapir,CAM-038,2024-11-25,1123,92,171,436
GUYRA-SYN-004097,brocket_deer,CAM-001,2024-03-23,1263,513,238,175
GUYRA-SYN-004098,capybara,CAM-003,2024-04-03,724,286,270,366
GUYRA-SYN-004099,tapir,CAM-040,2024-01-15,391,639,178,120
GUYRA-SYN-004100,puma,CAM-007,2024-10-24,901,941,341,246
GUYRA-SYN-004101,anteater,CAM-028,2024-08-12,1248,748,158,436
GUYRA-SYN-004102,tapir,CAM-005,2024-09-14,1511,547,451,367
GUYRA-SYN-004103,capybara,CAM-011,2024-04-01,1025,1069,486,470
GUYRA-SYN-004104,puma,CAM-039,2024-06-26,1313,1064,302,456
GUYRA-SYN-004105,anteater,CAM-018,2024-02-19,860,325,225,431
GUYRA-SYN-004106,puma,CAM-011,2024-07-01,1509,738,469,380
GUYRA-SYN-004107,brocket_deer,CAM-046,2024-10-25,573,339,335,315
GUYRA-SYN-004108,brocket_deer,CAM-019,2024-09-07,202,908,198,458
GUYRA-SYN-004109,jaguar,CAM-025,2024-07-06,1727,437,436,428
GUYRA-SYN-004110,capybara,CAM-006,2024-06-03,1662,184,339,376
GUYRA-SYN-004111,anteater,CAM-010,2024-05-25,300,781,285,274
GUYRA-SYN-004112,anteater,CAM-020,2024-07-20,1123,47,315,178
GUYRA-SYN-004113,puma,CAM-009,2024-08-24,295,450,434,342
GUYRA-SYN-004114,jaguar,CAM-029,2024-10-17,1186,55,177,187
GUYRA-SYN-004115,puma,CAM-031,2024-11-27,1173,115,118,462
GUYRA-SYN-004116,brocket_deer,CAM-021,2024-05-28,1637,917,128,443
GUYRA-SYN-004117,anteater,CAM-018,2024-08-15,1189,661,460,232
GUYRA-SYN-004118,jaguar,CAM-041,2024-08-14,1016,642,260,203
GUYRA-SYN-004119,anteater,CAM-034,2024-02-27,1799,81,331,483
GUYRA-SYN-004120,puma,CAM-030,2024-09-03,722,132,264,352
GUYRA-SYN-004121,anteater,CAM-004,2024-09-19,619,756,361,411
GUYRA-SYN-004122,capybara,CAM-041,2024-07-06,829,430,358,234
GUYRA-SYN-004123,anteater,CAM-033,2024-08-14,420,1075,111,179
GUYRA-SYN-004124,jaguar,CAM-044,2024-08-13,162,309,221,403
GUYRA-SYN-004125,brocket_deer,CAM-044,2024-02-06,234,57,423,270
GUYRA-SYN-004126,capybara,CAM-006,2024-09-26,1119,204,179,390
GUYRA-SYN-004127,capybara,CAM-035,2024-09-21,792,201,361,492
GUYRA-SYN-004128,puma,CAM-002,2024-11-27,1000,14,305,298
GUYRA-SYN-004129,capybara,CAM-049,2024-10-02,1788,242,124,332
GUYRA-SYN-004130,anteater,CAM-009,2024-04-16,1596,300,401,384
GUYRA-SYN-004131,puma,CAM-025,2024-09-20,1829,473,214,240
GUYRA-SYN-004132,capybara,CAM-033,2024-11-28,894,622,411,332
GUYRA-SYN-004133,jaguar,CAM-016,2024-12-11,90,861,351,267
GUYRA-SYN-004134,brocket_deer,CAM-033,2024-10-14,1765,1062,500,473
GUYRA-SYN-004135,puma,CAM-013,2024-06-12,1414,913,106,349
GUYRA-SYN-004136,brocket_deer,CAM-016,2024-12-04,1568,349,436,211
GUYRA-SYN-004137,jaguar,CAM-021,2024-06-11,1294,87,448,493
GUYRA-SYN-004138,tapir,CAM-029,2024-11-02,732,260,429,147
GUYRA-SYN-004139,anteater,CAM-031,2024-10-20,1383,455,364,240
GUYRA-SYN-004140,capybara,CAM-018,2024-05-02,637,752,360,375
GUYRA-SYN-004141,puma,CAM-007,2024-02-10,130,631,347,126
GUYRA-SYN-004142,capybara,CAM-045,2024-02-25,312,464,431,265
GUYRA-SYN-004143,jaguar,CAM-013,2024-07-18,909,233,266,421
GUYRA-SYN-004144,brocket_deer,CAM-050,2024-09-20,152,76,398,427
GUYRA-SYN-004145,brocket_deer,CAM-029,2024-10-15,1101,109,172,218
GUYRA-SYN-004146,capybara,CAM-020,2024-11-09,731,873,362,249
GUYRA-SYN-004147,tapir,CAM-027,2024-08-19,1659,600,112,489
GUYRA-SYN-004148,puma,CAM-050,2024-07-24,1753,875,252,111
GUYRA-SYN-004149,jaguar,CAM-028,2024-04-05,1255,653,345,211
GUYRA-SYN-004150,brocket_deer,CAM-033,2024-11-07,1778,243,281,398
GUYRA-SYN-004151,brocket_deer,CAM-024,2024-08-23,1878,328,407,460
GUYRA-SYN-004152,capybara,CAM-010,2024-11-15,478,213,360,301
GUYRA-SYN-004153,anteater,CAM-050,2024-12-07,1455,77,169,389
GUYRA-SYN-004154,jaguar,CAM-022,2024-09-12,1887,623,428,183
GUYRA-SYN-004155,puma,CAM-015,2024-03-10,185,769,477,290
GUYRA-SYN-004156,jaguar,CAM-036,2024-06-21,1513,520,375,226
GUYRA-SYN-004157,anteater,CAM-028,2024-07-01,955,424,253,249
GUYRA-SYN-004158,brocket_deer,CAM-031,2024-12-09,796,361,472,162
GUYRA-SYN-004159,tapir,CAM-048,2024-11-19,730,580,432,142
GUYRA-SYN-004160,capybara,CAM-032,2024-05-24,1908,235,317,132
GUYRA-SYN-004161,brocket_deer,CAM-001,2024-06-01,330,339,139,362
GUYRA-SYN-004162,capybara,CAM-007,2024-07-19,1130,147,430,246
GUYRA-SYN-004163,jaguar,CAM-015,2024-05-27,560,982,297,457
GUYRA-SYN-004164,jaguar,CAM-046,2024-10-09,1673,416,455,349
GUYRA-SYN-004165,brocket_deer,CAM-019,2024-01-24,263,256,374,307
GUYRA-SYN-004166,tapir,CAM-043,2024-11-08,412,58,177,317
GUYRA-SYN-004167,capybara,CAM-023,2024-12-01,1177,787,462,195
GUYRA-SYN-004168,jaguar,CAM-036,2024-04-14,772,926,335,163
GUYRA-SYN-004169,anteater,CAM-048,2024-07-14,847,891,139,100
GUYRA-SYN-004170,puma,CAM-021,2024-12-13,1874,492,242,189
GUYRA-SYN-004171,jaguar,CAM-009,2024-03-05,1392,450,237,414
GUYRA-SYN-004172,anteater,CAM-035,2024-01-03,1842,427,471,324
GUYRA-SYN-004173,brocket_deer,CAM-036,2024-04-14,999,733,416,479
GUYRA-SYN-004174,jaguar,CAM-007,2024-08-28,926,147,267,176
GUYRA-SYN-004175,capybara,CAM-020,2024-05-27,826,246,240,250
GUYRA-SYN-004176,jaguar,CAM-040,2024-03-07,502,717,132,334
GUYRA-SYN-004177,tapir,CAM-026,2024-06-14,1805,629,171,292
GUYRA-SYN-004178,jaguar,CAM-008,2024-09-13,504,1002,484,165
GUYRA-SYN-004179,brocket_deer,CAM-014,2024-02-19,1197,730,476,429
GUYRA-SYN-004180,brocket_deer,CAM-040,2024-11-11,729,323,427,193
GUYRA-SYN-004181,brocket_deer,CAM-044,2024-08-13,1742,538,147,252
GUYRA-SYN-004182,anteater,CAM-003,2024-01-07,1899,662,101,191
GUYRA-SYN-004183,capybara,CAM-022,2024-06-03,1492,426,500,238
GUYRA-SYN-004184,tapir,CAM-044,2024-05-18,817,985,172,192
GUYRA-SYN-004185,anteater,CAM-035,2024-04-19,1,615,340,486
GUYRA-SYN-004186,puma,CAM-015,2024-02-09,1894,739,241,293
GUYRA-SYN-004187,capybara,CAM-048,2024-12-03,765,987,249,397
GUYRA-SYN-004188,puma,CAM-010,2024-06-03,234,533,456,500
GUYRA-SYN-004189,anteater,CAM-030,2024-09-17,955,648,209,132
GUYRA-SYN-004190,puma,CAM-045,2024-01-10,28,659,246,224
GUYRA-SYN-004191,brocket_deer,CAM-032,2024-11-14,870,194,363,199
GUYRA-SYN-004192,jaguar,CAM-045,2024-09-26,765,1028,126,130
GUYRA-SYN-004193,jaguar,CAM-047,2024-12-18,983,498,143,259
GUYRA-SYN-004194,puma,CAM-038,2024-02-11,188,132,228,217
GUYRA-SYN-004195,brocket_deer,CAM-031,2024-09-14,349,212,107,348
GUYRA-SYN-004196,anteater,CAM-005,2024-09-15,199,92,414,443
GUYRA-SYN-004197,brocket_deer,CAM-041,2024-09-11,866,616,165,269
GUYRA-SYN-004198,brocket_deer,CAM-004,2024-07-21,1122,4,173,319
GUYRA-SYN-004199,anteater,CAM-043,2024-04-08,1893,147,290,234
GUYRA-SYN-004200,puma,CAM-046,2024-12-07,25,827,117,127
GUYRA-SYN-004201,puma,CAM-013,2024-01-06,1028,884,271,431
GUYRA-SYN-004202,capybara,CAM-022,2024-12-01,1382,668,170,186
GUYRA-SYN-004203,tapir,CAM-048,2024-02-04,592,314,113,306
GUYRA-SYN-004204,brocket_deer,CAM-031,2024-01-04,645,154,231,263
GUYRA-SYN-004205,capybara,CAM-038,2024-10-05,39,195,305,317
GUYRA-SYN-004206,puma,CAM-014,2024-12-17,288,263,169,169
GUYRA-SYN-004207,tapir,CAM-003,2024-01-11,475,267,194,440
GUYRA-SYN-004208,puma,CAM-004,2024-06-13,286,56,148,439
GUYRA-SYN-004209,capybara,CAM-040,2024-01-28,154,233,488,206
GUYRA-SYN-004210,tapir,CAM-035,2024-05-07,457,206,198,216
GUYRA-SYN-004211,capybara,CAM-012,2024-06-06,1058,775,159,209
GUYRA-SYN-004212,puma,CAM-016,2024-12-20,520,687,310,447
GUYRA-SYN-004213,tapir,CAM-022,2024-03-07,623,380,356,304
GUYRA-SYN-004214,tapir,CAM-050,2024-05-20,906,876,102,188
GUYRA-SYN-004215,tapir,CAM-038,2024-09-14,879,395,237,189
GUYRA-SYN-004216,capybara,CAM-004,2024-12-26,1194,730,226,323
GUYRA-SYN-004217,brocket_deer,CAM-041,2024-11-16,1280,496,241,438
GUYRA-SYN-004218,anteater,CAM-036,2024-11-21,738,363,418,341
GUYRA-SYN-004219,puma,CAM-023,2024-07-27,1585,188,271,452
GUYRA-SYN-004220,puma,CAM-025,2024-07-12,1667,680,388,133
GUYRA-SYN-004221,tapir,CAM-032,2024-07-06,757,504,427,361
GUYRA-SYN-004222,jaguar,CAM-040,2024-07-14,614,215,236,342
GUYRA-SYN-004223,tapir,CAM-015,2024-04-13,1738,759,181,247
GUYRA-SYN-004224,brocket_deer,CAM-050,2024-05-25,806,889,468,262
GUYRA-SYN-004225,capybara,CAM-015,2024-06-07,1149,835,165,490
GUYRA-SYN-004226,capybara,CAM-050,2024-10-18,1819,694,482,227
GUYRA-SYN-004227,puma,CAM-019,2024-04-23,1546,795,352,403
GUYRA-SYN-004228,puma,CAM-020,2024-02-11,972,167,180,428
GUYRA-SYN-004229,brocket_deer,CAM-042,2024-12-14,402,459,265,238
GUYRA-SYN-004230,puma,CAM-043,2024-05-14,1123,672,356,483
GUYRA-SYN-004231,brocket_deer,CAM-016,2024-11-19,53,845,151,301
GUYRA-SYN-004232,capybara,CAM-035,2024-03-10,1158,963,402,427
GUYRA-SYN-004233,puma,CAM-040,2024-10-25,1821,158,312,149
GUYRA-SYN-004234,tapir,CAM-015,2024-11-17,170,207,301,500
GUYRA-SYN-004235,anteater,CAM-042,2024-04-23,945,181,114,225
GUYRA-SYN-004236,jaguar,CAM-032,2024-04-16,267,777,130,341
GUYRA-SYN-004237,capybara,CAM-011,2024-01-04,560,867,346,383
GUYRA-SYN-004238,capybara,CAM-002,2024-09-05,791,563,393,206
GUYRA-SYN-004239,jaguar,CAM-009,2024-02-10,815,402,403,493
GUYRA-SYN-004240,tapir,CAM-050,2024-08-13,376,662,428,242
GUYRA-SYN-004241,puma,CAM-048,2024-10-27,1296,336,298,459
GUYRA-SYN-004242,tapir,CAM-023,2024-07-07,1878,391,406,155
GUYRA-SYN-004243,brocket_deer,CAM-009,2024-12-19,1762,615,105,210
GUYRA-SYN-004244,brocket_deer,CAM-037,2024-05-17,1733,163,441,156
GUYRA-SYN-004245,puma,CAM-042,2024-07-23,1865,784,467,249
GUYRA-SYN-004246,anteater,CAM-030,2024-02-20,839,924,444,113
GUYRA-SYN-004247,brocket_deer,CAM-044,2024-09-08,447,673,212,407
GUYRA-SYN-004248,jaguar,CAM-003,2024-02-13,220,347,279,495
GUYRA-SYN-004249,anteater,CAM-002,2024-02-13,1589,505,390,408
GUYRA-SYN-004250,tapir,CAM-047,2024-10-02,1559,166,199,215
GUYRA-SYN-004251,puma,CAM-018,2024-05-07,975,858,346,436
GUYRA-SYN-004252,puma,CAM-044,2024-05-18,1627,205,244,123
GUYRA-SYN-004253,anteater,CAM-035,2024-12-09,181,127,136,322
GUYRA-SYN-004254,brocket_deer,CAM-039,2024-04-02,151,514,378,146
GUYRA-SYN-004255,jaguar,CAM-026,2024-01-10,1184,170,495,112
GUYRA-SYN-004256,jaguar,CAM-020,2024-11-06,1830,79,177,371
GUYRA-SYN-004257,anteater,CAM-027,2024-07-04,827,67,482,137
GUYRA-SYN-004258,anteater,CAM-039,2024-01-08,597,295,162,494
GUYRA-SYN-004259,puma,CAM-017,2024-09-24,1913,674,254,383
GUYRA-SYN-004260,tapir,CAM-010,2024-01-07,653,404,138,317
GUYRA-SYN-004261,jaguar,CAM-045,2024-08-19,1374,196,348,402
GUYRA-SYN-004262,jaguar,CAM-014,2024-09-13,120,163,265,346
GUYRA-SYN-004263,jaguar,CAM-045,2024-02-26,1014,237,204,169
GUYRA-SYN-004264,capybara,CAM-007,2024-10-22,633,33,169,255
GUYRA-SYN-004265,brocket_deer,CAM-043,2024-01-06,1910,1066,384,435
GUYRA-SYN-004266,jaguar,CAM-019,2024-02-04,271,940,423,253
GUYRA-SYN-004267,tapir,CAM-009,2024-08-23,153,436,323,343
GUYRA-SYN-004268,anteater,CAM-024,2024-08-13,603,877,196,409
GUYRA-SYN-004269,jaguar,CAM-016,2024-09-26,163,76,426,355
GUYRA-SYN-004270,tapir,CAM-040,2024-02-22,776,250,500,395
GUYRA-SYN-004271,tapir,CAM-011,2024-04-21,310,243,278,245
GUYRA-SYN-004272,jaguar,CAM-005,2024-12-08,168,687,211,269
GUYRA-SYN-004273,jaguar,CAM-027,2024-10-22,887,379,298,134
GUYRA-SYN-004274,brocket_deer,CAM-036,2024-05-27,705,690,185,265
GUYRA-SYN-004275,puma,CAM-049,2024-11-16,1514,638,138,101
GUYRA-SYN-004276,puma,CAM-041,2024-06-10,996,133,462,338
GUYRA-SYN-004277,anteater,CAM-035,2024-10-23,1256,565,366,369
GUYRA-SYN-004278,tapir,CAM-028,2024-07-20,578,1037,391,406
GUYRA-SYN-004279,puma,CAM-004,2024-01-12,217,697,321,331
GUYRA-SYN-004280,tapir,CAM-043,2024-07-07,748,745,498,358
GUYRA-SYN-004281,tapir,CAM-010,2024-03-15,1306,176,333,179
GUYRA-SYN-004282,brocket_deer,CAM-026,2024-03-25,1338,740,307,287
GUYRA-SYN-004283,jaguar,CAM-017,2024-07-28,16,975,111,439
GUYRA-SYN-004284,jaguar,CAM-006,2024-05-28,1339,562,156,213
GUYRA-SYN-004285,jaguar,CAM-025,2024-09-21,862,368,233,120
GUYRA-SYN-004286,capybara,CAM-033,2024-08-25,1654,210,102,101
GUYRA-SYN-004287,capybara,CAM-027,2024-07-18,1227,120,444,239
GUYRA-SYN-004288,jaguar,CAM-032,2024-03-18,288,15,341,308
GUYRA-SYN-004289,puma,CAM-013,2024-09-24,227,249,279,437
GUYRA-SYN-004290,puma,CAM-009,2024-04-05,1130,303,192,189
GUYRA-SYN-004291,anteater,CAM-010,2024-05-01,1097,568,341,267
GUYRA-SYN-004292,puma,CAM-034,2024-04-12,1241,608,116,100
GUYRA-SYN-004293,tapir,CAM-006,2024-01-24,1538,548,331,409
GUYRA-SYN-004294,jaguar,CAM-015,2024-06-26,208,236,226,277
GUYRA-SYN-004295,capybara,CAM-002,2024-06-07,652,907,174,184
GUYRA-SYN-004296,capybara,CAM-034,2024-10-05,1891,15,323,248
GUYRA-SYN-004297,jaguar,CAM-041,2024-12-22,736,1002,384,120
GUYRA-SYN-004298,anteater,CAM-049,2024-08-17,492,59,165,376
GUYRA-SYN-004299,jaguar,CAM-005,2024-01-10,209,589,464,268
GUYRA-SYN-004300,puma,CAM-020,2024-02-20,681,258,490,361
GUYRA-SYN-004301,jaguar,CAM-042,2024-05-10,961,839,332,247
GUYRA-SYN-004302,capybara,CAM-041,2024-03-18,74,358,143,428
GUYRA-SYN-004303,anteater,CAM-044,2024-09-20,457,46,297,213
GUYRA-SYN-004304,tapir,CAM-032,2024-09-21,1454,51,444,216
GUYRA-SYN-004305,brocket_deer,CAM-036,2024-10-25,236,298,149,213
GUYRA-SYN-004306,capybara,CAM-040,2024-12-23,910,513,222,468
GUYRA-SYN-004307,brocket_deer,CAM-039,2024-10-01,653,679,382,265
GUYRA-SYN-004308,tapir,CAM-032,2024-06-19,1171,626,457,493
GUYRA-SYN-004309,jaguar,CAM-035,2024-05-06,1179,1,314,408
GUYRA-SYN-004310,brocket_deer,CAM-037,2024-11-02,1412,610,283,178
GUYRA-SYN-004311,anteater,CAM-039,2024-09-14,30,772,134,472
GUYRA-SYN-004312,jaguar,CAM-025,2024-06-14,941,492,219,331
GUYRA-SYN-004313,tapir,CAM-024,2024-08-02,169,817,262,173
GUYRA-SYN-004314,brocket_deer,CAM-027,2024-02-08,856,141,253,400
GUYRA-SYN-004315,anteater,CAM-004,2024-03-12,450,41,362,243
GUYRA-SYN-004316,puma,CAM-031,2024-12-13,1261,329,427,413
GUYRA-SYN-004317,brocket_deer,CAM-019,2024-05-10,941,1021,192,265
GUYRA-SYN-004318,jaguar,CAM-035,2024-05-22,377,492,480,172
GUYRA-SYN-004319,tapir,CAM-012,2024-04-10,1049,9,492,116
GUYRA-SYN-004320,tapir,CAM-006,2024-08-23,258,630,156,468
GUYRA-SYN-004321,tapir,CAM-022,2024-04-28,815,221,267,373
GUYRA-SYN-004322,tapir,CAM-021,2024-08-10,1732,58,296,189
GUYRA-SYN-004323,brocket_deer,CAM-037,2024-07-01,332,568,184,288
GUYRA-SYN-004324,brocket_deer,CAM-004,2024-04-25,436,453,436,173
GUYRA-SYN-004325,anteater,CAM-022,2024-11-20,596,734,192,213
GUYRA-SYN-004326,jaguar,CAM-021,2024-11-18,1887,285,368,298
GUYRA-SYN-004327,puma,CAM-003,2024-05-01,1867,286,409,322
GUYRA-SYN-004328,brocket_deer,CAM-012,2024-12-20,1228,185,326,180
GUYRA-SYN-004329,jaguar,CAM-032,2024-05-06,1229,284,167,113
GUYRA-SYN-004330,tapir,CAM-006,2024-07-15,1109,362,161,283
GUYRA-SYN-004331,capybara,CAM-016,2024-10-06,1842,831,295,409
GUYRA-SYN-004332,puma,CAM-031,2024-01-13,453,258,281,484
GUYRA-SYN-004333,jaguar,CAM-014,2024-02-27,472,321,356,123
GUYRA-SYN-004334,tapir,CAM-035,2024-06-01,378,309,123,314
GUYRA-SYN-004335,jaguar,CAM-043,2024-10-02,217,490,429,224
GUYRA-SYN-004336,puma,CAM-024,2024-10-08,1002,997,143,409
GUYRA-SYN-004337,jaguar,CAM-001,2024-01-21,44,376,462,397
GUYRA-SYN-004338,capybara,CAM-022,2024-07-04,771,299,194,274
GUYRA-SYN-004339,brocket_deer,CAM-046,2024-12-22,575,1008,132,363
GUYRA-SYN-004340,capybara,CAM-024,2024-06-20,633,5,472,330
GUYRA-SYN-004341,anteater,CAM-040,2024-03-08,0,585,499,276
GUYRA-SYN-004342,capybara,CAM-014,2024-03-24,479,169,297,433
GUYRA-SYN-004343,capybara,CAM-030,2024-08-26,1094,154,245,269
GUYRA-SYN-004344,brocket_deer,CAM-019,2024-08-24,589,501,327,106
GUYRA-SYN-004345,capybara,CAM-008,2024-10-10,1550,722,200,446
GUYRA-SYN-004346,anteater,CAM-045,2024-02-03,1372,924,355,319
GUYRA-SYN-004347,brocket_deer,CAM-046,2024-07-11,119,705,190,437
GUYRA-SYN-004348,brocket_deer,CAM-042,2024-07-03,256,54,394,181
GUYRA-SYN-004349,anteater,CAM-006,2024-12-21,657,976,380,128
GUYRA-SYN-004350,brocket_deer,CAM-043,2024-02-26,1477,122,179,167
GUYRA-SYN-004351,puma,CAM-005,2024-11-04,800,979,420,380
GUYRA-SYN-004352,capybara,CAM-029,2024-01-13,1288,978,423,318
GUYRA-SYN-004353,puma,CAM-022,2024-04-05,309,406,450,348
GUYRA-SYN-004354,jaguar,CAM-035,2024-06-19,318,146,170,293
GUYRA-SYN-004355,capybara,CAM-034,2024-12-10,1325,1049,288,312
GUYRA-SYN-004356,puma,CAM-032,2024-02-03,585,311,410,259
GUYRA-SYN-004357,puma,CAM-002,2024-01-01,1528,501,332,272
GUYRA-SYN-004358,puma,CAM-037,2024-09-19,1859,304,224,459
GUYRA-SYN-004359,capybara,CAM-005,2024-04-05,531,895,276,406
GUYRA-SYN-004360,capybara,CAM-041,2024-09-28,778,778,413,206
GUYRA-SYN-004361,puma,CAM-031,2024-09-23,528,211,351,437
GUYRA-SYN-004362,anteater,CAM-013,2024-11-16,845,701,391,136
GUYRA-SYN-004363,tapir,CAM-014,2024-09-05,84,193,150,498
GUYRA-SYN-004364,tapir,CAM-043,2024-01-27,794,723,183,458
GUYRA-SYN-004365,brocket_deer,CAM-026,2024-05-06,882,911,212,288
GUYRA-SYN-004366,jaguar,CAM-010,2024-08-06,572,647,276,212
GUYRA-SYN-004367,puma,CAM-032,2024-06-22,803,643,484,297
GUYRA-SYN-004368,anteater,CAM-031,2024-07-09,1083,903,361,250
GUYRA-SYN-004369,anteater,CAM-028,2024-03-06,570,589,462,288
GUYRA-SYN-004370,jaguar,CAM-002,2024-05-14,1280,282,261,102
GUYRA-SYN-004371,brocket_deer,CAM-038,2024-03-19,857,669,296,373
GUYRA-SYN-004372,tapir,CAM-008,2024-03-27,1376,111,315,492
GUYRA-SYN-004373,puma,CAM-049,2024-08-14,1456,1008,191,405
GUYRA-SYN-004374,puma,CAM-048,2024-06-23,44,902,399,498
GUYRA-SYN-004375,puma,CAM-017,2024-11-09,1774,283,137,167
GUYRA-SYN-004376,anteater,CAM-008,2024-05-14,1779,760,102,195
GUYRA-SYN-004377,puma,CAM-013,2024-05-16,945,12,246,276
GUYRA-SYN-004378,brocket_deer,CAM-047,2024-10-15,1757,280,291,159
GUYRA-SYN-004379,anteater,CAM-019,2024-12-21,106,939,112,204
GUYRA-SYN-004380,puma,CAM-042,2024-10-17,274,191,249,331
GUYRA-SYN-004381,anteater,CAM-044,2024-03-25,497,395,327,430
GUYRA-SYN-004382,capybara,CAM-010,2024-12-02,1897,552,262,132
GUYRA-SYN-004383,capybara,CAM-026,2024-08-13,1568,911,106,302
GUYRA-SYN-004384,puma,CAM-027,2024-11-08,1374,287,366,318
GUYRA-SYN-004385,puma,CAM-001,2024-02-03,283,310,113,125
GUYRA-SYN-004386,capybara,CAM-044,2024-09-10,1030,549,164,298
GUYRA-SYN-004387,tapir,CAM-050,2024-09-07,419,435,316,331
GUYRA-SYN-004388,capybara,CAM-037,2024-07-01,1617,1043,185,453
GUYRA-SYN-004389,anteater,CAM-039,2024-07-16,1482,175,457,205
GUYRA-SYN-004390,brocket_deer,CAM-001,2024-06-21,1386,518,410,246
GUYRA-SYN-004391,brocket_deer,CAM-039,2024-03-01,1151,758,314,243
GUYRA-SYN-004392,anteater,CAM-046,2024-01-04,1775,384,174,233
GUYRA-SYN-004393,anteater,CAM-024,2024-02-19,1905,440,291,125
GUYRA-SYN-004394,capybara,CAM-001,2024-02-04,1840,679,249,300
GUYRA-SYN-004395,jaguar,CAM-031,2024-06-26,1842,122,376,124
GUYRA-SYN-004396,puma,CAM-034,2024-12-17,1181,73,246,230
GUYRA-SYN-004397,capybara,CAM-005,2024-01-10,125,556,223,132
GUYRA-SYN-004398,tapir,CAM-026,2024-07-17,696,155,451,209
GUYRA-SYN-004399,tapir,CAM-013,2024-09-21,1340,211,240,363
GUYRA-SYN-004400,capybara,CAM-014,2024-08-10,938,654,280,358
GUYRA-SYN-004401,jaguar,CAM-013,2024-01-20,1309,24,152,306
GUYRA-SYN-004402,anteater,CAM-021,2024-07-10,916,225,349,330
GUYRA-SYN-004403,anteater,CAM-017,2024-01-03,1898,76,179,336
GUYRA-SYN-004404,capybara,CAM-007,2024-07-20,1079,418,347,459
GUYRA-SYN-004405,jaguar,CAM-028,2024-02-04,749,1056,299,317
GUYRA-SYN-004406,anteater,CAM-028,2024-02-03,1164,962,297,324
GUYRA-SYN-004407,tapir,CAM-038,2024-12-23,1067,413,439,201
GUYRA-SYN-004408,puma,CAM-027,2024-02-16,1781,85,468,264
GUYRA-SYN-004409,jaguar,CAM-022,2024-09-07,767,388,230,282
GUYRA-SYN-004410,capybara,CAM-035,2024-02-19,712,864,267,325
GUYRA-SYN-004411,capybara,CAM-010,2024-09-12,505,746,222,226
GUYRA-SYN-004412,anteater,CAM-042,2024-10-25,1558,1042,183,244
GUYRA-SYN-004413,puma,CAM-025,2024-07-22,290,193,339,497
GUYRA-SYN-004414,capybara,CAM-031,2024-06-18,88,136,448,269
GUYRA-SYN-004415,anteater,CAM-018,2024-07-14,1122,993,409,206
GUYRA-SYN-004416,jaguar,CAM-050,2024-04-01,310,1055,274,204
GUYRA-SYN-004417,puma,CAM-030,2024-03-16,1544,786,320,403
GUYRA-SYN-004418,anteater,CAM-042,2024-04-09,648,142,426,289
GUYRA-SYN-004419,capybara,CAM-046,2024-01-06,655,257,365,289
GUYRA-SYN-004420,tapir,CAM-028,2024-02-08,9,956,197,103
GUYRA-SYN-004421,anteater,CAM-037,2024-08-05,1814,16,427,333
GUYRA-SYN-004422,puma,CAM-036,2024-12-28,341,990,343,340
GUYRA-SYN-004423,brocket_deer,CAM-048,2024-02-04,1799,1026,249,171
GUYRA-SYN-004424,tapir,CAM-009,2024-12-24,984,1032,299,201
GUYRA-SYN-004425,jaguar,CAM-050,2024-10-02,17,906,142,174
GUYRA-SYN-004426,jaguar,CAM-004,2024-03-23,1756,570,172,199
GUYRA-SYN-004427,tapir,CAM-044,2024-05-16,443,106,278,478
GUYRA-SYN-004428,capybara,CAM-031,2024-12-22,915,961,148,487
GUYRA-SYN-004429,anteater,CAM-046,2024-07-04,1388,972,155,292
GUYRA-SYN-004430,tapir,CAM-046,2024-10-14,716,816,306,494
GUYRA-SYN-004431,brocket_deer,CAM-027,2024-05-02,1243,773,368,220
GUYRA-SYN-004432,puma,CAM-019,2024-05-01,35,750,177,182
GUYRA-SYN-004433,tapir,CAM-009,2024-11-13,1397,746,200,499
GUYRA-SYN-004434,brocket_deer,CAM-040,2024-04-23,373,260,145,396
GUYRA-SYN-004435,jaguar,CAM-049,2024-05-08,1277,27,334,110
GUYRA-SYN-004436,tapir,CAM-045,2024-05-16,1375,498,315,125
GUYRA-SYN-004437,jaguar,CAM-022,2024-08-26,1311,234,142,268
GUYRA-SYN-004438,jaguar,CAM-048,2024-12-04,89,141,303,462
GUYRA-SYN-004439,puma,CAM-027,2024-01-01,1032,66,168,305
GUYRA-SYN-004440,tapir,CAM-036,2024-10-23,427,535,339,272
GUYRA-SYN-004441,anteater,CAM-030,2024-09-28,416,451,263,247
GUYRA-SYN-004442,anteater,CAM-033,2024-12-07,733,1007,145,407
GUYRA-SYN-004443,puma,CAM-007,2024-05-19,825,966,391,146
GUYRA-SYN-004444,tapir,CAM-025,2024-04-23,1034,846,424,298
GUYRA-SYN-004445,tapir,CAM-044,2024-04-26,319,46,206,146
GUYRA-SYN-004446,brocket_deer,CAM-045,2024-03-27,1346,834,316,286
GUYRA-SYN-004447,puma,CAM-050,2024-09-05,635,804,375,270
GUYRA-SYN-004448,tapir,CAM-038,2024-03-24,1020,263,248,101
GUYRA-SYN-004449,jaguar,CAM-003,2024-12-24,1383,289,110,379
GUYRA-SYN-004450,brocket_deer,CAM-043,2024-01-03,622,772,108,263
GUYRA-SYN-004451,jaguar,CAM-038,2024-01-18,1568,692,243,206
GUYRA-SYN-004452,puma,CAM-032,2024-02-13,1334,415,473,129
GUYRA-SYN-004453,capybara,CAM-045,2024-12-07,480,655,315,435
GUYRA-SYN-004454,puma,CAM-025,2024-10-23,1561,411,106,145
GUYRA-SYN-004455,jaguar,CAM-004,2024-12-02,1206,107,369,404
GUYRA-SYN-004456,anteater,CAM-016,2024-02-18,908,1067,158,472
GUYRA-SYN-004457,jaguar,CAM-020,2024-09-02,355,1078,429,218
GUYRA-SYN-004458,tapir,CAM-045,2024-05-03,686,368,419,449
GUYRA-SYN-004459,jaguar,CAM-040,2024-12-08,101,537,461,212
GUYRA-SYN-004460,capybara,CAM-029,2024-07-14,181,496,494,313
GUYRA-SYN-004461,brocket_deer,CAM-011,2024-09-21,50,1048,142,171
GUYRA-SYN-004462,puma,CAM-044,2024-11-14,1064,136,278,489
GUYRA-SYN-004463,anteater,CAM-020,2024-08-23,525,937,101,277
GUYRA-SYN-004464,capybara,CAM-015,2024-02-27,1767,180,118,278
GUYRA-SYN-004465,capybara,CAM-036,2024-04-22,1596,500,104,413
GUYRA-SYN-004466,brocket_deer,CAM-032,2024-04-20,917,1031,248,171
GUYRA-SYN-004467,jaguar,CAM-036,2024-10-04,1529,631,171,441
GUYRA-SYN-004468,brocket_deer,CAM-039,2024-04-16,835,729,431,114
GUYRA-SYN-004469,capybara,CAM-007,2024-07-26,994,874,345,453
GUYRA-SYN-004470,jaguar,CAM-033,2024-08-16,815,256,436,371
GUYRA-SYN-004471,anteater,CAM-014,2024-07-08,885,1077,440,441
GUYRA-SYN-004472,tapir,CAM-002,2024-02-24,1340,812,497,500
GUYRA-SYN-004473,capybara,CAM-011,2024-08-13,352,325,194,317
GUYRA-SYN-004474,brocket_deer,CAM-028,2024-08-17,1701,1054,105,391
GUYRA-SYN-004475,capybara,CAM-045,2024-04-15,1318,813,143,302
GUYRA-SYN-004476,tapir,CAM-011,2024-03-18,1877,1,337,249
GUYRA-SYN-004477,anteater,CAM-038,2024-04-26,651,217,169,265
GUYRA-SYN-004478,tapir,CAM-040,2024-08-16,952,311,322,265
GUYRA-SYN-004479,anteater,CAM-032,2024-07-10,51,384,385,289
GUYRA-SYN-004480,capybara,CAM-035,2024-01-11,60,148,463,248
GUYRA-SYN-004481,jaguar,CAM-050,2024-08-04,1826,793,268,347
GUYRA-SYN-004482,anteater,CAM-038,2024-04-19,143,284,402,280
GUYRA-SYN-004483,brocket_deer,CAM-023,2024-02-18,1091,903,141,431
GUYRA-SYN-004484,jaguar,CAM-020,2024-09-14,80,114,433,284
GUYRA-SYN-004485,jaguar,CAM-001,2024-12-20,376,536,238,404
GUYRA-SYN-004486,capybara,CAM-041,2024-03-17,915,1006,278,427
GUYRA-SYN-004487,brocket_deer,CAM-004,2024-11-08,1315,34,496,172
GUYRA-SYN-004488,anteater,CAM-013,2024-01-04,208,307,274,424
GUYRA-SYN-004489,jaguar,CAM-005,2024-11-17,801,73,352,240
GUYRA-SYN-004490,puma,CAM-037,2024-01-13,1354,705,176,192
GUYRA-SYN-004491,puma,CAM-015,2024-04-14,1238,431,160,424
GUYRA-SYN-004492,anteater,CAM-002,2024-07-06,1815,85,106,500
GUYRA-SYN-004493,brocket_deer,CAM-041,2024-04-01,278,535,188,297
GUYRA-SYN-004494,capybara,CAM-046,2024-07-05,531,924,286,222
GUYRA-SYN-004495,brocket_deer,CAM-048,2024-11-10,50,668,353,500
GUYRA-SYN-004496,capybara,CAM-006,2024-11-25,567,624,300,439
GUYRA-SYN-004497,anteater,CAM-024,2024-07-22,1591,1015,230,125
GUYRA-SYN-004498,capybara,CAM-025,2024-09-16,1615,426,285,430
GUYRA-SYN-004499,tapir,CAM-017,2024-06-08,520,676,470,133
GUYRA-SYN-004500,tapir,CAM-025,2024-11-14,1835,857,281,363
GUYRA-SYN-004501,puma,CAM-043,2024-12-28,548,1037,201,251
GUYRA-SYN-004502,anteater,CAM-048,2024-04-22,1898,723,435,380
GUYRA-SYN-004503,brocket_deer,CAM-041,2024-03-28,852,1012,210,322
GUYRA-SYN-004504,brocket_deer,CAM-020,2024-09-11,492,315,115,439
GUYRA-SYN-004505,brocket_deer,CAM-031,2024-06-17,964,9,360,411
GUYRA-SYN-004506,tapir,CAM-016,2024-03-25,1810,836,494,412
GUYRA-SYN-004507,anteater,CAM-014,2024-11-27,1328,515,253,224
GUYRA-SYN-004508,capybara,CAM-028,2024-10-23,690,64,282,112
GUYRA-SYN-004509,capybara,CAM-020,2024-06-26,122,739,469,116
GUYRA-SYN-004510,anteater,CAM-012,2024-09-09,821,949,184,475
GUYRA-SYN-004511,jaguar,CAM-004,2024-08-07,574,352,488,408
GUYRA-SYN-004512,puma,CAM-037,2024-01-23,957,915,216,478
GUYRA-SYN-004513,brocket_deer,CAM-010,2024-10-11,552,707,441,421
GUYRA-SYN-004514,capybara,CAM-001,2024-04-18,1895,58,132,315
GUYRA-SYN-004515,puma,CAM-022,2024-09-12,225,725,119,446
GUYRA-SYN-004516,puma,CAM-045,2024-12-21,9,614,275,111
GUYRA-SYN-004517,capybara,CAM-012,2024-09-04,638,429,275,216
GUYRA-SYN-004518,jaguar,CAM-009,2024-08-20,542,476,214,484
GUYRA-SYN-004519,brocket_deer,CAM-040,2024-06-07,161,205,157,172
GUYRA-SYN-004520,puma,CAM-043,2024-06-19,59,562,185,305
GUYRA-SYN-004521,tapir,CAM-012,2024-08-27,541,305,382,322
GUYRA-SYN-004522,capybara,CAM-025,2024-03-26,1367,704,156,454
GUYRA-SYN-004523,jaguar,CAM-034,2024-06-16,457,394,383,466
GUYRA-SYN-004524,capybara,CAM-023,2024-06-10,700,164,232,423
GUYRA-SYN-004525,brocket_deer,CAM-003,2024-10-27,1861,165,399,218
GUYRA-SYN-004526,tapir,CAM-007,2024-02-16,1363,623,276,283
GUYRA-SYN-004527,tapir,CAM-049,2024-11-08,1410,929,457,116
GUYRA-SYN-004528,brocket_deer,CAM-009,2024-08-06,1113,220,312,333
GUYRA-SYN-004529,puma,CAM-016,2024-08-09,789,195,171,144
GUYRA-SYN-004530,capybara,CAM-021,2024-08-12,866,341,489,317
GUYRA-SYN-004531,tapir,CAM-007,2024-03-25,868,58,363,231
GUYRA-SYN-004532,anteater,CAM-008,2024-09-26,1341,905,300,181
GUYRA-SYN-004533,jaguar,CAM-038,2024-10-02,868,479,142,408
GUYRA-SYN-004534,brocket_deer,CAM-016,2024-01-26,1728,481,416,406
GUYRA-SYN-004535,tapir,CAM-005,2024-07-24,1011,121,259,271
GUYRA-SYN-004536,jaguar,CAM-046,2024-06-24,1260,292,164,446
GUYRA-SYN-004537,capybara,CAM-047,2024-07-15,466,204,188,489
GUYRA-SYN-004538,puma,CAM-018,2024-04-27,1588,78,257,357
GUYRA-SYN-004539,tapir,CAM-006,2024-11-10,1331,311,129,174
GUYRA-SYN-004540,tapir,CAM-039,2024-04-13,609,750,123,447
GUYRA-SYN-004541,puma,CAM-036,2024-03-26,1479,486,154,226
GUYRA-SYN-004542,tapir,CAM-009,2024-08-12,1571,759,326,293
GUYRA-SYN-004543,brocket_deer,CAM-012,2024-10-20,130,225,467,269
GUYRA-SYN-004544,tapir,CAM-038,2024-01-24,584,529,199,143
GUYRA-SYN-004545,anteater,CAM-046,2024-04-21,612,509,323,414
GUYRA-SYN-004546,tapir,CAM-015,2024-02-02,1404,321,440,399
GUYRA-SYN-004547,brocket_deer,CAM-031,2024-02-22,1315,219,264,108
GUYRA-SYN-004548,brocket_deer,CAM-010,2024-11-19,234,957,409,164
GUYRA-SYN-004549,brocket_deer,CAM-022,2024-02-15,437,331,360,157
GUYRA-SYN-004550,brocket_deer,CAM-010,2024-11-20,170,109,474,357
GUYRA-SYN-004551,brocket_deer,CAM-015,2024-10-05,320,200,403,381
GUYRA-SYN-004552,puma,CAM-026,2024-10-03,1611,659,326,211
GUYRA-SYN-004553,capybara,CAM-030,2024-07-25,991,233,495,113
GUYRA-SYN-004554,tapir,CAM-009,2024-10-17,1397,924,349,100
GUYRA-SYN-004555,brocket_deer,CAM-042,2024-05-12,1741,165,291,200
GUYRA-SYN-004556,jaguar,CAM-017,2024-05-11,104,21,190,103
GUYRA-SYN-004557,puma,CAM-050,2024-11-13,1520,1066,224,386
GUYRA-SYN-004558,brocket_deer,CAM-036,2024-10-02,1816,436,481,258
GUYRA-SYN-004559,capybara,CAM-023,2024-01-06,1217,647,357,304
GUYRA-SYN-004560,brocket_deer,CAM-049,2024-07-02,486,97,239,104
GUYRA-SYN-004561,anteater,CAM-050,2024-12-26,421,559,308,450
GUYRA-SYN-004562,capybara,CAM-030,2024-11-12,609,140,374,464
GUYRA-SYN-004563,capybara,CAM-010,2024-04-26,868,1034,149,122
GUYRA-SYN-004564,jaguar,CAM-016,2024-09-22,270,914,188,136
GUYRA-SYN-004565,jaguar,CAM-049,2024-06-04,499,500,243,292
GUYRA-SYN-004566,jaguar,CAM-007,2024-09-10,327,304,101,150
GUYRA-SYN-004567,puma,CAM-035,2024-11-18,346,740,220,188
GUYRA-SYN-004568,jaguar,CAM-050,2024-09-24,403,157,485,444
GUYRA-SYN-004569,brocket_deer,CAM-034,2024-02-24,1596,841,213,312
GUYRA-SYN-004570,jaguar,CAM-016,2024-09-19,1385,176,432,459
GUYRA-SYN-004571,brocket_deer,CAM-016,2024-12-13,1229,25,338,483
GUYRA-SYN-004572,anteater,CAM-038,2024-12-10,1327,995,319,346
GUYRA-SYN-004573,puma,CAM-003,2024-01-01,724,265,141,231
GUYRA-SYN-004574,capybara,CAM-046,2024-02-25,103,970,104,333
GUYRA-SYN-004575,jaguar,CAM-028,2024-04-09,1148,747,114,434
GUYRA-SYN-004576,capybara,CAM-035,2024-10-11,213,369,210,334
GUYRA-SYN-004577,jaguar,CAM-034,2024-06-03,1566,225,499,399
GUYRA-SYN-004578,jaguar,CAM-040,2024-05-26,1316,622,285,232
GUYRA-SYN-004579,tapir,CAM-027,2024-10-16,290,809,276,273
GUYRA-SYN-004580,brocket_deer,CAM-008,2024-10-06,928,876,355,140
GUYRA-SYN-004581,puma,CAM-029,2024-08-24,1401,238,452,486
GUYRA-SYN-004582,capybara,CAM-033,2024-09-14,1536,289,317,223
GUYRA-SYN-004583,anteater,CAM-023,2024-07-04,275,822,491,295
GUYRA-SYN-004584,brocket_deer,CAM-035,2024-04-01,762,744,353,206
GUYRA-SYN-004585,brocket_deer,CAM-007,2024-04-18,1732,1074,344,482
GUYRA-SYN-004586,tapir,CAM-003,2024-03-24,286,445,451,435
GUYRA-SYN-004587,capybara,CAM-049,2024-05-22,779,140,254,252
GUYRA-SYN-004588,brocket_deer,CAM-025,2024-03-16,868,419,472,211
GUYRA-SYN-004589,jaguar,CAM-019,2024-11-04,146,936,313,498
GUYRA-SYN-004590,jaguar,CAM-044,2024-05-06,1282,209,291,195
GUYRA-SYN-004591,tapir,CAM-033,2024-04-04,1230,812,372,477
GUYRA-SYN-004592,brocket_deer,CAM-014,2024-07-09,981,55,228,298
GUYRA-SYN-004593,tapir,CAM-025,2024-09-19,793,1045,347,111
GUYRA-SYN-004594,puma,CAM-025,2024-09-18,1596,473,101,114
GUYRA-SYN-004595,tapir,CAM-035,2024-04-16,1398,466,305,473
GUYRA-SYN-004596,puma,CAM-045,2024-02-25,705,370,482,174
GUYRA-SYN-004597,capybara,CAM-039,2024-02-22,1318,343,347,129
GUYRA-SYN-004598,brocket_deer,CAM-022,2024-10-08,573,131,122,235
GUYRA-SYN-004599,jaguar,CAM-025,2024-12-22,297,192,141,378
GUYRA-SYN-004600,brocket_deer,CAM-011,2024-03-17,321,575,345,163
GUYRA-SYN-004601,anteater,CAM-013,2024-01-03,1098,233,328,456
GUYRA-SYN-004602,anteater,CAM-050,2024-07-21,109,983,271,446
GUYRA-SYN-004603,brocket_deer,CAM-034,2024-10-24,1618,1066,435,229
GUYRA-SYN-004604,anteater,CAM-031,2024-05-19,1258,919,419,407
GUYRA-SYN-004605,jaguar,CAM-021,2024-03-28,276,218,351,163
GUYRA-SYN-004606,jaguar,CAM-018,2024-09-28,838,687,313,282
GUYRA-SYN-004607,anteater,CAM-048,2024-02-18,1269,208,104,321
GUYRA-SYN-004608,jaguar,CAM-032,2024-04-21,1640,641,308,224
GUYRA-SYN-004609,jaguar,CAM-027,2024-04-27,192,344,405,336
GUYRA-SYN-004610,tapir,CAM-023,2024-08-27,364,848,152,314
GUYRA-SYN-004611,anteater,CAM-020,2024-10-14,446,999,387,359
GUYRA-SYN-004612,jaguar,CAM-006,2024-10-27,1826,432,369,453
GUYRA-SYN-004613,capybara,CAM-038,2024-11-19,1816,109,300,371
GUYRA-SYN-004614,puma,CAM-045,2024-01-04,1563,424,429,106
GUYRA-SYN-004615,brocket_deer,CAM-005,2024-07-16,712,386,449,456
GUYRA-SYN-004616,puma,CAM-008,2024-07-08,1643,398,315,161
GUYRA-SYN-004617,puma,CAM-005,2024-08-20,1763,1079,268,237
GUYRA-SYN-004618,anteater,CAM-003,2024-01-10,1411,115,224,343
GUYRA-SYN-004619,capybara,CAM-011,2024-10-12,1535,605,290,364
GUYRA-SYN-004620,tapir,CAM-033,2024-04-11,1423,862,220,448
GUYRA-SYN-004621,anteater,CAM-038,2024-09-25,1701,253,178,346
GUYRA-SYN-004622,tapir,CAM-047,2024-04-20,1294,315,174,264
GUYRA-SYN-004623,tapir,CAM-007,2024-08-26,557,142,407,458
GUYRA-SYN-004624,capybara,CAM-012,2024-06-18,1803,136,422,478
GUYRA-SYN-004625,tapir,CAM-032,2024-07-06,1852,217,460,193
GUYRA-SYN-004626,capybara,CAM-013,2024-07-26,76,248,456,377
GUYRA-SYN-004627,brocket_deer,CAM-015,2024-10-20,534,733,232,150
GUYRA-SYN-004628,puma,CAM-047,2024-09-09,651,478,148,260
GUYRA-SYN-004629,brocket_deer,CAM-014,2024-01-20,496,17,495,340
GUYRA-SYN-004630,anteater,CAM-026,2024-09-22,1509,691,496,418
GUYRA-SYN-004631,jaguar,CAM-042,2024-10-14,1424,626,285,396
GUYRA-SYN-004632,anteater,CAM-030,2024-03-21,568,65,387,483
GUYRA-SYN-004633,anteater,CAM-039,2024-03-23,220,943,347,425
GUYRA-SYN-004634,puma,CAM-022,2024-11-25,1895,190,314,305
GUYRA-SYN-004635,anteater,CAM-005,2024-02-07,441,963,198,319
GUYRA-SYN-004636,brocket_deer,CAM-002,2024-08-23,278,247,345,436
GUYRA-SYN-004637,puma,CAM-046,2024-05-01,1446,369,256,167
GUYRA-SYN-004638,capybara,CAM-011,2024-11-06,1505,553,148,452
GUYRA-SYN-004639,anteater,CAM-034,2024-12-08,1660,125,310,444
GUYRA-SYN-004640,puma,CAM-012,2024-12-08,888,640,257,107
GUYRA-SYN-004641,jaguar,CAM-035,2024-02-21,1619,634,248,237
GUYRA-SYN-004642,puma,CAM-019,2024-09-28,1746,554,179,442
GUYRA-SYN-004643,capybara,CAM-002,2024-03-23,572,501,486,288
GUYRA-SYN-004644,jaguar,CAM-045,2024-10-10,899,842,279,459
GUYRA-SYN-004645,jaguar,CAM-008,2024-11-24,1054,872,436,133
GUYRA-SYN-004646,tapir,CAM-027,2024-05-01,1254,583,152,258
GUYRA-SYN-004647,brocket_deer,CAM-023,2024-04-20,1104,133,198,339
GUYRA-SYN-004648,jaguar,CAM-021,2024-05-27,1303,274,253,266
GUYRA-SYN-004649,jaguar,CAM-044,2024-11-20,114,1041,191,297
GUYRA-SYN-004650,jaguar,CAM-043,2024-02-01,1316,408,262,296
GUYRA-SYN-004651,tapir,CAM-040,2024-05-06,1534,359,118,424
GUYRA-SYN-004652,puma,CAM-016,2024-08-13,1456,781,321,398
GUYRA-SYN-004653,capybara,CAM-028,2024-10-06,1587,343,391,277
GUYRA-SYN-004654,puma,CAM-015,2024-09-13,191,512,147,133
GUYRA-SYN-004655,capybara,CAM-035,2024-04-20,1386,33,418,218
GUYRA-SYN-004656,tapir,CAM-009,2024-05-21,1292,304,250,101
GUYRA-SYN-004657,brocket_deer,CAM-028,2024-11-06,1049,384,238,309
GUYRA-SYN-004658,puma,CAM-013,2024-05-22,1059,471,221,231
GUYRA-SYN-004659,puma,CAM-031,2024-06-04,1510,1078,295,323
GUYRA-SYN-004660,anteater,CAM-017,2024-12-02,1039,890,497,285
GUYRA-SYN-004661,tapir,CAM-012,2024-05-08,1489,361,296,417
GUYRA-SYN-004662,puma,CAM-036,2024-06-11,42,921,237,204
GUYRA-SYN-004663,tapir,CAM-002,2024-10-28,711,334,488,386
GUYRA-SYN-004664,capybara,CAM-034,2024-10-12,1246,557,345,423
GUYRA-SYN-004665,jaguar,CAM-016,2024-10-14,1652,864,245,267
GUYRA-SYN-004666,puma,CAM-021,2024-10-04,1719,963,307,268
GUYRA-SYN-004667,jaguar,CAM-017,2024-08-04,1643,1071,203,102
GUYRA-SYN-004668,jaguar,CAM-049,2024-10-26,1205,696,240,169
GUYRA-SYN-004669,anteater,CAM-033,2024-08-07,1913,562,245,478
GUYRA-SYN-004670,capybara,CAM-040,2024-11-13,1365,772,364,322
GUYRA-SYN-004671,brocket_deer,CAM-029,2024-10-18,1251,528,333,108
GUYRA-SYN-004672,brocket_deer,CAM-045,2024-02-15,1434,45,321,399
GUYRA-SYN-004673,jaguar,CAM-006,2024-05-20,901,168,141,113
GUYRA-SYN-004674,puma,CAM-034,2024-05-26,1466,917,152,272
GUYRA-SYN-004675,brocket_deer,CAM-031,2024-06-14,885,667,100,434
GUYRA-SYN-004676,tapir,CAM-005,2024-09-24,1034,865,110,451
GUYRA-SYN-004677,jaguar,CAM-025,2024-08-22,599,534,388,470
GUYRA-SYN-004678,capybara,CAM-012,2024-04-10,1421,424,288,412
GUYRA-SYN-004679,capybara,CAM-028,2024-10-17,671,38,242,265
GUYRA-SYN-004680,jaguar,CAM-042,2024-06-26,837,836,462,395
GUYRA-SYN-004681,puma,CAM-032,2024-06-10,93,277,464,483
GUYRA-SYN-004682,tapir,CAM-012,2024-09-14,147,965,459,374
GUYRA-SYN-004683,anteater,CAM-011,2024-06-26,912,254,253,117
GUYRA-SYN-004684,puma,CAM-022,2024-01-28,1397,492,375,265
GUYRA-SYN-004685,capybara,CAM-032,2024-07-24,353,770,254,363
GUYRA-SYN-004686,jaguar,CAM-041,2024-07-25,1548,510,364,431
GUYRA-SYN-004687,tapir,CAM-037,2024-04-25,1533,833,386,126
GUYRA-SYN-004688,capybara,CAM-025,2024-04-11,1048,718,213,109
GUYRA-SYN-004689,capybara,CAM-006,2024-01-25,162,289,324,381
GUYRA-SYN-004690,anteater,CAM-025,2024-10-11,172,426,100,488
GUYRA-SYN-004691,tapir,CAM-042,2024-09-28,755,301,462,350
GUYRA-SYN-004692,brocket_deer,CAM-023,2024-09-13,1554,972,124,210
GUYRA-SYN-004693,brocket_deer,CAM-021,2024-07-05,105,397,482,316
GUYRA-SYN-004694,puma,CAM-017,2024-05-22,576,432,421,404
GUYRA-SYN-004695,tapir,CAM-026,2024-09-25,1224,773,482,478
GUYRA-SYN-004696,capybara,CAM-016,2024-04-04,1100,147,445,177
GUYRA-SYN-004697,puma,CAM-015,2024-06-15,1391,863,145,344
GUYRA-SYN-004698,capybara,CAM-048,2024-01-15,1807,450,163,328
GUYRA-SYN-004699,tapir,CAM-018,2024-06-15,945,876,188,445
GUYRA-SYN-004700,brocket_deer,CAM-009,2024-07-08,803,910,375,260
GUYRA-SYN-004701,capybara,CAM-003,2024-09-20,1846,1000,353,235
GUYRA-SYN-004702,brocket_deer,CAM-050,2024-06-20,558,587,432,222
GUYRA-SYN-004703,tapir,CAM-033,2024-12-11,283,725,197,328
GUYRA-SYN-004704,capybara,CAM-030,2024-05-27,1780,56,485,222
GUYRA-SYN-004705,brocket_deer,CAM-025,2024-08-14,1141,973,244,112
GUYRA-SYN-004706,tapir,CAM-010,2024-01-28,983,862,339,281
GUYRA-SYN-004707,jaguar,CAM-020,2024-10-15,718,409,252,145
GUYRA-SYN-004708,jaguar,CAM-021,2024-08-25,425,425,130,418
GUYRA-SYN-004709,anteater,CAM-004,2024-01-21,1469,95,392,242
GUYRA-SYN-004710,capybara,CAM-003,2024-07-12,815,731,471,359
GUYRA-SYN-004711,puma,CAM-016,2024-12-10,1479,539,275,225
GUYRA-SYN-004712,anteater,CAM-022,2024-11-22,865,748,225,275
GUYRA-SYN-004713,puma,CAM-013,2024-11-05,842,880,116,423
GUYRA-SYN-004714,capybara,CAM-043,2024-01-28,75,532,338,114
GUYRA-SYN-004715,anteater,CAM-048,2024-02-03,122,502,257,399
GUYRA-SYN-004716,capybara,CAM-024,2024-07-03,161,1027,390,402
GUYRA-SYN-004717,capybara,CAM-026,2024-06-03,177,208,449,262
GUYRA-SYN-004718,anteater,CAM-014,2024-12-15,1612,566,305,318
GUYRA-SYN-004719,jaguar,CAM-020,2024-12-10,963,918,317,147
GUYRA-SYN-004720,anteater,CAM-042,2024-11-14,1046,997,442,100
GUYRA-SYN-004721,tapir,CAM-047,2024-08-24,1195,842,304,443
GUYRA-SYN-004722,capybara,CAM-025,2024-09-05,1450,32,479,290
GUYRA-SYN-004723,capybara,CAM-009,2024-06-13,702,767,108,369
GUYRA-SYN-004724,capybara,CAM-040,2024-02-09,1471,336,459,219
GUYRA-SYN-004725,capybara,CAM-015,2024-01-24,369,380,354,316
GUYRA-SYN-004726,tapir,CAM-002,2024-06-09,1716,985,448,223
GUYRA-SYN-004727,anteater,CAM-035,2024-07-06,1873,318,134,229
GUYRA-SYN-004728,jaguar,CAM-023,2024-02-07,1793,180,372,298
GUYRA-SYN-004729,brocket_deer,CAM-003,2024-05-16,629,923,224,209
GUYRA-SYN-004730,anteater,CAM-038,2024-02-09,929,1024,273,185
GUYRA-SYN-004731,tapir,CAM-030,2024-05-28,619,262,101,196
GUYRA-SYN-004732,tapir,CAM-039,2024-05-10,211,34,482,444
GUYRA-SYN-004733,puma,CAM-047,2024-04-26,1033,984,430,215
GUYRA-SYN-004734,tapir,CAM-006,2024-09-24,1396,832,311,258
GUYRA-SYN-004735,brocket_deer,CAM-031,2024-05-04,417,184,204,287
GUYRA-SYN-004736,jaguar,CAM-033,2024-11-07,17,289,281,363
GUYRA-SYN-004737,tapir,CAM-013,2024-05-14,1581,651,373,140
GUYRA-SYN-004738,tapir,CAM-014,2024-10-17,1588,746,426,185
GUYRA-SYN-004739,capybara,CAM-008,2024-08-18,1233,671,275,418
GUYRA-SYN-004740,anteater,CAM-004,2024-10-17,621,155,187,383
GUYRA-SYN-004741,brocket_deer,CAM-022,2024-06-26,1062,226,292,335
GUYRA-SYN-004742,tapir,CAM-049,2024-10-06,440,420,149,400
GUYRA-SYN-004743,puma,CAM-020,2024-09-25,1171,187,380,466
GUYRA-SYN-004744,jaguar,CAM-047,2024-01-07,1091,133,232,297
GUYRA-SYN-004745,puma,CAM-017,2024-03-23,1242,354,259,180
GUYRA-SYN-004746,jaguar,CAM-045,2024-10-12,1176,948,481,223
GUYRA-SYN-004747,jaguar,CAM-038,2024-12-04,355,129,363,260
GUYRA-SYN-004748,puma,CAM-031,2024-04-10,185,178,251,470
GUYRA-SYN-004749,brocket_deer,CAM-006,2024-04-08,171,680,428,282
GUYRA-SYN-004750,tapir,CAM-013,2024-01-03,656,457,119,197
GUYRA-SYN-004751,jaguar,CAM-020,2024-05-01,921,903,372,145
GUYRA-SYN-004752,capybara,CAM-046,2024-02-02,1262,834,284,414
GUYRA-SYN-004753,anteater,CAM-020,2024-11-25,640,654,333,308
GUYRA-SYN-004754,capybara,CAM-046,2024-07-08,1534,625,266,255
GUYRA-SYN-004755,jaguar,CAM-036,2024-12-06,1223,201,172,308
GUYRA-SYN-004756,anteater,CAM-039,2024-05-11,312,112,313,257
GUYRA-SYN-004757,capybara,CAM-006,2024-10-24,1645,210,111,314
GUYRA-SYN-004758,jaguar,CAM-045,2024-12-13,1312,779,453,415
GUYRA-SYN-004759,jaguar,CAM-002,2024-01-25,1819,1078,425,167
GUYRA-SYN-004760,puma,CAM-043,2024-05-05,1638,252,307,374
GUYRA-SYN-004761,puma,CAM-027,2024-09-05,311,171,424,355
GUYRA-SYN-004762,tapir,CAM-041,2024-07-06,1331,780,416,391
GUYRA-SYN-004763,brocket_deer,CAM-010,2024-01-17,396,554,354,393
GUYRA-SYN-004764,capybara,CAM-006,2024-12-01,22,707,391,217
GUYRA-SYN-004765,puma,CAM-043,2024-11-21,1889,720,352,166
GUYRA-SYN-004766,puma,CAM-036,2024-11-15,100,412,180,174
GUYRA-SYN-004767,jaguar,CAM-003,2024-11-22,948,547,386,273
GUYRA-SYN-004768,anteater,CAM-032,2024-12-05,520,391,384,337
GUYRA-SYN-004769,jaguar,CAM-010,2024-10-12,180,604,271,195
GUYRA-SYN-004770,capybara,CAM-003,2024-06-22,1048,47,461,175
GUYRA-SYN-004771,capybara,CAM-034,2024-07-01,1650,778,122,247
GUYRA-SYN-004772,anteater,CAM-002,2024-03-26,1915,372,234,106
GUYRA-SYN-004773,brocket_deer,CAM-023,2024-05-16,539,923,304,454
GUYRA-SYN-004774,anteater,CAM-022,2024-01-23,1186,47,231,142
GUYRA-SYN-004775,capybara,CAM-033,2024-12-19,1034,676,323,300
GUYRA-SYN-004776,capybara,CAM-017,2024-04-02,192,796,268,421
GUYRA-SYN-004777,tapir,CAM-028,2024-03-08,1054,1007,371,360
GUYRA-SYN-004778,anteater,CAM-029,2024-12-13,711,871,456,414
GUYRA-SYN-004779,anteater,CAM-016,2024-02-07,797,107,313,431
GUYRA-SYN-004780,puma,CAM-009,2024-10-01,1811,180,150,472
GUYRA-SYN-004781,puma,CAM-036,2024-07-01,1888,572,346,401
GUYRA-SYN-004782,tapir,CAM-043,2024-08-03,1543,31,209,360
GUYRA-SYN-004783,jaguar,CAM-014,2024-06-04,1556,525,366,400
GUYRA-SYN-004784,tapir,CAM-047,2024-04-18,345,593,257,137
GUYRA-SYN-004785,anteater,CAM-046,2024-02-09,941,97,285,219
GUYRA-SYN-004786,tapir,CAM-029,2024-03-18,490,734,147,476
GUYRA-SYN-004787,brocket_deer,CAM-031,2024-04-21,115,678,473,213
GUYRA-SYN-004788,puma,CAM-043,2024-12-13,1010,16,384,230
GUYRA-SYN-004789,anteater,CAM-049,2024-09-13,1668,847,269,294
GUYRA-SYN-004790,capybara,CAM-043,2024-03-19,1824,341,288,496
GUYRA-SYN-004791,capybara,CAM-043,2024-09-22,380,325,369,184
GUYRA-SYN-004792,capybara,CAM-035,2024-01-25,1564,226,369,211
GUYRA-SYN-004793,puma,CAM-016,2024-06-07,85,894,361,363
GUYRA-SYN-004794,tapir,CAM-028,2024-09-24,610,865,348,309
GUYRA-SYN-004795,capybara,CAM-032,2024-09-01,1250,817,242,265
GUYRA-SYN-004796,anteater,CAM-015,2024-08-09,1503,574,394,266
GUYRA-SYN-004797,anteater,CAM-031,2024-06-05,162,473,282,425
GUYRA-SYN-004798,puma,CAM-006,2024-08-11,1837,705,450,463
GUYRA-SYN-004799,tapir,CAM-039,2024-11-06,1891,1030,458,418
GUYRA-SYN-004800,brocket_deer,CAM-018,2024-09-23,936,566,144,451
GUYRA-SYN-004801,jaguar,CAM-046,2024-11-10,1078,790,450,180
GUYRA-SYN-004802,brocket_deer,CAM-029,2024-06-25,246,241,415,416
GUYRA-SYN-004803,brocket_deer,CAM-028,2024-05-11,458,549,413,308
GUYRA-SYN-004804,tapir,CAM-021,2024-02-25,733,892,259,157
GUYRA-SYN-004805,anteater,CAM-026,2024-08-17,1226,874,221,469
GUYRA-SYN-004806,jaguar,CAM-004,2024-10-07,718,1032,194,131
GUYRA-SYN-004807,jaguar,CAM-026,2024-04-27,77,175,488,477
GUYRA-SYN-004808,tapir,CAM-037,2024-08-21,1309,317,188,243
GUYRA-SYN-004809,puma,CAM-009,2024-09-09,1555,440,256,495
GUYRA-SYN-004810,capybara,CAM-039,2024-03-16,781,840,383,124
GUYRA-SYN-004811,anteater,CAM-041,2024-09-25,520,892,435,455
GUYRA-SYN-004812,jaguar,CAM-006,2024-11-28,1036,68,240,104
GUYRA-SYN-004813,puma,CAM-013,2024-05-18,10,147,270,212
GUYRA-SYN-004814,brocket_deer,CAM-048,2024-04-12,1627,1079,304,304
GUYRA-SYN-004815,capybara,CAM-032,2024-02-12,668,534,239,313
GUYRA-SYN-004816,jaguar,CAM-023,2024-04-19,315,804,120,414
GUYRA-SYN-004817,brocket_deer,CAM-032,2024-05-24,1688,825,424,458
GUYRA-SYN-004818,puma,CAM-032,2024-03-02,1288,681,483,205
GUYRA-SYN-004819,brocket_deer,CAM-045,2024-05-20,1174,128,154,406
GUYRA-SYN-004820,capybara,CAM-010,2024-12-17,1681,714,309,327
GUYRA-SYN-004821,capybara,CAM-041,2024-11-05,1644,1026,286,477
GUYRA-SYN-004822,jaguar,CAM-011,2024-02-12,657,445,385,225
GUYRA-SYN-004823,jaguar,CAM-044,2024-08-15,696,655,381,171
GUYRA-SYN-004824,jaguar,CAM-011,2024-07-06,853,532,211,410
GUYRA-SYN-004825,tapir,CAM-026,2024-08-21,1048,546,247,483
GUYRA-SYN-004826,brocket_deer,CAM-001,2024-08-18,1248,45,346,275
GUYRA-SYN-004827,jaguar,CAM-043,2024-10-23,1166,204,410,358
GUYRA-SYN-004828,jaguar,CAM-030,2024-08-12,758,140,178,393
GUYRA-SYN-004829,capybara,CAM-045,2024-05-10,196,628,409,499
GUYRA-SYN-004830,puma,CAM-022,2024-04-22,205,879,241,417
GUYRA-SYN-004831,anteater,CAM-012,2024-09-25,1378,500,364,499
GUYRA-SYN-004832,capybara,CAM-022,2024-11-19,974,557,325,327
GUYRA-SYN-004833,brocket_deer,CAM-023,2024-07-25,653,75,346,109
GUYRA-SYN-004834,tapir,CAM-021,2024-05-24,1254,539,432,462
GUYRA-SYN-004835,puma,CAM-041,2024-05-08,1568,884,374,341
GUYRA-SYN-004836,capybara,CAM-032,2024-02-11,1760,840,388,189
GUYRA-SYN-004837,puma,CAM-047,2024-01-27,1192,544,493,413
GUYRA-SYN-004838,jaguar,CAM-032,2024-07-23,493,611,157,277
GUYRA-SYN-004839,puma,CAM-024,2024-10-15,955,255,126,439
GUYRA-SYN-004840,jaguar,CAM-008,2024-02-11,1317,516,336,332
GUYRA-SYN-004841,puma,CAM-050,2024-05-20,538,492,439,136
GUYRA-SYN-004842,capybara,CAM-017,2024-12-18,990,273,188,280
GUYRA-SYN-004843,tapir,CAM-030,2024-09-11,821,521,153,214
GUYRA-SYN-004844,tapir,CAM-018,2024-11-24,1298,999,258,148
GUYRA-SYN-004845,brocket_deer,CAM-035,2024-06-21,766,957,209,417
GUYRA-SYN-004846,capybara,CAM-021,2024-03-08,1762,296,374,287
GUYRA-SYN-004847,tapir,CAM-023,2024-09-01,1708,704,348,482
GUYRA-SYN-004848,anteater,CAM-020,2024-08-12,1900,1027,150,434
GUYRA-SYN-004849,brocket_deer,CAM-026,2024-01-05,1612,537,421,427
GUYRA-SYN-004850,jaguar,CAM-050,2024-04-14,343,488,209,479
GUYRA-SYN-004851,capybara,CAM-042,2024-11-10,909,3,253,109
GUYRA-SYN-004852,brocket_deer,CAM-007,2024-05-13,1652,910,424,466
GUYRA-SYN-004853,jaguar,CAM-017,2024-12-16,1371,1001,468,455
GUYRA-SYN-004854,puma,CAM-019,2024-02-18,715,654,392,274
GUYRA-SYN-004855,jaguar,CAM-034,2024-12-07,1022,580,290,465
GUYRA-SYN-004856,brocket_deer,CAM-003,2024-02-15,52,391,411,298
GUYRA-SYN-004857,jaguar,CAM-002,2024-02-15,712,63,437,120
GUYRA-SYN-004858,jaguar,CAM-029,2024-12-02,784,942,393,430
GUYRA-SYN-004859,tapir,CAM-037,2024-01-16,1112,885,458,405
GUYRA-SYN-004860,puma,CAM-034,2024-06-11,1392,200,303,460
GUYRA-SYN-004861,puma,CAM-008,2024-12-26,747,484,440,381
GUYRA-SYN-004862,anteater,CAM-028,2024-08-13,1386,511,280,201
GUYRA-SYN-004863,brocket_deer,CAM-032,2024-04-12,1800,729,460,369
GUYRA-SYN-004864,anteater,CAM-027,2024-01-16,118,930,165,168
GUYRA-SYN-004865,anteater,CAM-035,2024-04-09,1595,174,209,218
GUYRA-SYN-004866,tapir,CAM-007,2024-04-20,14,152,239,197
GUYRA-SYN-004867,jaguar,CAM-039,2024-08-28,634,337,352,425
GUYRA-SYN-004868,tapir,CAM-040,2024-04-14,829,460,260,345
GUYRA-SYN-004869,capybara,CAM-050,2024-12-19,847,904,493,132
GUYRA-SYN-004870,capybara,CAM-018,2024-09-01,401,22,440,126
GUYRA-SYN-004871,brocket_deer,CAM-044,2024-12-08,1647,745,496,421
GUYRA-SYN-004872,brocket_deer,CAM-024,2024-09-27,314,798,112,362
GUYRA-SYN-004873,puma,CAM-022,2024-03-22,850,485,473,341
GUYRA-SYN-004874,anteater,CAM-017,2024-12-25,1638,139,172,359
GUYRA-SYN-004875,anteater,CAM-025,2024-07-19,212,181,164,444
GUYRA-SYN-004876,puma,CAM-013,2024-03-03,540,340,265,181
GUYRA-SYN-004877,brocket_deer,CAM-006,2024-02-19,1001,300,270,416
GUYRA-SYN-004878,tapir,CAM-026,2024-06-15,540,558,293,290
GUYRA-SYN-004879,capybara,CAM-014,2024-03-12,1405,649,243,246
GUYRA-SYN-004880,jaguar,CAM-008,2024-09-04,1632,701,143,209
GUYRA-SYN-004881,brocket_deer,CAM-029,2024-04-17,37,692,173,129
GUYRA-SYN-004882,puma,CAM-036,2024-11-21,1105,205,453,403
GUYRA-SYN-004883,puma,CAM-029,2024-12-14,1050,616,499,151
GUYRA-SYN-004884,anteater,CAM-050,2024-05-28,1017,164,233,295
GUYRA-SYN-004885,capybara,CAM-009,2024-03-01,152,534,438,367
GUYRA-SYN-004886,puma,CAM-013,2024-04-11,546,122,149,156
GUYRA-SYN-004887,puma,CAM-029,2024-03-18,424,797,105,200
GUYRA-SYN-004888,jaguar,CAM-033,2024-08-25,808,596,339,347
GUYRA-SYN-004889,jaguar,CAM-047,2024-10-01,863,989,322,155
GUYRA-SYN-004890,anteater,CAM-016,2024-08-13,295,764,101,347
GUYRA-SYN-004891,brocket_deer,CAM-042,2024-08-23,1716,134,425,313
GUYRA-SYN-004892,puma,CAM-007,2024-08-05,85,577,379,368
GUYRA-SYN-004893,anteater,CAM-026,2024-09-02,1345,613,152,356
GUYRA-SYN-004894,brocket_deer,CAM-037,2024-04-02,463,331,298,252
GUYRA-SYN-004895,capybara,CAM-022,2024-07-09,1259,879,339,252
GUYRA-SYN-004896,jaguar,CAM-038,2024-10-03,821,75,265,467
GUYRA-SYN-004897,capybara,CAM-049,2024-04-20,1396,41,298,228
GUYRA-SYN-004898,anteater,CAM-003,2024-10-24,1453,996,430,107
GUYRA-SYN-004899,puma,CAM-020,2024-03-11,1667,234,461,405
GUYRA-SYN-004900,brocket_deer,CAM-044,2024-01-04,1131,141,477,291
GUYRA-SYN-004901,anteater,CAM-037,2024-02-07,813,291,396,300
GUYRA-SYN-004902,brocket_deer,CAM-001,2024-08-09,358,241,270,226
GUYRA-SYN-004903,jaguar,CAM-039,2024-04-21,1845,815,473,170
GUYRA-SYN-004904,tapir,CAM-011,2024-07-26,7,287,189,157
GUYRA-SYN-004905,brocket_deer,CAM-037,2024-12-25,51,1044,333,287
GUYRA-SYN-004906,tapir,CAM-033,2024-01-05,1771,474,201,495
GUYRA-SYN-004907,tapir,CAM-035,2024-04-25,1031,610,198,449
GUYRA-SYN-004908,anteater,CAM-041,2024-02-01,836,741,329,222
GUYRA-SYN-004909,tapir,CAM-006,2024-08-10,692,519,293,393
GUYRA-SYN-004910,puma,CAM-050,2024-12-23,706,250,113,183
GUYRA-SYN-004911,capybara,CAM-006,2024-05-02,1858,181,177,378
GUYRA-SYN-004912,puma,CAM-013,2024-02-19,676,752,362,425
GUYRA-SYN-004913,anteater,CAM-046,2024-08-19,1184,24,212,273
GUYRA-SYN-004914,anteater,CAM-030,2024-02-16,1902,1009,141,348
GUYRA-SYN-004915,capybara,CAM-002,2024-04-02,707,841,356,331
GUYRA-SYN-004916,jaguar,CAM-037,2024-05-03,265,519,457,295
GUYRA-SYN-004917,jaguar,CAM-022,2024-02-13,518,474,489,424
GUYRA-SYN-004918,capybara,CAM-036,2024-10-11,427,489,329,297
GUYRA-SYN-004919,anteater,CAM-017,2024-02-25,1141,928,491,306
GUYRA-SYN-004920,brocket_deer,CAM-030,2024-11-14,1756,124,104,298
GUYRA-SYN-004921,tapir,CAM-015,2024-05-11,1343,931,446,425
GUYRA-SYN-004922,capybara,CAM-015,2024-02-21,1561,967,489,221
GUYRA-SYN-004923,jaguar,CAM-015,2024-04-06,541,860,483,469
GUYRA-SYN-004924,capybara,CAM-029,2024-06-25,1023,540,274,159
GUYRA-SYN-004925,jaguar,CAM-020,2024-09-09,1836,88,400,255
GUYRA-SYN-004926,capybara,CAM-029,2024-12-26,444,239,377,147
GUYRA-SYN-004927,tapir,CAM-025,2024-01-28,698,592,183,347
GUYRA-SYN-004928,jaguar,CAM-030,2024-10-25,1738,737,396,467
GUYRA-SYN-004929,tapir,CAM-031,2024-07-27,240,215,155,126
GUYRA-SYN-004930,brocket_deer,CAM-037,2024-08-13,628,920,285,248
GUYRA-SYN-004931,capybara,CAM-048,2024-06-14,699,944,176,362
GUYRA-SYN-004932,anteater,CAM-030,2024-03-06,793,430,251,359
GUYRA-SYN-004933,tapir,CAM-018,2024-11-01,1552,416,396,105
GUYRA-SYN-004934,anteater,CAM-033,2024-05-22,778,714,479,313
GUYRA-SYN-004935,jaguar,CAM-028,2024-07-24,1208,372,432,467
GUYRA-SYN-004936,brocket_deer,CAM-005,2024-04-17,270,839,500,380
GUYRA-SYN-004937,brocket_deer,CAM-003,2024-10-25,1765,906,325,333
GUYRA-SYN-004938,brocket_deer,CAM-039,2024-06-15,83,420,391,389
GUYRA-SYN-004939,brocket_deer,CAM-010,2024-07-08,1017,959,401,194
GUYRA-SYN-004940,capybara,CAM-049,2024-08-03,1372,174,128,324
GUYRA-SYN-004941,puma,CAM-023,2024-02-05,1134,859,188,195
GUYRA-SYN-004942,capybara,CAM-003,2024-07-18,1845,343,247,203
GUYRA-SYN-004943,puma,CAM-015,2024-04-22,1589,495,126,173
GUYRA-SYN-004944,puma,CAM-040,2024-10-08,516,573,294,111
GUYRA-SYN-004945,brocket_deer,CAM-046,2024-01-27,1737,773,389,232
GUYRA-SYN-004946,capybara,CAM-015,2024-11-01,816,704,435,166
GUYRA-SYN-004947,puma,CAM-022,2024-08-18,1802,802,265,498
GUYRA-SYN-004948,puma,CAM-039,2024-05-03,279,1035,275,224
GUYRA-SYN-004949,brocket_deer,CAM-046,2024-01-02,1608,783,235,229
GUYRA-SYN-004950,anteater,CAM-036,2024-06-10,1088,980,499,274
GUYRA-SYN-004951,puma,CAM-007,2024-02-19,1293,1065,105,231
GUYRA-SYN-004952,puma,CAM-024,2024-06-10,1852,293,371,103
GUYRA-SYN-004953,tapir,CAM-016,2024-08-14,1556,619,167,286
GUYRA-SYN-004954,tapir,CAM-002,2024-08-18,1760,868,381,371
GUYRA-SYN-004955,capybara,CAM-029,2024-09-13,56,369,121,217
GUYRA-SYN-004956,capybara,CAM-038,2024-03-06,250,510,138,346
GUYRA-SYN-004957,jaguar,CAM-006,2024-10-23,1850,667,386,305
GUYRA-SYN-004958,brocket_deer,CAM-014,2024-10-25,1181,269,376,341
GUYRA-SYN-004959,anteater,CAM-034,2024-08-06,1883,1063,354,203
GUYRA-SYN-004960,capybara,CAM-005,2024-05-26,322,634,390,285
GUYRA-SYN-004961,brocket_deer,CAM-012,2024-10-27,231,970,441,395
GUYRA-SYN-004962,brocket_deer,CAM-020,2024-05-04,874,17,220,199
GUYRA-SYN-004963,puma,CAM-035,2024-09-17,13,964,102,109
GUYRA-SYN-004964,tapir,CAM-006,2024-12-02,366,1079,349,259
GUYRA-SYN-004965,tapir,CAM-044,2024-02-05,43,301,448,181
GUYRA-SYN-004966,capybara,CAM-046,2024-11-25,7,168,470,350
GUYRA-SYN-004967,tapir,CAM-020,2024-06-09,136,815,241,371
GUYRA-SYN-004968,brocket_deer,CAM-040,2024-03-22,1771,139,128,237
GUYRA-SYN-004969,brocket_deer,CAM-027,2024-03-28,955,654,432,478
GUYRA-SYN-004970,jaguar,CAM-050,2024-02-12,350,830,448,448
GUYRA-SYN-004971,anteater,CAM-029,2024-05-09,349,104,217,469
GUYRA-SYN-004972,brocket_deer,CAM-004,2024-08-18,1860,699,249,476
GUYRA-SYN-004973,anteater,CAM-013,2024-04-01,1173,762,359,352
GUYRA-SYN-004974,puma,CAM-016,2024-12-18,442,814,373,462
GUYRA-SYN-004975,capybara,CAM-001,2024-07-02,1629,180,232,271
GUYRA-SYN-004976,brocket_deer,CAM-039,2024-03-08,275,821,348,138
GUYRA-SYN-004977,tapir,CAM-048,2024-11-18,700,1024,460,151
GUYRA-SYN-004978,anteater,CAM-041,2024-08-01,195,747,122,469
GUYRA-SYN-004979,jaguar,CAM-037,2024-07-16,1247,989,442,167
GUYRA-SYN-004980,jaguar,CAM-040,2024-03-12,150,267,123,161
GUYRA-SYN-004981,anteater,CAM-010,2024-09-24,1476,722,164,221
GUYRA-SYN-004982,puma,CAM-046,2024-03-19,921,7,237,394
GUYRA-SYN-004983,capybara,CAM-013,2024-08-19,697,1035,182,403
GUYRA-SYN-004984,jaguar,CAM-022,2024-09-21,1860,761,265,163
GUYRA-SYN-004985,jaguar,CAM-028,2024-04-26,1237,908,142,244
GUYRA-SYN-004986,anteater,CAM-011,2024-01-26,955,684,335,254
GUYRA-SYN-004987,capybara,CAM-008,2024-05-06,612,957,221,398
GUYRA-SYN-004988,brocket_deer,CAM-011,2024-07-05,708,163,364,379
GUYRA-SYN-004989,puma,CAM-045,2024-02-06,615,962,472,330
GUYRA-SYN-004990,puma,CAM-049,2024-11-14,1450,944,345,187
GUYRA-SYN-004991,tapir,CAM-020,2024-04-21,626,404,422,275
GUYRA-SYN-004992,tapir,CAM-040,2024-08-17,1014,337,409,292
GUYRA-SYN-004993,tapir,CAM-031,2024-02-11,1851,831,485,464
GUYRA-SYN-004994,tapir,CAM-015,2024-09-28,1385,88,180,414
GUYRA-SYN-004995,anteater,CAM-004,2024-04-09,1900,38,428,251
GUYRA-SYN-004996,puma,CAM-019,2024-08-19,1769,857,125,420
GUYRA-SYN-004997,jaguar,CAM-047,2024-01-19,587,19,407,133
GUYRA-SYN-004998,brocket_deer,CAM-045,2024-06-16,467,978,312,165
GUYRA-SYN-004999,tapir,CAM-011,2024-07-13,1422,283,164,287
